collision-id,report-number,report-version,is-preliminary,ncic-code,crash-date-time,crash-time-description,beat,city-id,city-code,city-name,county-code,city-is-active,city-is-incorporated,collision-type-code,collision-type-description,collision-type-other-desc,day-of-week,dispatch-notified,has-photographs,hit-run,is-attachments-mailed,is-deleted,is-highway-related,is-tow-away,judicial-district,motor-vehicle-involved-with-code,motor-vehicle-involved-with-desc,motor-vehicle-involved-with-other-desc,number-injured,number-killed,lighting-code,lighting-description,latitude,longitude,milepost-direction,milepost-distance,milepost-marker,milepost-unit-of-measure,pedestrian-action-code,pedestrian-action-desc,prepared-date,primary-collision-factor-code,primary-collision-factor-description,primary-collision-factor-is-cited,primary-collision-party-number,primary-road,reporting-district,reporting-district-code,reviewed-date,roadway-surface-code,secondary-direction,secondary-distance,secondary-road,secondary-unit-of-measure,sketch-desc,traffic-control-device-code,created-date,modified-date,is-county-road,is-freeway,chp-555-version,is-additonal-object-struck,notification-date,notification-time-description,has-digital-media-files,evidence-number,is-location-refer-to-narrative,is-aoi-one-same-as-location
164589,9370-2016-6165,1,False,9370,4/20/2016 6:49:00 AM,649,178,14,109,Oakland,1,True,True,C,REAR END,,Wednesday,NotApplicable,False,,,False,True,True,Oakland Superior,C,OTHER MOTOR VEHICLE,,0,0,A,DAYLIGHT,37.4288,-122.33425,,,,,A,NO PEDESTRIANS INVOLVED,4/20/2016 12:00:00 AM,A,22350,False,1,I-880 S/B,,,4/25/2016 10:22:12 AM,A,N,300.0,Adeline St,F,,D,4/25/2016 10:22:40 AM,4/25/2016 10:22:40 AM,,,2,,,,,,,
164577,9370-2016-6164,3,False,9370,4/20/2016 8:10:00 AM,810,176,14,109,Oakland,1,True,True,C,REAR END,,Wednesday,NotApplicable,False,,,False,True,False,Oakland Superior,C,OTHER MOTOR VEHICLE,,0,0,A,DAYLIGHT,37.74092,-122.19523,,,,,A,NO PEDESTRIANS INVOLVED,4/20/2016 12:00:00 AM,A,21658(a),False,1,I-880 N/B TO HEGENBERGER RD,,,5/20/2016 12:22:36 PM,A,W,14.0,Edes Ave,F,,A,4/25/2016 10:14:39 AM,5/20/2016 12:22:49 PM,,,2,,,,,,,
164559,9370-2016-6076,1,False,9370,4/14/2016 7:31:00 AM,731,176,14,109,Oakland,1,True,True,C,REAR END,,Thursday,NotApplicable,False,,,False,True,False,Oakland Superior,C,OTHER MOTOR VEHICLE,,0,0,A,DAYLIGHT,37.7423,-122.1975,,,,,A,NO PEDESTRIANS INVOLVED,4/14/2016 12:00:00 AM,A,22350 VC,False,1,I-880 n/b FROM W/B HEGENBERGER ROAD,,,4/25/2016 10:04:28 AM,B,N,226.0,HEGENBERGER ROAD,F,,A,4/25/2016 10:05:04 AM,4/25/2016 10:05:04 AM,,,2,,,,,,,
164430,9370-2016-6138,1,False,9370,4/18/2016 8:29:00 AM,829,176,14,109,Oakland,1,True,True,B,SIDE SWIPE,,Monday,NotApplicable,False,M,,False,True,False,Oakland Superior,C,OTHER MOTOR VEHICLE,,0,0,A,DAYLIGHT,37.77104,-122.22215,,,,,A,NO PEDESTRIANS INVOLVED,4/18/2016 12:00:00 AM,A,21658(a),False,2,I-880 N/B FROM HIGH ST,,,4/25/2016 9:00:46 AM,A,N,1093.0,High St,F,,D,4/25/2016 9:01:28 AM,4/25/2016 9:01:28 AM,,,2,,,,,,,
164195,9370-2016-6121,1,False,9370,4/16/2016 9:11:00 PM,2111,55,14,109,Oakland,1,True,True,C,REAR END,,Saturday,NotApplicable,False,M,,False,True,False,Oakland Superior,C,OTHER MOTOR VEHICLE,,0,0,D,DARK-NO STREET LIGHTS,37.827317,-122.284679,,,,,A,NO PEDESTRIANS INVOLVED,4/16/2016 12:00:00 AM,A,22350 VC,False,1,I-580 westbound,,,4/24/2016 8:16:36 PM,A,W,250.0,hollis street,F,,D,4/24/2016 8:17:10 PM,4/24/2016 8:17:10 PM,,,2,,,,,,,
164190,9370-2016-6187,1,False,9370,4/17/2016 12:18:00 AM,18,901,14,109,Oakland,1,True,True,E,HIT OBJECT,,Sunday,NotApplicable,False,,,False,False,False,Oakland Superior,I,FIXED OBJECT,RAISED CURB,0,0,C,DARK-STREET LIGHTS,37.8162,-122.2681,,,,,A,NO PEDESTRIANS INVOLVED,4/17/2016 12:00:00 AM,A,22350,False,1,27th St- 500 Block,,,4/24/2016 7:52:11 PM,A,W,28.0,Telegraph Ave,F,,A,4/24/2016 7:52:52 PM,4/24/2016 7:52:52 PM,,,2,,,,,,,
164164,9370-2016-6223,1,False,9370,4/23/2016 12:20:00 PM,1220,81,14,109,Oakland,1,True,True,C,REAR END,,Saturday,NotApplicable,False,,,False,True,True,Oakland Superior,C,OTHER MOTOR VEHICLE,,0,0,A,DAYLIGHT,37.869598,-122.304817,,,,,A,NO PEDESTRIANS INVOLVED,4/23/2016 12:00:00 AM,A,22350,False,1,I-80 W/B,,,4/24/2016 4:30:22 PM,A,E,1000.0,University Ave,F,,D,4/24/2016 4:30:53 PM,4/24/2016 4:30:53 PM,,,2,,,,,,,
164161,9370-2016-6215,2,False,9370,4/22/2016 3:30:00 PM,1530,176,14,109,Oakland,1,True,True,B,SIDE SWIPE,,Friday,NotApplicable,False,M,,False,True,False,Oakland Superior,C,OTHER MOTOR VEHICLE,,0,0,A,DAYLIGHT,37.76991,-122.22176,,,,,A,NO PEDESTRIANS INVOLVED,4/22/2016 12:00:00 AM,A,21658(a),False,1,I-880 S/B,,,4/30/2016 5:49:37 PM,A,N,700.0,High St,F,,D,4/24/2016 4:17:14 PM,4/30/2016 5:49:48 PM,,,2,,,,,,,
164079,9370-2016-6219,1,False,9370,4/23/2016 6:00:00 PM,1800,8,14,109,Oakland,1,True,True,C,REAR END,,Saturday,NotApplicable,False,,,False,True,False,Oakland Superior,C,OTHER MOTOR VEHICLE,,0,0,A,DAYLIGHT,37.825138,-122.307279,,,,,A,NO PEDESTRIANS INVOLVED,4/23/2016 12:00:00 AM,A,22350,False,1,I-80 W/B,,,4/24/2016 8:57:47 AM,A,E,900.0,W. GRAND AVENUE,F,,D,4/24/2016 8:58:23 AM,4/24/2016 8:58:23 AM,,,2,,,,,,,
164060,9370-2016-6102,1,False,9370,4/15/2016 6:10:00 PM,1810,23,14,109,Oakland,1,True,True,B,SIDE SWIPE,,Friday,NotApplicable,False,M,,False,True,False,Oakland Superior,C,OTHER MOTOR VEHICLE,,0,0,A,DAYLIGHT,37.862273,-122.209171,,,,,A,NO PEDESTRIANS INVOLVED,4/15/2016 12:00:00 AM,A,21658(a),False,,SR-24 E/B,,,4/23/2016 8:01:28 PM,A,E,410.0,FISH RANCH ROAD,F,,D,4/23/2016 8:02:05 PM,4/23/2016 8:02:05 PM,,,2,,,,,,,
164055,9370-2016-6134,1,False,9370,4/15/2016 5:55:00 PM,1755,98,14,109,Oakland,1,True,True,C,REAR END,,Friday,NotApplicable,False,,,False,True,False,Oakland Superior,C,OTHER MOTOR VEHICLE,,0,0,A,DAYLIGHT,37.49209,-122.16064,,,,,A,NO PEDESTRIANS INVOLVED,4/15/2016 12:00:00 AM,A,22350,False,2,I-980 E/B to I-580 W/B,,,4/23/2016 7:03:42 PM,A,W,10.0,34th Street,F,,D,4/23/2016 7:04:25 PM,4/23/2016 7:04:25 PM,,,2,,,,,,,
164047,9370-2016-6216,1,False,9370,4/23/2016 8:55:00 AM,855,177,14,109,Oakland,1,True,True,B,SIDE SWIPE,,Saturday,NotApplicable,False,M,,False,True,False,Oakland Superior,C,OTHER MOTOR VEHICLE,,0,0,A,DAYLIGHT,37.78396,-122.24111,,,,,A,NO PEDESTRIANS INVOLVED,4/23/2016 12:00:00 AM,A,21658(a),False,1,I-880 S/B,,,4/23/2016 6:39:07 PM,A,N,2000.0,23rd Ave,F,,D,4/23/2016 6:39:37 PM,4/23/2016 6:39:37 PM,,,2,,,,,,,
164044,9370-2016-6120,1,False,9370,4/17/2016 4:10:00 PM,1610,176,14,109,Oakland,1,True,True,C,REAR END,,Sunday,NotApplicable,False,M,,False,True,False,Oakland Superior,C,OTHER MOTOR VEHICLE,,0,0,A,DAYLIGHT,37.75859,-122.21231,,,,,A,NO PEDESTRIANS INVOLVED,4/17/2016 12:00:00 AM,A,22350,False,1,I-880 S/B,,,4/23/2016 6:15:04 PM,A,N,300.0,66th Ave,F,,D,4/23/2016 6:15:38 PM,4/23/2016 6:15:38 PM,,,2,,,,,,,
164002,9370-2016-6208,1,False,9370,4/22/2016 3:20:00 PM,1520,24,14,109,Oakland,1,True,True,C,REAR END,,Friday,NotApplicable,False,,,False,True,False,Oakland Superior,C,OTHER MOTOR VEHICLE,,1,0,A,DAYLIGHT,37.84861,-122.22784,,,,,A,NO PEDESTRIANS INVOLVED,4/22/2016 12:00:00 AM,A,22350,False,1,SR-24 E/B,,,4/23/2016 1:16:28 PM,A,E,20.0,SR-13 N/B,F,,D,4/23/2016 1:17:02 PM,4/23/2016 1:17:02 PM,,,2,,,,,,,
163978,9370-2016-6203,1,False,9370,4/22/2016 1:30:00 PM,1330,54,14,109,Oakland,1,True,True,B,SIDE SWIPE,,Friday,NotApplicable,True,M,,False,True,False,Oakland Superior,C,OTHER MOTOR VEHICLE,,0,0,A,DAYLIGHT,37.48341,-122.14424,,,,,A,NO PEDESTRIANS INVOLVED,4/22/2016 12:00:00 AM,A,21658(a),False,1,I-580 W/B,,,4/23/2016 12:25:27 PM,B,E,400.0,Lakeshore Ave,F,,D,4/23/2016 12:26:39 PM,4/23/2016 12:26:39 PM,,,2,,,,,,,
163916,9370-2016-6199,1,False,9370,4/22/2016 4:10:00 PM,1610,54,14,109,Oakland,1,True,True,C,REAR END,,Friday,NotApplicable,False,,,False,True,False,Oakland Superior,C,OTHER MOTOR VEHICLE,,0,0,A,DAYLIGHT,37.490605,-122.151227,,,,,A,NO PEDESTRIANS INVOLVED,4/22/2016 12:00:00 AM,A,22350,False,2,I-580 E/B,,,4/22/2016 8:39:24 PM,A,E,360.0,Oakland Ave,F,,D,4/22/2016 8:40:11 PM,4/22/2016 8:40:11 PM,,,2,,,,,,,
163911,9370-2016-6189,1,False,9370,4/22/2016 3:20:00 AM,320,55,14,109,Oakland,1,True,True,C,REAR END,,Friday,NotApplicable,False,M,,False,True,False,Oakland Superior,C,OTHER MOTOR VEHICLE,,0,0,C,DARK-STREET LIGHTS,37.807047,-122.238938,,,,,A,NO PEDESTRIANS INVOLVED,4/22/2016 12:00:00 AM,A,22350,False,1,I-580 EB,,,4/22/2016 8:06:32 PM,A,W,1700.0,PARK BOULEVARD,F,,D,4/22/2016 8:07:07 PM,4/22/2016 8:07:07 PM,,,2,,,,,,,
163886,9370-2016-6182,1,False,9370,4/21/2016 4:20:00 PM,1620,176,14,109,Oakland,1,True,True,C,REAR END,,Thursday,NotApplicable,False,M,,False,True,False,Oakland Superior,C,OTHER MOTOR VEHICLE,,0,0,A,DAYLIGHT,37.72966,-122.18711,,,,,A,NO PEDESTRIANS INVOLVED,4/21/2016 12:00:00 AM,A,22350,False,1,I-880 S/B,,,4/22/2016 6:22:24 PM,A,S,450.0,98th Ave,F,,D,4/22/2016 6:22:59 PM,4/22/2016 6:22:59 PM,,,2,,,,,,,
163882,9370-2016-6198,1,False,9370,4/22/2016 12:45:00 PM,1245,81,14,109,Oakland,1,True,True,B,SIDE SWIPE,,Friday,NotApplicable,False,,,False,True,True,Oakland Superior,C,OTHER MOTOR VEHICLE,,0,0,A,DAYLIGHT,37.84898,-122.29933,,,,,A,NO PEDESTRIANS INVOLVED,4/22/2016 12:00:00 AM,A,22350,False,1,I-80 W/B FROM ASHBY AVE.,,,4/22/2016 6:04:54 PM,B,W,95.0,I-80 W/B,F,,D,4/22/2016 6:05:24 PM,4/22/2016 6:05:24 PM,,,2,,,,,,,
163870,9370-2016-6197,1,False,9370,4/22/2016 1:00:00 PM,1300,55,14,109,Oakland,1,True,True,C,REAR END,,Friday,NotApplicable,False,,,False,True,True,Oakland Superior,C,OTHER MOTOR VEHICLE,,0,0,A,DAYLIGHT,37.49355,-122.16383,,,,,A,NO PEDESTRIANS INVOLVED,4/22/2016 12:00:00 AM,A,21658(a),False,1,I-580 W/B,,,4/22/2016 5:15:33 PM,B,E,150.0,San Pablo Ave.,F,,D,4/22/2016 5:16:03 PM,4/22/2016 5:16:03 PM,,,2,,,,,,,
163833,9370-2016-6196,1,False,9370,4/22/2016 9:45:00 AM,945,13,14,109,Oakland,1,True,True,E,HIT OBJECT,,Friday,NotApplicable,False,M,,False,True,True,Oakland Superior,I,FIXED OBJECT,CONCRETE WALL,0,0,A,DAYLIGHT,37.83478,-122.21846,,,,,A,NO PEDESTRIANS INVOLVED,4/22/2016 12:00:00 AM,A,21658(a),False,1,SR-13 N/B,,,4/22/2016 4:22:43 PM,A,N,920.0,Moraga Ave,F,,D,4/22/2016 4:23:17 PM,4/22/2016 4:23:17 PM,,,2,,,,,,,
163816,9370-2016-6181,1,False,9370,4/21/2016 2:35:00 PM,1435,177,14,109,Oakland,1,True,True,C,REAR END,,Thursday,NotApplicable,False,,,False,True,False,Oakland Superior,C,OTHER MOTOR VEHICLE,,0,0,A,DAYLIGHT,37.77999,-122.23808,,,,,A,NO PEDESTRIANS INVOLVED,4/21/2016 12:00:00 AM,A,22350,False,1,I-880 N/B,,,4/22/2016 3:54:19 PM,A,N,650.0,23rd Ave,F,,D,4/22/2016 3:54:53 PM,4/22/2016 3:54:53 PM,,,2,,,,,,,
163589,9370-2016-6195,1,False,9370,4/22/2016 9:20:00 AM,920,52,14,109,Oakland,1,True,True,C,REAR END,,Friday,NotApplicable,False,,,False,True,True,Oakland Superior,C,OTHER MOTOR VEHICLE,,0,0,A,DAYLIGHT,37.778477,-122.168639,,,,,A,NO PEDESTRIANS INVOLVED,4/22/2016 12:00:00 AM,A,22350,False,1,I-580 W/B,,,4/22/2016 1:07:49 PM,A,W,1470.0,Edwards Ave,F,,D,4/22/2016 1:08:21 PM,4/22/2016 1:08:21 PM,,,2,,,,,,,
163577,9370-2016-6193,1,False,9370,4/22/2016 8:05:00 AM,805,52,14,109,Oakland,1,True,True,C,REAR END,,Friday,NotApplicable,False,,,False,True,False,Oakland Superior,C,OTHER MOTOR VEHICLE,,0,0,A,DAYLIGHT,37.763718,-122.15044,,,,,A,NO PEDESTRIANS INVOLVED,4/22/2016 12:00:00 AM,A,22350,False,1,I-580 E/B,,,4/22/2016 12:52:36 PM,A,E,1015.0,Fontaine St,F,,D,4/22/2016 12:53:10 PM,4/22/2016 12:53:10 PM,,,2,,,,,,,
163550,9370-2016-6191,1,False,9370,4/21/2016 2:30:00 PM,1430,178,14,109,Oakland,1,True,True,B,SIDE SWIPE,,Thursday,NotApplicable,False,,,False,True,True,Oakland Superior,C,OTHER MOTOR VEHICLE,,0,0,A,DAYLIGHT,37.484385,-122.181273,,,,,A,NO PEDESTRIANS INVOLVED,4/22/2016 12:00:00 AM,A,21658(a),False,1,I-880 S/B,,,4/22/2016 12:17:23 PM,A,N,1550.0,7th Ave,F,,D,4/22/2016 12:18:07 PM,4/22/2016 12:18:07 PM,,,2,,,,,,,
163527,9370-2016-6190,1,False,9370,4/21/2016 10:00:00 AM,1000,176,14,109,Oakland,1,True,True,C,REAR END,,Thursday,NotApplicable,False,,,False,True,False,Oakland Superior,C,OTHER MOTOR VEHICLE,,0,0,A,DAYLIGHT,37.463551,-122.140936,,,,,A,NO PEDESTRIANS INVOLVED,4/21/2016 12:00:00 AM,A,22350,False,1,I-880 N/B,,,4/22/2016 11:34:20 AM,A,S,375.0,23rd Av Ovps,F,,D,4/22/2016 11:35:49 AM,4/22/2016 11:35:49 AM,,,2,,,,,,,
163518,9370-2016-6192,1,False,9370,4/21/2016 5:45:00 PM,1745,53,14,109,Oakland,1,True,True,B,SIDE SWIPE,,Thursday,NotApplicable,False,,,False,True,True,Oakland Superior,C,OTHER MOTOR VEHICLE,,0,0,A,DAYLIGHT,37.47488,-122.12431,,,,,A,NO PEDESTRIANS INVOLVED,4/21/2016 12:00:00 AM,A,21658(a),False,1,I-580 E/B,,,4/22/2016 11:25:22 AM,A,E,500.0,Boston Ave.,F,,D,4/22/2016 11:25:53 AM,4/22/2016 11:25:53 AM,,,2,,,,,,,
163469,9370-2016-6185,1,False,9370,4/21/2016 5:05:00 PM,1705,55,14,109,Oakland,1,True,True,C,REAR END,,Thursday,NotApplicable,False,,,False,True,True,Oakland Superior,C,OTHER MOTOR VEHICLE,,0,0,A,DAYLIGHT,37.49266,-122.16112,,,,,A,NO PEDESTRIANS INVOLVED,4/21/2016 12:00:00 AM,A,22350,False,1,I-580 W/B,,,4/22/2016 10:47:02 AM,A,W,400.0,Telegraph Ave.,F,,D,4/22/2016 10:47:37 AM,4/22/2016 10:47:37 AM,,,2,,,,,,,
163336,9370-2016-6176,1,False,9370,4/17/2016 12:30:00 PM,1230,179,14,109,Oakland,1,True,True,E,HIT OBJECT,,Sunday,NotApplicable,False,,,False,True,True,Oakland Superior,I,FIXED OBJECT,CONCRETE WALL,0,0,A,DAYLIGHT,37.493596,-122.172738,,,,,A,NO PEDESTRIANS INVOLVED,4/17/2016 12:00:00 AM,A,22107,False,1,I-880 N/B TO I-80 E/B,,,4/22/2016 9:08:08 AM,A,N,2850.0,WEST GRAND AVE,F,,D,4/22/2016 9:08:40 AM,4/22/2016 9:08:40 AM,,,2,,,,,,,
163328,9370-2016-6177,1,False,9370,4/17/2016 1:50:00 PM,1350,176,14,109,Oakland,1,True,True,C,REAR END,,Sunday,Yes,False,F,,False,True,True,Oakland Superior,C,OTHER MOTOR VEHICLE,,1,0,A,DAYLIGHT,37.44292,-122.114985,,,,,A,NO PEDESTRIANS INVOLVED,4/17/2016 12:00:00 AM,A,22350,False,1,I-880 S/B,,,4/22/2016 9:01:40 AM,A,N,280.0,Hegenberger Rd,F,,D,4/22/2016 9:02:20 AM,4/22/2016 9:02:20 AM,,,2,,,,,,,
163307,9370-2016-6013,1,False,9370,4/10/2016 3:02:00 AM,302,55,14,109,Oakland,1,True,True,C,REAR END,,Sunday,Yes,False,,,False,True,True,Oakland Superior,C,OTHER MOTOR VEHICLE,,1,0,C,DARK-STREET LIGHTS,37.825587,-122.272855,,,,,E,IN ROAD - INCLUDES SHOULDER,4/10/2016 12:00:00 AM,A,22350,True,1,I-580 W/B,,,4/22/2016 8:50:09 AM,B,W,175.0,WEST STREET,F,,D,4/22/2016 8:50:58 AM,4/22/2016 8:50:58 AM,,,2,,,,,,,
163264,9370-2016-6041,1,False,9370,4/11/2016 9:50:00 PM,2150,24,14,109,Oakland,1,True,True,E,HIT OBJECT,,Monday,NotApplicable,False,M,,False,True,False,Oakland Superior,J,OTHER OBJECT,Drywall Debris,0,0,C,DARK-STREET LIGHTS,37.853231,-122.221969,,,,,A,NO PEDESTRIANS INVOLVED,4/11/2016 12:00:00 AM,A,23114(a),False,1,SR-24 W/B,,,4/22/2016 8:17:30 AM,A,W,1800.0,CALDECOTT LANE,F,,D,4/22/2016 8:18:12 AM,4/22/2016 8:18:12 AM,,,2,,,,,,,
163252,9370-2016-6130,1,False,9370,4/8/2016 12:00:00 AM,2500,52,14,109,Oakland,1,True,True,F,OVERTURNED,,Friday,NotApplicable,False,M,,False,True,True,Oakland Superior,I,FIXED OBJECT,ROADWAY,0,0,C,DARK-STREET LIGHTS,37.737375,-122.14107,,,,,A,NO PEDESTRIANS INVOLVED,4/8/2016 12:00:00 AM,A,22107,False,1,I-580 E/B FROM MACARTHUR BLVD,,,4/22/2016 8:04:17 AM,A,W,1800.0,dutton avenue,F,,D,4/22/2016 8:05:07 AM,4/22/2016 8:05:07 AM,,,2,,,,,,,
163150,9370-2016-6032,1,False,9370,4/10/2016 6:40:00 PM,1840,55,14,109,Oakland,1,True,True,B,SIDE SWIPE,,Sunday,NotApplicable,False,M,,False,True,False,Oakland Superior,C,OTHER MOTOR VEHICLE,,0,0,A,DAYLIGHT,37.815557,-122.2512,,,,,A,NO PEDESTRIANS INVOLVED,4/10/2016 12:00:00 AM,A,21658(a),False,1,I-580 W/B,,,4/21/2016 9:33:49 PM,A,W,300.0,Chetwood St,F,,D,4/21/2016 9:34:19 PM,4/21/2016 9:34:19 PM,,,2,,,,,,,
163139,9370-2016-6118,1,False,9370,4/16/2016 8:28:00 PM,2028,8,14,109,Oakland,1,True,True,C,REAR END,,Saturday,NotApplicable,False,,,False,True,False,Oakland Superior,C,OTHER MOTOR VEHICLE,,0,0,D,DARK-NO STREET LIGHTS,37.825105,-122.313464,,,,,A,NO PEDESTRIANS INVOLVED,4/16/2016 12:00:00 AM,A,22350 VC,False,1,I-80 westbound,,,4/21/2016 8:02:22 PM,A,E,110.0,S.F.O.B.B. toll plaza,F,,D,4/21/2016 8:03:33 PM,4/21/2016 8:03:33 PM,,,2,,,,,,,
163124,9370-2016-6157,1,False,9370,4/19/2016 9:14:00 PM,2114,8,14,109,Oakland,1,True,True,B,SIDE SWIPE,,Tuesday,NotApplicable,False,M,,False,True,False,Oakland Superior,C,OTHER MOTOR VEHICLE,,0,0,C,DARK-STREET LIGHTS,37.8288,-122.2938,,,,,A,NO PEDESTRIANS INVOLVED,4/19/2016 12:00:00 AM,A,21658(a),False,1,I-80 W/B,,,4/21/2016 6:59:09 PM,A,W,3500.0,Powell Street,F,,D,4/21/2016 6:59:39 PM,4/21/2016 6:59:39 PM,,,2,,,,,,,
163098,9370-2016-6163,1,False,9370,4/20/2016 9:48:00 AM,948,176,14,109,Oakland,1,True,True,C,REAR END,,Wednesday,Yes,False,,,False,True,True,Oakland Superior,C,OTHER MOTOR VEHICLE,,1,0,A,DAYLIGHT,37.74117,-122.19681,,,,,A,NO PEDESTRIANS INVOLVED,4/20/2016 12:00:00 AM,A,22350,False,2,I-880 N/B,,,4/21/2016 5:40:45 PM,A,N,86.0,Hegenberger Rd,F,,D,4/21/2016 5:41:25 PM,4/21/2016 5:41:25 PM,,,2,,,,,,,
163085,9370-2016-6148,1,False,9370,4/19/2016 7:30:00 AM,730,55,14,109,Oakland,1,True,True,B,SIDE SWIPE,,Tuesday,NotApplicable,False,M,,False,True,False,Oakland Superior,C,OTHER MOTOR VEHICLE,,0,0,A,DAYLIGHT,37.49348,-122.17191,,,,,A,NO PEDESTRIANS INVOLVED,4/19/2016 12:00:00 AM,A,21658(a),False,1,I-580 E/B,,,4/21/2016 5:02:28 PM,A,W,3000.0,San Pablo Ave,F,,D,4/21/2016 5:02:58 PM,4/21/2016 5:02:58 PM,,,2,,,,,,,
162926,9370-2016-6180,1,False,9370,4/21/2016 9:44:00 AM,944,24,14,109,Oakland,1,True,True,E,HIT OBJECT,,Thursday,NotApplicable,False,,,False,True,True,Oakland Superior,I,FIXED OBJECT,STREET LIGHT,0,0,A,DAYLIGHT,37.84885,-122.24212,,,,,A,NO PEDESTRIANS INVOLVED,4/21/2016 12:00:00 AM,A,22107,False,1,SR-24 E/B FROM BROADWAY,,,4/21/2016 2:58:21 PM,B,E,18.0,Broadway,F,,D,4/21/2016 2:58:50 PM,4/21/2016 2:58:50 PM,,,2,,,,,,,
162916,9370-2016-6136,1,False,9370,4/18/2016 8:00:00 AM,800,901,14,109,Oakland,1,True,True,B,SIDE SWIPE,,Monday,NotApplicable,False,M,,False,False,False,Oakland Superior,C,OTHER MOTOR VEHICLE,,0,0,A,DAYLIGHT,37.834416,-122.263553,,,,,A,NO PEDESTRIANS INVOLVED,4/18/2016 12:00:00 AM,A,21650,False,1,47th street (500 block),,,4/21/2016 2:52:05 PM,A,E,40.0,Shattuck Ave,F,,D,4/21/2016 2:52:54 PM,4/21/2016 2:52:54 PM,,,2,,,,,,,
162908,9370-2016-6179,1,False,9370,4/21/2016 8:10:00 AM,810,52,14,109,Oakland,1,True,True,B,SIDE SWIPE,,Thursday,NotApplicable,False,,,False,True,False,Oakland Superior,C,OTHER MOTOR VEHICLE,,0,0,A,DAYLIGHT,37.774272,-122.159602,,,,,A,NO PEDESTRIANS INVOLVED,4/21/2016 12:00:00 AM,B,unsafe merge,,1,I-580 W/B,,,4/21/2016 2:47:53 PM,A,W,1230.0,Keller Ave,F,,D,4/21/2016 2:49:34 PM,4/21/2016 2:49:34 PM,,,2,,,,,,,
162886,9370-2016-6178,1,False,9370,4/21/2016 6:35:00 AM,635,178,14,109,Oakland,1,True,True,B,SIDE SWIPE,,Thursday,NotApplicable,False,,,False,True,False,Oakland Superior,C,OTHER MOTOR VEHICLE,,0,0,A,DAYLIGHT,37.823901,-122.302508,,,,,A,NO PEDESTRIANS INVOLVED,4/21/2016 12:00:00 AM,A,21755(a),False,1,i-880 n/b from W. gRAND AVENUE,,,4/21/2016 2:37:19 PM,A,N,680.0,Maritime St,F,,D,4/21/2016 2:37:55 PM,4/21/2016 2:37:55 PM,,,2,,,,,,,
162800,9370-2016-6025,1,False,9370,4/10/2016 2:35:00 AM,235,55,14,109,Oakland,1,True,True,B,SIDE SWIPE,,Sunday,NotApplicable,False,,,False,True,True,Oakland Superior,J,OTHER OBJECT,DISABLED VEHICLE,0,0,D,DARK-NO STREET LIGHTS,37.8254,-122.2728,,,,,A,NO PEDESTRIANS INVOLVED,4/10/2016 12:00:00 AM,C,,,,I-580 W/B,,,4/21/2016 1:52:31 PM,B,W,150.0,West St,F,,D,4/21/2016 1:53:02 PM,4/21/2016 1:53:02 PM,,,2,,,,,,,
162759,9370-2016-6027,1,False,9370,4/10/2016 2:32:00 AM,232,55,14,109,Oakland,1,True,True,E,HIT OBJECT,,Sunday,NotApplicable,False,,,False,True,True,Oakland Superior,J,OTHER OBJECT,DISABLED VEHICLE,0,0,D,DARK-NO STREET LIGHTS,37.8254,-122.2726,,,,,A,NO PEDESTRIANS INVOLVED,4/10/2016 12:00:00 AM,C,,,,I-580 W/B,,,4/21/2016 1:24:31 PM,B,W,120.0,West St,F,,D,4/21/2016 1:25:00 PM,4/21/2016 1:25:00 PM,,,2,,,,,,,
162702,9370-2016-6119,1,False,9370,4/17/2016 4:00:00 PM,1600,176,14,109,Oakland,1,True,True,C,REAR END,,Sunday,NotApplicable,False,,,False,True,False,Oakland Superior,C,OTHER MOTOR VEHICLE,,0,0,A,DAYLIGHT,37.75758,-122.21107,,,,,A,NO PEDESTRIANS INVOLVED,4/17/2016 12:00:00 AM,A,22350,False,1,I-880 N/B,,,4/21/2016 12:40:14 PM,A,N,1500.0,66th Ave,F,,D,4/21/2016 12:41:02 PM,4/21/2016 12:41:02 PM,,,2,,,,,,,
162645,9335-2016-5757,1,False,9335,4/17/2016 1:47:00 PM,1347,82,14,109,Oakland,1,True,True,B,SIDE SWIPE,,Sunday,NotApplicable,False,,,False,True,False,Oakland Superior,C,OTHER MOTOR VEHICLE,,0,0,A,DAYLIGHT,37.8181,-122.3537,,,,,A,NO PEDESTRIANS INVOLVED,4/17/2016 12:00:00 AM,A,21658(a),False,1,I-80 W/B,,,4/21/2016 12:02:55 PM,A,E,4476.0,Forest Rd,F,,D,4/21/2016 12:03:30 PM,4/21/2016 12:03:30 PM,,,2,,,,,,,