collision-id,report-number,report-version,is-preliminary,ncic-code,crash-date-time,crash-time-description,beat,city-id,city-code,city-name,county-code,city-is-active,city-is-incorporated,collision-type-code,collision-type-description,collision-type-other-desc,day-of-week,dispatch-notified,has-photographs,hit-run,is-attachments-mailed,is-deleted,is-highway-related,is-tow-away,judicial-district,motor-vehicle-involved-with-code,motor-vehicle-involved-with-desc,motor-vehicle-involved-with-other-desc,number-injured,number-killed,lighting-code,lighting-description,latitude,longitude,milepost-direction,milepost-distance,milepost-marker,milepost-unit-of-measure,pedestrian-action-code,pedestrian-action-desc,prepared-date,primary-collision-factor-code,primary-collision-factor-description,primary-collision-factor-is-cited,primary-collision-party-number,primary-road,reporting-district,reporting-district-code,reviewed-date,roadway-surface-code,secondary-direction,secondary-distance,secondary-road,secondary-unit-of-measure,sketch-desc,traffic-control-device-code,created-date,modified-date,is-county-road,is-freeway,chp-555-version,is-additonal-object-struck,notification-date,notification-time-description,has-digital-media-files,evidence-number,is-location-refer-to-narrative,is-aoi-one-same-as-location
183771,9370-2016-7240,1,False,9370,5/11/2016 8:10:00 AM,810,54,14,109,Oakland,1,True,True,C,REAR END,,Wednesday,NotApplicable,False,,,False,True,True,Oakland Superior,C,OTHER MOTOR VEHICLE,,0,0,A,DAYLIGHT,37.485546,-122.15409,,,,,A,NO PEDESTRIANS INVOLVED,5/11/2016 12:00:00 AM,A,22350,False,1,I-580 W/B,,,5/20/2016 9:55:01 AM,A,E,1425.0,Oakland Ave,F,,D,5/20/2016 9:55:35 AM,5/20/2016 9:55:35 AM,,,2,,,,,,,
181147,9370-2016-6355,1,False,9370,5/3/2016 9:25:00 PM,2125,98,14,109,Oakland,1,True,True,E,HIT OBJECT,,Tuesday,NotApplicable,False,,,False,True,False,Oakland Superior,I,FIXED OBJECT,CONCRETE WALL,1,0,D,DARK-NO STREET LIGHTS,37.475159,-122.162567,,,,,A,NO PEDESTRIANS INVOLVED,5/3/2016 12:00:00 AM,A,22107,False,1,I-980 W/B TO JACKSON ST.,,,5/17/2016 11:41:44 AM,A,E,370.0,Webster St,F,,D,5/17/2016 11:42:17 AM,5/17/2016 11:42:17 AM,,,2,,,,,,,
180794,9370-2016-7297,1,False,9370,5/11/2016 12:55:00 PM,1255,176,14,109,Oakland,1,True,True,C,REAR END,,Wednesday,NotApplicable,False,M,,False,True,True,Oakland Superior,C,OTHER MOTOR VEHICLE,,0,0,A,DAYLIGHT,37.17663,-122.54665,,,,,A,NO PEDESTRIANS INVOLVED,5/11/2016 12:00:00 AM,A,21658(a),False,1,I-880 N/B,,,5/17/2016 8:17:07 AM,A,S,1300.0,High St,F,,D,5/17/2016 8:17:48 AM,5/17/2016 8:17:48 AM,,,2,,,,,,,
180722,9370-2016-7229,1,False,9370,5/11/2016 4:32:00 PM,1632,177,14,109,Oakland,1,True,True,C,REAR END,,Wednesday,NotApplicable,False,,,False,True,False,Oakland Superior,C,OTHER MOTOR VEHICLE,,0,0,A,DAYLIGHT,37.473536,-122.154754,,,,,A,NO PEDESTRIANS INVOLVED,5/11/2016 12:00:00 AM,A,22350,False,1,I-880 N/B,,,5/17/2016 7:31:23 AM,A,S,0.23,Oak St,M,,D,5/17/2016 7:31:58 AM,5/17/2016 7:31:58 AM,,,2,,,,,,,
180671,9370-2016-6257,1,False,9370,4/26/2016 9:20:00 PM,2120,53,14,109,Oakland,1,True,True,E,HIT OBJECT,,Tuesday,NotApplicable,False,M,,False,True,True,Oakland Superior,I,FIXED OBJECT,CONCRETE WALL,0,0,D,DARK-NO STREET LIGHTS,37.801041,-122.229259,,,,,A,NO PEDESTRIANS INVOLVED,4/26/2016 12:00:00 AM,A,22107,False,1,I-580 E/B,,,5/17/2016 6:43:28 AM,A,W,65.0,Beaumont Ave,F,,D,5/17/2016 6:44:05 AM,5/17/2016 6:44:05 AM,,,2,,,,,,,
180329,9370-2016-6424,1,False,9370,5/6/2016 9:45:00 PM,2145,55,14,109,Oakland,1,True,True,E,HIT OBJECT,,Friday,Yes,False,,,False,True,True,Oakland Superior,I,FIXED OBJECT,CONCRETE wall,0,0,C,DARK-STREET LIGHTS,37.826693,-122.28803,,,,,A,NO PEDESTRIANS INVOLVED,5/8/2016 12:00:00 AM,A,23152(a),True,1,I-580 E/B to MacArthur Boulevard,,,5/16/2016 2:12:54 PM,A,E,410.0,Mandela Pky,F,,D,5/16/2016 2:13:30 PM,5/16/2016 2:13:30 PM,,,2,,,,,,,
179775,9370-2016-7257,1,False,9370,5/13/2016 8:50:00 PM,2050,177,14,109,Oakland,1,True,True,B,SIDE SWIPE,,Friday,NotApplicable,False,M,,False,True,False,Oakland Superior,C,OTHER MOTOR VEHICLE,,0,0,C,DARK-STREET LIGHTS,37.7813,-122.2388,,,,,A,NO PEDESTRIANS INVOLVED,5/13/2016 12:00:00 AM,A,21658(a),False,1,I-880 S/B,,,5/16/2016 8:18:05 AM,A,N,1330.0,23rd Ave,F,,D,5/16/2016 8:18:40 AM,5/16/2016 8:18:40 AM,,,2,,,,,,,
179742,9370-2016-7220,1,False,9370,5/10/2016 5:40:00 PM,1740,176,14,109,Oakland,1,True,True,C,REAR END,,Tuesday,NotApplicable,False,,,False,True,False,Oakland Superior,C,OTHER MOTOR VEHICLE,,0,0,A,DAYLIGHT,37.7734,-122.2264,,,,,A,NO PEDESTRIANS INVOLVED,5/10/2016 12:00:00 AM,A,22350,False,1,I-880 S/B,,,5/16/2016 7:59:25 AM,A,N,600.0,high street,F,,D,5/16/2016 7:59:57 AM,5/16/2016 7:59:57 AM,,,2,,,,,,,
179733,9370-2016-7249,1,False,9370,3/31/2016 1:30:00 PM,1330,55,14,109,Oakland,1,True,True,C,REAR END,,Thursday,NotApplicable,False,M,,False,True,False,Oakland Superior,C,OTHER MOTOR VEHICLE,,0,0,A,DAYLIGHT,37.827389,-122.285795,,,,,A,NO PEDESTRIANS INVOLVED,3/31/2016 12:00:00 AM,A,22350,False,1,I-580 W/B,,,5/16/2016 7:52:03 AM,A,W,660.0,Hollis St,F,,D,5/16/2016 7:52:32 AM,5/16/2016 7:52:32 AM,,,2,,,,,,,
179692,9335-2016-5920,1,False,9335,5/6/2016 1:50:00 AM,150,83,14,109,Oakland,1,True,True,C,REAR END,,Friday,NotApplicable,False,,,False,True,True,Oakland Superior,C,OTHER MOTOR VEHICLE,,0,0,C,DARK-STREET LIGHTS,37.819303,-122.345412,,,,,A,NO PEDESTRIANS INVOLVED,5/6/2016 12:00:00 AM,A,22350,False,1,I-80 E/B,,,5/16/2016 7:26:38 AM,A,E,1.0,YERBA BUENA ISLAND TUNNEL,M,,D,5/16/2016 7:27:20 AM,5/16/2016 7:27:20 AM,,,2,,,,,,,
179623,9370-2016-6064,1,False,9370,4/13/2016 8:25:00 AM,825,177,14,109,Oakland,1,True,True,B,SIDE SWIPE,,Wednesday,NotApplicable,False,M,,False,True,False,Oakland Superior,C,OTHER MOTOR VEHICLE,,0,0,A,DAYLIGHT,37.7967,-122.2696,,,,,A,NO PEDESTRIANS INVOLVED,4/13/2016 12:00:00 AM,A,22107 vc,False,1,I-880 N/B FROM JACKSON STREET,,,5/16/2016 6:37:29 AM,A,N,56.0,JACKSON STREET,F,,D,5/16/2016 6:38:16 AM,5/16/2016 6:38:16 AM,,,2,,,,,,,
179564,9370-2016-6327,1,False,9370,5/1/2016 7:03:00 PM,1903,177,14,109,Oakland,1,True,True,E,HIT OBJECT,,Sunday,Yes,False,,,False,True,True,Oakland Superior,I,FIXED OBJECT,3ft. concrete wall,1,0,A,DAYLIGHT,37.472447,-122.153005,,,,,A,NO PEDESTRIANS INVOLVED,5/1/2016 12:00:00 AM,A,23152(a),True,1,I-880 Northbound to 5th Avenue,,,5/15/2016 10:23:01 PM,A,S,400.0,5th Avenue,F,,D,5/15/2016 10:23:42 PM,5/15/2016 10:23:42 PM,,,2,,,,,,,
179563,9370-2016-6414,1,False,9370,5/5/2016 8:45:00 PM,2045,52,14,109,Oakland,1,True,True,B,SIDE SWIPE,,Thursday,Yes,False,,,False,True,True,Oakland Superior,C,OTHER MOTOR VEHICLE,,0,0,C,DARK-STREET LIGHTS,37.77086,-122.15471,,,,,A,NO PEDESTRIANS INVOLVED,5/8/2016 12:00:00 AM,A,23152(a),False,1,i-580 w/b to Keller AVenue,,,5/15/2016 10:18:33 PM,A,E,20.0,mountain boulevard,F,,D,5/15/2016 10:19:09 PM,5/15/2016 10:19:09 PM,,,2,,,,,,,
179494,9370-2016-7271,1,False,9370,5/15/2016 12:05:00 PM,1205,176,14,109,Oakland,1,True,True,C,REAR END,,Sunday,NotApplicable,False,,,False,True,False,Oakland Superior,C,OTHER MOTOR VEHICLE,,0,0,A,DAYLIGHT,37.455258,-122.125747,,,,,A,NO PEDESTRIANS INVOLVED,5/15/2016 12:00:00 AM,A,22350,False,1,I-880 N/B,,,5/15/2016 2:23:07 PM,A,S,2284.0,High St,F,,D,5/15/2016 2:23:46 PM,5/15/2016 2:23:46 PM,,,2,,,,,,,
179491,9370-2016-7270,1,False,9370,5/15/2016 9:40:00 AM,940,176,14,109,Oakland,1,True,True,E,HIT OBJECT,,Sunday,Yes,False,,,False,True,True,Oakland Superior,I,FIXED OBJECT,CONCRETE WALL,0,0,A,DAYLIGHT,37.463142,-122.140359,,,,,A,NO PEDESTRIANS INVOLVED,5/15/2016 12:00:00 AM,A,22107,False,1,I-880 S/B,,,5/15/2016 2:16:51 PM,A,S,970.0,23rd Av Ovps,F,,D,5/15/2016 2:17:24 PM,5/15/2016 2:17:24 PM,,,2,,,,,,,
179475,9370-2016-7265,1,False,9370,5/14/2016 1:33:00 PM,1333,176,14,109,Oakland,1,True,True,C,REAR END,,Saturday,NotApplicable,False,,,False,True,False,Oakland Superior,C,OTHER MOTOR VEHICLE,,0,0,A,DAYLIGHT,37.461388,-122.132102,,,,,A,NO PEDESTRIANS INVOLVED,5/14/2016 12:00:00 AM,A,22350,False,3,I-880 S/B,,,5/15/2016 1:24:58 PM,A,N,1425.0,42nd Ave,F,,D,5/15/2016 1:25:38 PM,5/15/2016 1:25:38 PM,,,2,,,,,,,
179457,9370-2016-7259,1,False,9370,5/13/2016 6:25:00 PM,1825,177,14,109,Oakland,1,True,True,C,REAR END,,Friday,NotApplicable,False,,,False,True,False,Oakland Superior,C,OTHER MOTOR VEHICLE,,0,0,A,DAYLIGHT,37.7878,-122.249,,,,,A,NO PEDESTRIANS INVOLVED,5/13/2016 12:00:00 AM,A,22350,False,1,I-880 S/B,,,5/15/2016 12:32:56 PM,A,N,1430.0,16th Ave,F,,D,5/15/2016 12:33:29 PM,5/15/2016 12:33:29 PM,,,2,,,,,,,
179442,9370-2016-7256,1,False,9370,5/13/2016 4:30:00 PM,1630,53,14,109,Oakland,1,True,True,C,REAR END,,Friday,Yes,False,,,False,True,True,Oakland Superior,C,OTHER MOTOR VEHICLE,,2,0,A,DAYLIGHT,37.79779,-122.2156,,,,,A,NO PEDESTRIANS INVOLVED,5/13/2016 12:00:00 AM,A,22350,False,1,I-580 E/B,,,5/15/2016 11:42:20 AM,A,E,50.0,Champion Street,F,,D,5/15/2016 11:43:01 AM,5/15/2016 11:43:01 AM,,,2,,,,,,,
179428,9370-2016-6421,1,False,9370,5/5/2016 6:20:00 AM,620,8,14,109,Oakland,1,True,True,B,SIDE SWIPE,,Thursday,NotApplicable,False,,,False,True,True,Oakland Superior,C,OTHER MOTOR VEHICLE,,0,0,A,DAYLIGHT,37.8258,-122.3024,,,,,A,NO PEDESTRIANS INVOLVED,5/5/2016 12:00:00 AM,A,21658(a),False,1,I-80 W/B,,,5/15/2016 10:30:52 AM,A,E,2080.0,W. Grand Ave,F,,D,5/15/2016 10:31:28 AM,5/15/2016 10:31:28 AM,,,2,,,,,,,
179423,9370-2016-7255,2,False,9370,5/13/2016 10:40:00 AM,1040,52,14,109,Oakland,1,True,True,B,SIDE SWIPE,,Friday,Yes,False,,,False,True,True,Oakland Superior,C,OTHER MOTOR VEHICLE,,1,0,A,DAYLIGHT,37.75093,-122.1516,,,,,A,NO PEDESTRIANS INVOLVED,5/13/2016 12:00:00 AM,A,21658(a),False,,I-580 W/B,,,6/12/2016 2:01:16 PM,A,E,1000.0,Golf Links Road,F,,D,5/15/2016 10:18:08 AM,6/12/2016 2:01:33 PM,,,2,,,,,,,
179347,9370-2016-6403,1,False,9370,5/7/2016 11:20:00 PM,2320,8,14,109,Oakland,1,True,True,C,REAR END,,Saturday,Yes,False,,,False,True,True,Oakland Superior,C,OTHER MOTOR VEHICLE,,2,0,C,DARK-STREET LIGHTS,37.825805,-122.304616,,,,,A,NO PEDESTRIANS INVOLVED,5/7/2016 12:00:00 AM,A,23152(a),True,1,I-80 W/B,,,5/14/2016 6:48:58 PM,B,E,700.0,W. GRAND AVENUE,F,,D,5/14/2016 6:49:43 PM,5/14/2016 6:49:43 PM,,,2,,,,,,,
179341,9370-2016-7254,1,False,9370,5/13/2016 9:00:00 AM,900,53,14,109,Oakland,1,True,True,B,SIDE SWIPE,,Friday,NotApplicable,False,,,False,True,False,Oakland Superior,C,OTHER MOTOR VEHICLE,,0,0,A,DAYLIGHT,37.79287,-122.20378,,,,,A,NO PEDESTRIANS INVOLVED,5/13/2016 12:00:00 AM,A,21658(a),False,1,I-580 W/B,,,5/14/2016 5:32:45 PM,A,W,300.0,35th Ave,F,,D,5/14/2016 5:33:36 PM,5/14/2016 5:33:36 PM,,,2,,,,,,,
179336,9370-2016-7252,1,False,9370,5/13/2016 9:12:00 AM,912,52,14,109,Oakland,1,True,True,C,REAR END,,Friday,NotApplicable,False,,,False,True,False,Oakland Superior,C,OTHER MOTOR VEHICLE,,0,0,A,DAYLIGHT,37.787382,-122.196779,,,,,A,NO PEDESTRIANS INVOLVED,5/13/2016 12:00:00 AM,A,22350,False,1,I-580 W/B,,,5/14/2016 5:15:46 PM,A,W,285.0,High St,F,,D,5/14/2016 5:16:17 PM,5/14/2016 5:16:17 PM,,,2,,,,,,,
179331,9370-2016-6423,1,False,9370,5/8/2016 9:20:00 PM,2120,8,14,109,Oakland,1,True,True,B,SIDE SWIPE,,Sunday,NotApplicable,False,M,,False,True,False,Oakland Superior,C,OTHER MOTOR VEHICLE,,0,0,D,DARK-NO STREET LIGHTS,37.826903,-122.297067,,,,,A,NO PEDESTRIANS INVOLVED,5/8/2016 12:00:00 AM,A,21658(a) VC,False,1,I-80 EASTBOUND,,,5/14/2016 4:53:22 PM,A,E,3714.0,the west grand avenue over-crossing,F,,D,5/14/2016 4:54:53 PM,5/14/2016 4:54:53 PM,,,2,,,,,,,
199760,9370-2016-7567,1,False,9370,6/9/2016 8:30:00 AM,830,13,14,109,Oakland,1,True,True,C,REAR END,,Thursday,NotApplicable,False,,,False,True,True,Oakland Superior,C,OTHER MOTOR VEHICLE,,1,0,A,DAYLIGHT,37.809855,-122.196479,,,,,A,NO PEDESTRIANS INVOLVED,6/9/2016 12:00:00 AM,A,21658(a),False,1,SR-13 N/B,,,6/13/2016 6:05:16 AM,A,S,300.0,Joaquin Miller Rd,F,,D,6/13/2016 6:05:53 AM,6/13/2016 6:05:53 AM,,,2,,,,,,,
199717,9370-2016-7280,1,False,9370,5/13/2016 3:35:00 PM,1535,901,14,109,Oakland,1,True,True,E,HIT OBJECT,,Friday,NotApplicable,False,,,False,False,True,Oakland Superior,E,PARKED MOTOR VEHICLE,,0,0,A,DAYLIGHT,37.7696,-122.1857,,,,,A,NO PEDESTRIANS INVOLVED,5/13/2016 12:00:00 AM,A,22107,False,1,64TH AVENUE (2600 BLOCK),,,6/12/2016 8:55:54 PM,A,S,175.0,Bancroft Ave,F,,D,6/12/2016 8:56:45 PM,6/12/2016 8:56:45 PM,,,2,,,,,,,
199716,9370-2016-7595,1,False,9370,6/11/2016 1:12:00 AM,112,176,14,109,Oakland,1,True,True,C,REAR END,,Saturday,Yes,False,,,False,True,True,Oakland Superior,C,OTHER MOTOR VEHICLE,,3,0,D,DARK-NO STREET LIGHTS,37.453774,-122.124921,,,,,E,IN ROAD - INCLUDES SHOULDER,6/11/2016 12:00:00 AM,A,22350,False,1,I-880 N/B,,,6/12/2016 8:50:21 PM,A,S,3425.0,High St,F,,D,6/12/2016 8:51:09 PM,6/12/2016 8:51:09 PM,,,2,,,,,,,
199674,9370-2016-7517,1,False,9370,6/3/2016 9:00:00 AM,900,54,14,109,Oakland,1,True,True,B,SIDE SWIPE,,Friday,Yes,False,,,False,True,True,Oakland Superior,C,OTHER MOTOR VEHICLE,,1,0,A,DAYLIGHT,37.80841,-122.24165,,,,,A,NO PEDESTRIANS INVOLVED,6/2/2016 12:00:00 AM,A,21658(a),False,1,I-580 W/B,,,6/12/2016 4:23:52 PM,A,E,1430.0,Lakeshore Ave,F,,D,6/12/2016 4:24:34 PM,6/12/2016 4:24:34 PM,,,2,,,,,,,
199661,9370-2016-7508,1,False,9370,6/3/2016 5:35:00 PM,1735,179,14,109,Oakland,1,True,True,C,REAR END,,Friday,NotApplicable,False,M,,False,True,True,Oakland Superior,C,OTHER MOTOR VEHICLE,,0,0,A,DAYLIGHT,37.830393,-122.293405,,,,,A,NO PEDESTRIANS INVOLVED,6/3/2016 12:00:00 AM,A,22350,False,1,I-880 N/B TO I-80 E/B,,,6/12/2016 2:57:41 PM,A,N,1285.0,BEACH STREET,F,,D,6/12/2016 2:58:23 PM,6/12/2016 2:58:23 PM,,,2,,,,,,,
199647,9370-2016-7367,1,False,9370,5/19/2016 10:00:00 AM,1000,901,14,109,Oakland,1,True,True,B,SIDE SWIPE,,Thursday,NotApplicable,False,,,False,True,False,Oakland Superior,C,OTHER MOTOR VEHICLE,,0,0,A,DAYLIGHT,37.818021,-122.179551,,,,,A,NO PEDESTRIANS INVOLVED,5/19/2016 12:00:00 AM,A,22107,False,,SKYLINE BOULEVARD,,,6/12/2016 1:57:14 PM,A,N,3515.0,JOAQUIN MILLER ROAD,F,,D,6/12/2016 1:58:06 PM,6/12/2016 1:58:06 PM,,,2,,,,,,,
199640,9370-2016-7442,1,False,9370,5/29/2016 11:30:00 AM,1130,176,14,109,Oakland,1,True,True,C,REAR END,,Sunday,NotApplicable,False,M,,False,True,False,Oakland Superior,C,OTHER MOTOR VEHICLE,,0,0,A,DAYLIGHT,37.471776,-122.197264,,,,,A,NO PEDESTRIANS INVOLVED,5/29/2016 12:00:00 AM,A,22350,False,1,I-880 N/B,,,6/12/2016 1:14:43 PM,A,N,300.0,Hegenberger Rd,F,,D,6/12/2016 1:15:25 PM,6/12/2016 1:15:25 PM,,,2,,,,,,,
199601,9335-2016-6075,1,False,9335,4/1/2016 4:10:00 PM,1610,82,14,109,Oakland,1,True,True,C,REAR END,,Friday,NotApplicable,True,M,,False,True,False,Oakland Superior,C,OTHER MOTOR VEHICLE,,0,0,A,DAYLIGHT,37.82414,-122.316874,,,,,A,NO PEDESTRIANS INVOLVED,4/1/2016 12:00:00 AM,A,22350,False,2,I-80 W/B,,,6/12/2016 11:04:44 AM,A,E,150.0,SFOBB METERING LIGHTS,F,,A,6/12/2016 11:05:15 AM,6/12/2016 11:05:15 AM,,,2,,,,,,,
199585,9370-2016-7577,1,False,9370,6/5/2016 9:00:00 PM,2100,177,14,109,Oakland,1,True,True,C,REAR END,,Sunday,NotApplicable,False,,,False,True,True,Oakland Superior,C,OTHER MOTOR VEHICLE,,0,0,C,DARK-STREET LIGHTS,37.477981,-122.143877,,,,,A,NO PEDESTRIANS INVOLVED,6/5/2016 12:00:00 AM,A,22350,False,1,I-880 S/B,,,6/12/2016 9:35:23 AM,A,S,150.0,16th Ave,F,,D,6/12/2016 9:35:57 AM,6/12/2016 9:35:57 AM,,,2,,,,,,,
199582,9370-2016-7582,1,False,9370,6/10/2016 12:15:00 PM,1215,98,14,109,Oakland,1,True,True,E,HIT OBJECT,,Friday,NotApplicable,False,,,False,True,False,Oakland Superior,J,OTHER OBJECT,TRASH CAN,0,0,A,DAYLIGHT,37.819668,-122.270059,,,,,A,NO PEDESTRIANS INVOLVED,6/10/2016 12:00:00 AM,A,22350,False,1,I-980 W/B,,,6/12/2016 9:24:46 AM,A,E,100.0,29th St,F,,D,6/12/2016 9:25:20 AM,6/12/2016 9:25:20 AM,,,2,,,,,,,
199508,9370-2016-7590,1,False,9370,6/11/2016 10:00:00 AM,1000,25,14,109,Oakland,1,True,True,C,REAR END,,Saturday,NotApplicable,False,,,False,True,False,Oakland Superior,C,OTHER MOTOR VEHICLE,,0,0,A,DAYLIGHT,37.82861,-122.26773,,,,,A,NO PEDESTRIANS INVOLVED,6/11/2016 12:00:00 AM,A,22350,False,2,SR-24 W/B to I-580,,,6/11/2016 5:52:49 PM,A,W,273.0,42nd St,F,,D,6/11/2016 5:53:40 PM,6/11/2016 5:53:40 PM,,,2,,,,,,,
199483,9370-2016-7506,1,False,9370,6/3/2016 12:02:00 PM,1202,53,14,109,Oakland,1,True,True,B,SIDE SWIPE,,Friday,NotApplicable,False,M,,False,True,False,Oakland Superior,C,OTHER MOTOR VEHICLE,,0,0,A,DAYLIGHT,37.48073,-122.13507,,,,,A,NO PEDESTRIANS INVOLVED,6/3/2016 12:00:00 AM,A,21658(a),False,2,I-580 E/B,,,6/11/2016 3:54:54 PM,A,E,234.0,13th Ave O/C,F,,D,6/11/2016 3:55:36 PM,6/11/2016 3:55:36 PM,,,2,,,,,,,
199468,9370-2016-7519,1,False,9370,6/5/2016 5:28:00 PM,1728,53,14,109,Oakland,1,True,True,B,SIDE SWIPE,,Sunday,Yes,False,,,False,True,True,Oakland Superior,C,OTHER MOTOR VEHICLE,,1,0,A,DAYLIGHT,37.480529,-122.134601,,,,,A,NO PEDESTRIANS INVOLVED,6/5/2016 12:00:00 AM,A,22107,False,2,I-580 W/B,,,6/11/2016 3:18:22 PM,A,W,37.0,Beaumont Ave,F,,D,6/11/2016 3:19:20 PM,6/11/2016 3:19:20 PM,,,2,,,,,,,
199388,9370-2016-7589,1,False,9370,6/10/2016 11:10:00 AM,1110,177,14,109,Oakland,1,True,True,B,SIDE SWIPE,,Friday,NotApplicable,False,,,False,True,False,Oakland Superior,C,OTHER MOTOR VEHICLE,,0,0,A,DAYLIGHT,37.480193,-122.164752,,,,,A,NO PEDESTRIANS INVOLVED,6/10/2016 12:00:00 AM,A,21658(a),False,2,I-880 N/B,,,6/11/2016 10:56:48 AM,A,S,980.0,Market St,F,,D,6/11/2016 11:02:16 AM,6/11/2016 11:02:16 AM,,,2,,,,,,,
199347,9370-2016-7500,1,False,9370,6/2/2016 7:50:00 PM,1950,53,14,109,Oakland,1,True,True,B,SIDE SWIPE,,Thursday,NotApplicable,False,,,False,True,False,Oakland Superior,C,OTHER MOTOR VEHICLE,,0,0,A,DAYLIGHT,37.787986,-122.19864,,,,,A,NO PEDESTRIANS INVOLVED,6/2/2016 12:00:00 AM,A,21658(a) VC,False,1,I-580 eastbound,,,6/11/2016 8:26:52 AM,A,W,848.0,high street,F,,D,6/11/2016 8:27:21 AM,6/11/2016 8:27:21 AM,,,2,,,,,,,
199342,9370-2016-7525,1,False,9370,6/5/2016 8:55:00 PM,2055,176,14,109,Oakland,1,True,True,B,SIDE SWIPE,,Sunday,NotApplicable,False,M,,False,True,False,Oakland Superior,C,OTHER MOTOR VEHICLE,,0,0,C,DARK-STREET LIGHTS,37.765981,-122.21816,,,,,A,NO PEDESTRIANS INVOLVED,6/5/2016 12:00:00 AM,B,UNSAFE PASSING,,1,I-880 N/B TO HIGH STREET,,,6/11/2016 8:19:17 AM,A,S,1000.0,High St,F,,D,6/11/2016 8:19:45 AM,6/11/2016 8:19:45 AM,,,2,,,,,,,
199340,9370-2016-7585,2,False,9370,6/4/2016 7:25:00 PM,1925,52,14,109,Oakland,1,True,True,C,REAR END,,Saturday,NotApplicable,False,,,False,True,True,Oakland Superior,C,OTHER MOTOR VEHICLE,,1,0,A,DAYLIGHT,37.746367,-122.149813,,,,,A,NO PEDESTRIANS INVOLVED,6/4/2016 12:00:00 AM,A,22350,False,1,I-580 E/B,,,7/1/2016 6:45:13 AM,A,W,565.0,106th Ave,F,,D,6/11/2016 8:14:33 AM,7/1/2016 6:46:53 AM,,,2,,,,,,,
199311,9370-2016-7514,2,False,9370,6/2/2016 6:40:00 PM,1840,52,14,109,Oakland,1,True,True,B,SIDE SWIPE,,Thursday,NotApplicable,False,M,,False,True,False,Oakland Superior,C,OTHER MOTOR VEHICLE,,0,0,A,DAYLIGHT,37.777965,-122.168016,,,,,A,NO PEDESTRIANS INVOLVED,6/2/2016 12:00:00 AM,A,21658(a),False,1,I-580 E/B,,,6/28/2016 9:04:26 AM,A,W,1225.0,Edwards Ave,F,,D,6/10/2016 9:02:25 PM,6/28/2016 9:04:29 AM,,,2,,,,,,,
199298,9370-2016-7523,1,False,9370,6/5/2016 6:58:00 PM,1858,8,14,109,Oakland,1,True,True,C,REAR END,,Sunday,NotApplicable,False,,,False,True,False,Oakland Superior,C,OTHER MOTOR VEHICLE,,0,0,A,DAYLIGHT,37.825076,-122.313676,,,,,A,NO PEDESTRIANS INVOLVED,6/5/2016 12:00:00 AM,A,22106 VC,False,1,I-80 westbound,,,6/10/2016 5:38:03 PM,A,E,52.0,the S.F.O.B.B. toll plaza,F,,D,6/10/2016 5:38:36 PM,6/10/2016 5:38:36 PM,,,2,,,,,,,
199258,9370-2016-7548,1,False,9370,6/7/2016 8:45:00 PM,2045,53,14,109,Oakland,1,True,True,C,REAR END,,Tuesday,NotApplicable,False,,,False,True,True,Oakland Superior,C,OTHER MOTOR VEHICLE,,0,0,C,DARK-STREET LIGHTS,37.792595,-122.20385,,,,,A,NO PEDESTRIANS INVOLVED,6/7/2016 12:00:00 AM,A,22350 VC,False,1,I-580 W/B,,,6/10/2016 3:44:18 PM,A,W,300.0,35th Ave,F,,D,6/10/2016 3:44:47 PM,6/10/2016 3:44:47 PM,,,2,,,,,,,
199230,9370-2016-7545,1,False,9370,6/7/2016 5:45:00 AM,545,81,14,109,Oakland,1,True,True,C,REAR END,,Tuesday,NotApplicable,False,,,False,True,True,Oakland Superior,C,OTHER MOTOR VEHICLE,,1,0,A,DAYLIGHT,37.881383,-122.308104,,,,,A,NO PEDESTRIANS INVOLVED,6/7/2016 12:00:00 AM,A,22350,False,1,I-80 W/B,,,6/10/2016 3:06:46 PM,A,E,1161.0,Gilman St,F,,D,6/10/2016 3:07:25 PM,6/10/2016 3:07:25 PM,,,2,,,,,,,