collision-id,report-number,report-version,is-preliminary,ncic-code,crash-date-time,crash-time-description,beat,city-id,city-code,city-name,county-code,city-is-active,city-is-incorporated,collision-type-code,collision-type-description,collision-type-other-desc,day-of-week,dispatch-notified,has-photographs,hit-run,is-attachments-mailed,is-deleted,is-highway-related,is-tow-away,judicial-district,motor-vehicle-involved-with-code,motor-vehicle-involved-with-desc,motor-vehicle-involved-with-other-desc,number-injured,number-killed,lighting-code,lighting-description,latitude,longitude,milepost-direction,milepost-distance,milepost-marker,milepost-unit-of-measure,pedestrian-action-code,pedestrian-action-desc,prepared-date,primary-collision-factor-code,primary-collision-factor-description,primary-collision-factor-is-cited,primary-collision-party-number,primary-road,reporting-district,reporting-district-code,reviewed-date,roadway-surface-code,secondary-direction,secondary-distance,secondary-road,secondary-unit-of-measure,sketch-desc,traffic-control-device-code,created-date,modified-date,is-county-road,is-freeway,chp-555-version,is-additonal-object-struck,notification-date,notification-time-description,has-digital-media-files,evidence-number,is-location-refer-to-narrative,is-aoi-one-same-as-location
340937,9335-2016-7666,1,False,9335,11/28/2016 10:07:00 AM,1007,82,14,109,Oakland,1,True,True,B,SIDE SWIPE,,Monday,NotApplicable,False,,,False,True,False,Oakland Superior,C,OTHER MOTOR VEHICLE,,0,0,A,DAYLIGHT,37.820643,-122.339775,,,,,A,NO PEDESTRIANS INVOLVED,11/28/2016 12:00:00 AM,A,21658(a),False,2,I-80 W/B,,,12/9/2016 6:45:02 AM,A,E,1.55,YERBA BUENA ISLAND,M,,D,12/9/2016 6:45:29 AM,12/9/2016 6:45:29 AM,,,2,,,,,,,
340763,9370-2016-9670,1,False,9370,12/6/2016 9:10:00 AM,910,8,14,109,Oakland,1,True,True,B,SIDE SWIPE,,Tuesday,NotApplicable,False,,,False,True,False,Oakland Superior,C,OTHER MOTOR VEHICLE,,0,0,A,DAYLIGHT,37.82488,-122.31069,,,,,A,NO PEDESTRIANS INVOLVED,12/6/2016 12:00:00 AM,A,21658(a),False,1,I-80 W/B,,,12/8/2016 3:55:44 PM,A,W,300.0,west grand avenue off ramp overcrossing,F,,D,12/8/2016 3:56:16 PM,12/8/2016 3:56:16 PM,,,2,,,,,,,
340370,9335-2016-7644,1,False,9370,11/25/2016 1:55:00 PM,1355,8,14,109,Oakland,1,True,True,B,SIDE SWIPE,,Friday,Yes,False,,,False,True,False,Oakland Superior,C,OTHER MOTOR VEHICLE,,0,0,A,DAYLIGHT,,,E,75.0,80 ALA 1.989,F,A,NO PEDESTRIANS INVOLVED,11/25/2016 12:00:00 AM,A,21658(a),False,1,I-80 W/B,,,12/8/2016 11:31:10 AM,A,E,75.0,SFOBB Toll Plaza,F,,D,12/8/2016 11:31:43 AM,12/8/2016 11:31:43 AM,,,2,,,,,,,
340182,9370-2016-9635,1,False,9370,12/3/2016 11:16:00 PM,2316,178,14,109,Oakland,1,True,True,B,SIDE SWIPE,,Saturday,NotApplicable,False,M,,False,True,False,Oakland Superior,C,OTHER MOTOR VEHICLE,,0,0,C,DARK-STREET LIGHTS,37.80233,-122.293802,,,,,A,NO PEDESTRIANS INVOLVED,12/3/2016 12:00:00 AM,A,21658(a),False,1,I-880 N/B,,,12/8/2016 9:31:04 AM,A,S,125.0,MANDELA PARKWAY,F,,D,12/8/2016 9:31:37 AM,12/8/2016 9:31:37 AM,,,2,,,,,,,
339685,9370-2016-9109,1,False,9370,10/19/2016 4:22:00 PM,1622,24,14,109,Oakland,1,True,True,B,SIDE SWIPE,,Wednesday,NotApplicable,False,M,,False,True,False,Oakland Superior,C,OTHER MOTOR VEHICLE,,0,0,A,DAYLIGHT,37.848663,-122.24274,,,,,A,NO PEDESTRIANS INVOLVED,10/19/2016 12:00:00 AM,A,21658(a),False,1,SR-24 E/B,,,12/7/2016 3:40:50 PM,A,W,906.0,Golden Gate Ave,F,,D,12/7/2016 3:43:43 PM,12/7/2016 3:43:43 PM,,,2,,,,,,,
339075,9370-2016-9413,1,False,9370,11/14/2016 11:00:00 PM,2300,176,14,109,Oakland,1,True,True,B,SIDE SWIPE,,Monday,NotApplicable,False,M,,False,True,True,Oakland Superior,I,FIXED OBJECT,CONCRETE BARRIER,0,0,C,DARK-STREET LIGHTS,37.775116,-122.232779,,,,,A,NO PEDESTRIANS INVOLVED,11/14/2016 12:00:00 AM,A,22107,False,1,i-880 n/b to 29th ave.,,,12/7/2016 10:12:30 AM,A,S,30.0,29th Ave,F,,D,12/7/2016 10:12:59 AM,12/7/2016 10:12:59 AM,,,2,,,,,,,
339060,9370-2016-9358,1,False,9370,11/9/2016 8:30:00 AM,830,53,14,109,Oakland,1,True,True,F,OVERTURNED,,Wednesday,Yes,False,,,False,True,True,Oakland Superior,J,OTHER OBJECT,asphalt roadway,1,0,A,DAYLIGHT,37.778661,-122.168795,,,,,A,NO PEDESTRIANS INVOLVED,11/9/2016 12:00:00 AM,A,22107,False,1,I-580 W/B,,,12/7/2016 10:06:31 AM,A,W,1500.0,Edwards Ave,F,,D,12/7/2016 10:07:10 AM,12/7/2016 10:07:10 AM,,,2,,,,,,,
338911,9370-2016-9580,1,False,9370,11/26/2016 3:37:00 PM,1537,176,14,109,Oakland,1,True,True,B,SIDE SWIPE,,Saturday,NotApplicable,False,M,,False,True,True,Oakland Superior,C,OTHER MOTOR VEHICLE,,1,0,A,DAYLIGHT,37.73281,-122.19013,,,,,A,NO PEDESTRIANS INVOLVED,11/26/2016 12:00:00 AM,A,21750,False,1,I-880 S/B FROM 98TH AVE.,,,12/7/2016 9:01:54 AM,B,N,520.0,98th Ave,F,,D,12/7/2016 9:03:48 AM,12/7/2016 9:03:48 AM,,,2,,,,,,,
338865,9370-2016-9594,1,False,9370,11/28/2016 6:15:00 PM,1815,53,14,109,Oakland,1,True,True,C,REAR END,,Monday,NotApplicable,False,M,,False,True,False,Oakland Superior,C,OTHER MOTOR VEHICLE,,1,0,D,DARK-NO STREET LIGHTS,37.78531,-122.192,,,,,A,NO PEDESTRIANS INVOLVED,11/28/2016 12:00:00 AM,A,22350,False,1,I-580 W/B FROM MACARTHUR BLVD.,,,12/7/2016 8:34:58 AM,A,W,997.0,Macarthur Blvd,F,,D,12/7/2016 8:35:31 AM,12/7/2016 8:35:31 AM,,,2,,,,,,,
338841,9370-2016-9605,1,False,9370,11/30/2016 6:30:00 PM,1830,53,14,109,Oakland,1,True,True,D,BROADSIDE,,Wednesday,NotApplicable,False,,,False,True,False,Oakland Superior,C,OTHER MOTOR VEHICLE,,0,0,D,DARK-NO STREET LIGHTS,37.778665,-122.168857,,,,,A,NO PEDESTRIANS INVOLVED,11/30/2016 12:00:00 AM,A,21658(a),False,1,I-580 W/B,,,12/7/2016 8:22:49 AM,A,W,1584.0,Edwards Ave,F,,D,12/7/2016 8:24:13 AM,12/7/2016 8:24:13 AM,,,2,,,,,,,
338769,9370-2016-9676,1,False,9370,12/6/2016 6:19:00 PM,1819,52,14,109,Oakland,1,True,True,C,REAR END,,Tuesday,NotApplicable,False,,,False,True,False,Oakland Superior,C,OTHER MOTOR VEHICLE,,0,0,C,DARK-STREET LIGHTS,37.45163,-122.9555,,,,,A,NO PEDESTRIANS INVOLVED,12/6/2016 12:00:00 AM,A,22350,False,2,I-580 W/B,,,12/7/2016 7:46:59 AM,A,E,0.22,Golf Links Rd,M,,D,12/7/2016 7:47:32 AM,12/7/2016 7:47:32 AM,,,2,,,,,,,
338754,9370-2016-9662,1,False,9370,12/5/2016 7:45:00 AM,745,178,14,109,Oakland,1,True,True,B,SIDE SWIPE,,Monday,NotApplicable,True,,,False,True,False,Oakland Superior,C,OTHER MOTOR VEHICLE,,0,0,A,DAYLIGHT,37.94675,-122.85468,,,,,A,NO PEDESTRIANS INVOLVED,12/5/2016 12:00:00 AM,A,22107,False,1,I-880 N/B to I-80 W/B,,,12/7/2016 7:36:22 AM,A,N,1000.0,Maritime St,F,,D,12/7/2016 7:37:04 AM,12/7/2016 7:37:04 AM,,,2,,,,,,,
338505,9370-2016-9661,1,False,9370,12/5/2016 8:30:00 AM,830,176,14,109,Oakland,1,True,True,C,REAR END,,Monday,NotApplicable,False,,,False,True,False,Oakland Superior,C,OTHER MOTOR VEHICLE,,0,0,A,DAYLIGHT,37.73937,-122.19503,,,,,A,NO PEDESTRIANS INVOLVED,12/5/2016 12:00:00 AM,A,22350,False,1,I-880 N/B,,,12/6/2016 4:11:55 PM,A,N,100.0,98th Ave,F,,D,12/6/2016 4:12:28 PM,12/6/2016 4:12:28 PM,,,2,,,,,,,
338403,9370-2016-9644,1,False,9370,12/3/2016 7:00:00 PM,1900,55,14,109,Oakland,1,True,True,B,SIDE SWIPE,,Saturday,NotApplicable,False,,,False,True,False,Oakland Superior,C,OTHER MOTOR VEHICLE,,0,0,D,DARK-NO STREET LIGHTS,37.827063,-122.279321,,,,,A,NO PEDESTRIANS INVOLVED,12/3/2016 12:00:00 AM,A,21658(a),False,1,I-580 W/B,,,12/6/2016 3:13:30 PM,A,E,110.0,ADLINE STREET,F,,D,12/6/2016 3:14:03 PM,12/6/2016 3:14:03 PM,,,2,,,,,,,
338385,9370-2016-9641,1,False,9370,12/3/2016 7:10:00 PM,1910,55,14,109,Oakland,1,True,True,B,SIDE SWIPE,,Saturday,Yes,False,,,False,False,True,Oakland Superior,C,OTHER MOTOR VEHICLE,,0,0,D,DARK-NO STREET LIGHTS,37.82344,-122.26328,,,,,A,NO PEDESTRIANS INVOLVED,12/3/2016 12:00:00 AM,A,21658(a),False,2,I-580 W/B TO I-980 W/B,,,12/6/2016 3:02:26 PM,A,W,340.0,Webster St,F,,D,12/6/2016 3:02:58 PM,12/6/2016 3:02:58 PM,,,2,,,,,,,
338286,9370-2016-9612,1,False,9370,12/1/2016 5:34:00 PM,1734,55,14,109,Oakland,1,True,True,C,REAR END,,Thursday,NotApplicable,False,,,False,True,False,Oakland Superior,C,OTHER MOTOR VEHICLE,,0,0,C,DARK-STREET LIGHTS,37.823265,-122.262971,,,,,A,NO PEDESTRIANS INVOLVED,12/1/2016 12:00:00 AM,A,22350,False,2,I-580 W/B,,,12/6/2016 2:21:18 PM,A,W,880.0,Broadway,F,,D,12/6/2016 2:21:50 PM,12/6/2016 2:21:50 PM,,,2,,,,,,,
338269,9370-2016-9607,1,False,9370,11/30/2016 10:35:00 PM,2235,177,14,109,Oakland,1,True,True,C,REAR END,,Wednesday,Yes,False,,,False,True,True,Oakland Superior,C,OTHER MOTOR VEHICLE,,1,0,D,DARK-NO STREET LIGHTS,37.47196,-122.14268,,,,,A,NO PEDESTRIANS INVOLVED,11/30/2016 12:00:00 AM,A,22350,False,1,I-880 N/B,,,12/6/2016 2:12:08 PM,A,S,1350.0,16th Ave,F,,D,12/6/2016 2:12:59 PM,12/6/2016 2:12:59 PM,,,2,,,,,,,
338158,9370-2016-9600,1,False,9370,11/30/2016 8:40:00 AM,840,176,14,109,Oakland,1,True,True,C,REAR END,,Wednesday,NotApplicable,False,,,False,True,False,Oakland Superior,C,OTHER MOTOR VEHICLE,,0,0,A,DAYLIGHT,37.756127,-122.211407,,,,,A,NO PEDESTRIANS INVOLVED,11/30/2016 12:00:00 AM,A,21658(a),False,2,I-880 N/B,,,12/6/2016 1:27:17 PM,A,N,1200.0,66th Ave,F,,D,12/6/2016 1:27:45 PM,12/6/2016 1:27:45 PM,,,2,,,,,,,
338104,9370-2016-9599,1,False,9370,11/30/2016 4:40:00 AM,440,54,14,109,Oakland,1,True,True,E,HIT OBJECT,,Wednesday,Yes,False,,,False,True,True,Oakland Superior,I,FIXED OBJECT,ASPHALT CURB,1,0,C,DARK-STREET LIGHTS,37.80364,-122.23286,,,,,A,NO PEDESTRIANS INVOLVED,11/30/2016 12:00:00 AM,A,22107,False,1,I-580 E/B,,,12/6/2016 1:03:53 PM,A,E,260.0,Park Ave,F,,D,12/6/2016 1:04:41 PM,12/6/2016 1:04:41 PM,,,2,,,,,,,
337726,9370-2016-9502,1,False,9370,11/22/2016 2:42:00 AM,242,54,14,109,Oakland,1,True,True,E,HIT OBJECT,,Tuesday,Yes,False,,,False,True,False,Oakland Superior,I,FIXED OBJECT,RAISED CURB,0,0,C,DARK-STREET LIGHTS,37.805208,-122.235592,,,,,A,NO PEDESTRIANS INVOLVED,11/22/2016 12:00:00 AM,A,23152(a),True,1,I-580 E/B TO PARK BLVD,,,12/6/2016 9:55:57 AM,A,W,650.0,Park Blvd,F,,D,12/6/2016 9:56:31 AM,12/6/2016 9:56:31 AM,,,2,,,,,,,
337705,9370-2016-9524,1,False,9370,11/23/2016 10:23:00 AM,1023,176,14,109,Oakland,1,True,True,C,REAR END,,Wednesday,Yes,False,,,False,True,False,Oakland Superior,C,OTHER MOTOR VEHICLE,,1,0,A,DAYLIGHT,37.768016,-122.219969,,,,,A,NO PEDESTRIANS INVOLVED,11/23/2016 12:00:00 AM,A,22350,False,1,I-880 N/B,,,12/6/2016 9:45:27 AM,A,S,550.0,High St,F,,D,12/6/2016 9:46:07 AM,12/6/2016 9:46:07 AM,,,2,,,,,,,
337364,9370-2016-9531,1,False,9370,11/23/2016 6:00:00 PM,1800,177,14,109,Oakland,1,True,True,B,SIDE SWIPE,,Wednesday,NotApplicable,False,,,False,True,False,Oakland Superior,C,OTHER MOTOR VEHICLE,,0,0,C,DARK-STREET LIGHTS,37.79591,-122.26853,,,,,A,NO PEDESTRIANS INVOLVED,11/23/2016 12:00:00 AM,A,21658(a),False,1,I-880 S/B,,,12/6/2016 6:08:14 AM,A,N,200.0,Madison St,F,,D,12/6/2016 6:09:07 AM,12/6/2016 6:09:07 AM,,,2,,,,,,,
337069,9370-2016-9617,1,False,9370,12/1/2016 11:55:00 PM,2355,177,14,109,Oakland,1,True,True,C,REAR END,,Thursday,NotApplicable,False,,,False,True,False,Oakland Superior,C,OTHER MOTOR VEHICLE,,2,0,C,DARK-STREET LIGHTS,37.789579,-122.255346,,,,,A,NO PEDESTRIANS INVOLVED,12/1/2016 12:00:00 AM,A,22350,False,1,I-880 N/B,,,12/5/2016 2:41:53 PM,A,S,1000.0,5th Ave,F,,D,12/5/2016 2:43:01 PM,12/5/2016 2:43:01 PM,,,2,,,,,,,
336975,9370-2016-9614,1,False,9370,11/26/2016 11:30:00 PM,2330,8,14,109,Oakland,1,True,True,C,REAR END,,Saturday,NotApplicable,False,M,,False,True,False,Oakland Superior,C,OTHER MOTOR VEHICLE,,0,0,E,DARK-STREET LIGHTS NOT FUNCTIONING*,37.82494,-122.313411,,,,,A,NO PEDESTRIANS INVOLVED,11/26/2016 12:00:00 AM,A,22106,False,2,I-80 W/B,,,12/5/2016 1:48:18 PM,B,E,100.0,Oakland San Fran Bay Bridge Toll Plaza,F,,A,12/5/2016 1:50:55 PM,12/5/2016 1:50:55 PM,,,2,,,,,,,
336823,9370-2016-9444,1,False,9370,11/18/2016 12:40:00 PM,1240,52,14,109,Oakland,1,True,True,C,REAR END,,Friday,Yes,False,,,False,True,True,Oakland Superior,C,OTHER MOTOR VEHICLE,,1,0,A,DAYLIGHT,37.78498,-122.191328,,,,,A,NO PEDESTRIANS INVOLVED,11/18/2016 12:00:00 AM,A,22350,False,1,I-580 W/B,,,12/5/2016 12:00:23 PM,A,E,400.0,High St,F,,D,12/5/2016 12:01:25 PM,12/5/2016 12:01:25 PM,,,2,,,,,,,
336798,9370-2016-9435,1,False,9370,11/16/2016 5:27:00 PM,1727,177,14,109,Oakland,1,True,True,C,REAR END,,Wednesday,Yes,False,,,False,True,True,Oakland Superior,C,OTHER MOTOR VEHICLE,,1,0,D,DARK-NO STREET LIGHTS,37.789731,-122.256161,,,,,A,NO PEDESTRIANS INVOLVED,11/16/2016 12:00:00 AM,A,22350,False,1,I-880 N/B,,,12/5/2016 11:45:47 AM,A,S,1120.0,5th Ave,F,,D,12/5/2016 11:46:28 AM,12/5/2016 11:46:28 AM,,,2,,,,,,,
336639,9335-2016-7543,1,False,9335,11/15/2016 8:55:00 AM,855,82,14,109,Oakland,1,True,True,F,OVERTURNED,,Tuesday,Yes,False,F,,False,True,True,Oakland Superior,A,NON-COLLISION,,1,0,A,DAYLIGHT,37.822988,-122.320682,,,,,A,NO PEDESTRIANS INVOLVED,11/15/2016 12:00:00 AM,A,21658(a),False,1,I-80 W/B,,,12/5/2016 10:04:37 AM,A,W,0.19,TOLL PLAZA METERING LIGHTS,M,,D,12/5/2016 10:05:38 AM,12/5/2016 10:05:38 AM,,,2,,,,,,,
336312,9370-2016-9547,1,False,9370,11/25/2016 11:00:00 PM,2300,179,14,109,Oakland,1,True,True,E,HIT OBJECT,,Friday,Yes,False,,,False,True,True,Oakland Superior,I,FIXED OBJECT,CONCRETE WALL,1,0,D,DARK-NO STREET LIGHTS,37.82952,-122.29317,,,,,A,NO PEDESTRIANS INVOLVED,11/25/2016 12:00:00 AM,A,23152(a),True,1,I-880 N/B TO I-80 E/B,,,12/4/2016 8:40:53 PM,A,S,2000.0,Powell St,F,,D,12/4/2016 8:41:36 PM,12/4/2016 8:41:36 PM,,,2,,,,,,,
336311,9370-2016-9563,1,False,9370,11/26/2016 6:50:00 AM,650,55,14,109,Oakland,1,True,True,E,HIT OBJECT,,Saturday,Yes,False,,,False,True,False,Oakland Superior,I,FIXED OBJECT,CONCRETE WALL,1,0,B,DUSK-DAWN,37.829855,-122.293323,,,,,A,NO PEDESTRIANS INVOLVED,11/26/2016 12:00:00 AM,A,22107,False,1,I-580 W/B TO I-80 E/B,,,12/4/2016 7:39:33 PM,B,W,2878.0,Powell St,F,,D,12/4/2016 7:40:13 PM,12/4/2016 7:40:13 PM,,,2,,,,,,,
336309,9370-2016-9551,1,False,9370,11/20/2016 10:45:00 PM,2245,8,14,109,Oakland,1,True,True,E,HIT OBJECT,,Sunday,NotApplicable,False,,,False,True,True,Oakland Superior,I,FIXED OBJECT,concrete wall,0,0,E,DARK-STREET LIGHTS NOT FUNCTIONING*,37.82843,-122.293538,,,,,A,NO PEDESTRIANS INVOLVED,11/20/2016 12:00:00 AM,A,22107,False,1,I-80 E/B,,,12/4/2016 6:39:17 PM,B,W,300.0,I-580 W/B to I-80 W/B,F,,D,12/4/2016 6:40:17 PM,12/4/2016 6:40:17 PM,,,2,,,,,,,
336303,9370-2016-9562,1,False,9370,11/27/2016 6:00:00 AM,600,98,14,109,Oakland,1,True,True,E,HIT OBJECT,,Sunday,NotApplicable,False,M,,False,True,True,Oakland Superior,I,FIXED OBJECT,Tree,0,0,A,DAYLIGHT,37.491264,-122.161234,,,,,A,NO PEDESTRIANS INVOLVED,11/27/2016 12:00:00 AM,A,22107,False,1,I-980 westbound to 27th St.,,,12/4/2016 6:08:02 PM,A,E,1176.0,27th St,F,,D,12/4/2016 6:08:33 PM,12/4/2016 6:08:33 PM,,,2,,,,,,,
336301,9370-2016-9305,1,False,9370,11/5/2016 12:30:00 AM,30,177,14,109,Oakland,1,True,True,E,HIT OBJECT,,Saturday,NotApplicable,False,M,,False,True,True,Oakland Superior,I,FIXED OBJECT,Concrete Barrier,0,0,C,DARK-STREET LIGHTS,37.795293,-122.267212,,,,,A,NO PEDESTRIANS INVOLVED,11/5/2016 12:00:00 AM,A,22107,False,1,I-880 S/B,,,12/4/2016 6:03:17 PM,A,N,500.0,Oak St,F,,D,12/4/2016 6:03:47 PM,12/4/2016 6:03:47 PM,,,2,,,,,,,
336285,9370-2016-9618,1,False,9370,12/1/2016 9:30:00 PM,2130,53,14,109,Oakland,1,True,True,B,SIDE SWIPE,,Thursday,NotApplicable,False,M,,False,True,False,Oakland Superior,C,OTHER MOTOR VEHICLE,,0,0,C,DARK-STREET LIGHTS,37.794593,-122.206177,,,,,A,NO PEDESTRIANS INVOLVED,12/1/2016 12:00:00 AM,A,21658(a),False,1,I-580 W/B,,,12/4/2016 4:58:58 PM,A,E,485.0,Maple Ave,F,,D,12/4/2016 4:59:35 PM,12/4/2016 4:59:35 PM,,,2,,,,,,,
336256,9370-2016-9624,1,False,9370,12/1/2016 11:00:00 AM,1100,98,14,109,Oakland,1,True,True,B,SIDE SWIPE,,Thursday,NotApplicable,False,,,False,True,False,Oakland Superior,C,OTHER MOTOR VEHICLE,,0,0,A,DAYLIGHT,37.823467,-122.265566,,,,,A,NO PEDESTRIANS INVOLVED,12/1/2016 12:00:00 AM,A,21658(a),False,2,I-980 E/B TO I-580 E/B,,,12/4/2016 2:51:31 PM,A,E,66.0,Telegraph Ave,F,,D,12/4/2016 2:52:07 PM,12/4/2016 2:52:07 PM,,,2,,,,,,,
336174,9370-2016-9633,1,False,9370,12/3/2016 12:10:00 PM,1210,80,14,109,Oakland,1,True,True,C,REAR END,,Saturday,NotApplicable,False,,,False,True,False,Oakland Superior,C,OTHER MOTOR VEHICLE,,0,0,A,DAYLIGHT,37.842857,-122.297677,,,,,A,NO PEDESTRIANS INVOLVED,12/3/2016 12:00:00 AM,A,22350,False,2,I-80 W/B,,,12/3/2016 9:30:55 PM,A,E,1700.0,Powell St,F,,D,12/3/2016 9:31:23 PM,12/3/2016 9:31:23 PM,,,2,,,,,,,
336031,9370-2016-9564,1,False,9370,11/27/2016 12:25:00 AM,25,54,14,109,Oakland,1,True,True,C,REAR END,,Sunday,NotApplicable,False,,,False,True,False,Oakland Superior,C,OTHER MOTOR VEHICLE,,0,0,C,DARK-STREET LIGHTS,37.813906,-122.251072,,,,,A,NO PEDESTRIANS INVOLVED,11/27/2016 12:00:00 AM,D,,,,I-580 E/B,,,12/2/2016 6:04:23 PM,B,W,1450.0,Grand Ave,F,,D,12/2/2016 6:04:51 PM,12/2/2016 6:04:51 PM,,,2,,,,,,,
335894,9370-2016-9608,1,False,9370,12/1/2016 8:28:00 AM,828,52,14,109,Oakland,1,True,True,C,REAR END,,Thursday,Yes,False,,,False,True,True,Oakland Superior,C,OTHER MOTOR VEHICLE,,1,0,A,DAYLIGHT,37.47222,-122.16522,,,,,A,NO PEDESTRIANS INVOLVED,12/1/2016 12:00:00 AM,A,22350,False,1,I-580 E/B,,,12/2/2016 2:14:14 PM,A,W,125.0,Davenport Ave.,F,,D,12/2/2016 2:14:53 PM,12/2/2016 2:14:53 PM,,,2,,,,,,,
335890,9370-2016-9395,1,False,9370,11/12/2016 4:50:00 PM,1650,8,14,109,Oakland,1,True,True,C,REAR END,,Saturday,NotApplicable,False,M,,False,True,False,Oakland Superior,C,OTHER MOTOR VEHICLE,,0,0,B,DUSK-DAWN,37.49302,-122.18471,,,,,A,NO PEDESTRIANS INVOLVED,11/12/2016 12:00:00 AM,A,22350,False,1,I-80 W/B,,,12/2/2016 2:03:40 PM,A,E,220.0,SFOBB Toll Plaza,F,,D,12/2/2016 2:04:15 PM,12/2/2016 2:04:15 PM,,,2,,,,,,,
335704,9335-2016-7508,1,False,9335,11/11/2016 5:45:00 AM,545,82,14,109,Oakland,1,True,True,B,SIDE SWIPE,,Friday,NotApplicable,True,M,,False,True,False,Oakland Superior,C,OTHER MOTOR VEHICLE,,0,0,C,DARK-STREET LIGHTS,37.823408,-122.31976,,,,,A,NO PEDESTRIANS INVOLVED,11/11/2016 12:00:00 AM,B,UNSAFE MERGE,,1,I-80 W/B,,,12/2/2016 11:02:37 AM,A,W,750.0,SFOBB METERING LIGHTS,F,,D,12/2/2016 11:03:17 AM,12/2/2016 11:03:17 AM,,,2,,,,,,,
335640,9370-2016-9542,1,False,9370,11/25/2016 8:46:00 AM,846,24,14,109,Oakland,1,True,True,E,HIT OBJECT,,Friday,Yes,False,,,False,True,True,Oakland Superior,I,FIXED OBJECT,CONCRETE WALL,0,0,A,DAYLIGHT,37.84886,-122.225268,,,,,A,NO PEDESTRIANS INVOLVED,11/25/2016 12:00:00 AM,C,,,,SR-24 E/B,,,12/2/2016 9:59:38 AM,A,E,675.0,SR-13 N/B,F,,D,12/2/2016 10:00:18 AM,12/2/2016 10:00:18 AM,,,2,,,,,,,
335334,9370-2016-9539,1,False,9370,11/24/2016 8:46:00 PM,2046,80,14,109,Oakland,1,True,True,C,REAR END,,Thursday,Yes,False,M,,False,True,True,Oakland Superior,C,OTHER MOTOR VEHICLE,,5,0,D,DARK-NO STREET LIGHTS,37.842372,-122.297498,,,,,A,NO PEDESTRIANS INVOLVED,11/24/2016 12:00:00 AM,A,22350,False,1,I-80 W/B,,,12/1/2016 9:15:52 PM,A,E,1530.0,POWELL ST.,F,,D,12/1/2016 9:17:02 PM,12/1/2016 9:17:02 PM,,,2,,,,,,,
335323,9370-2016-9587,1,False,9370,11/28/2016 7:02:00 PM,1902,24,14,109,Oakland,1,True,True,B,SIDE SWIPE,,Monday,NotApplicable,False,M,,False,True,False,Oakland Superior,C,OTHER MOTOR VEHICLE,,0,0,C,DARK-STREET LIGHTS,37.829431,-122.267597,,,,,A,NO PEDESTRIANS INVOLVED,11/28/2016 12:00:00 AM,A,21658(a),False,1,SR-24 W/B TO I-580,,,12/1/2016 8:57:21 PM,A,W,100.0,40th St,F,,D,12/1/2016 8:57:54 PM,12/1/2016 8:57:54 PM,,,2,,,,,,,
335313,9370-2016-9566,1,False,9370,11/27/2016 5:10:00 PM,1710,176,14,109,Oakland,1,True,True,C,REAR END,,Sunday,NotApplicable,False,,,False,True,False,Oakland Superior,C,OTHER MOTOR VEHICLE,,0,0,C,DARK-STREET LIGHTS,37.4529,-122.12414,,,,,A,NO PEDESTRIANS INVOLVED,11/27/2016 12:00:00 AM,A,22350,False,2,I-880 N/B,,,12/1/2016 8:32:26 PM,A,N,1810.0,66th Ave,F,,D,12/1/2016 8:33:03 PM,12/1/2016 8:33:03 PM,,,2,,,,,,,
335242,9370-2016-9472,1,False,9370,11/20/2016 1:50:00 AM,150,54,14,109,Oakland,1,True,True,C,REAR END,,Sunday,Yes,False,,,False,True,True,Oakland Superior,C,OTHER MOTOR VEHICLE,,2,0,C,DARK-STREET LIGHTS,37.80853,-122.24235,,,,,A,NO PEDESTRIANS INVOLVED,11/20/2016 12:00:00 AM,A,22350,False,1,I-580 W/B,,,12/1/2016 5:22:46 PM,A,E,1000.0,Lakeshore Ave,F,,D,12/1/2016 5:23:25 PM,12/1/2016 5:23:25 PM,,,2,,,,,,,
335093,9370-2016-9422,1,False,9370,11/15/2016 6:26:00 PM,1826,53,14,109,Oakland,1,True,True,C,REAR END,,Tuesday,NotApplicable,False,,,False,True,True,Oakland Superior,C,OTHER MOTOR VEHICLE,,0,0,D,DARK-NO STREET LIGHTS,37.800057,-122.224059,,,,,A,NO PEDESTRIANS INVOLVED,11/15/2016 12:00:00 AM,A,22350,False,1,I-580 W/B,,,12/1/2016 3:22:07 PM,A,E,90.0,Ardley Ave,F,,D,12/1/2016 3:22:48 PM,12/1/2016 3:22:48 PM,,,2,,,,,,,
334946,9370-2016-9360,1,False,9370,11/9/2016 12:20:00 AM,20,25,14,109,Oakland,1,True,True,G,VEHICLE/PEDESTRAIN,,Wednesday,Yes,False,,,False,True,False,Oakland Superior,B,PEDESTRIAN,,1,0,D,DARK-NO STREET LIGHTS,37.503091,-122.153268,,,,,E,IN ROAD - INCLUDES SHOULDER,11/10/2016 12:00:00 AM,A,21954(a),False,1,SR-24 E/B,,,12/1/2016 2:05:27 PM,A,W,807.0,claremont avenue,F,,D,12/1/2016 2:06:16 PM,12/1/2016 2:06:16 PM,,,2,,,,,,,