collision-id,report-number,report-version,is-preliminary,ncic-code,crash-date-time,crash-time-description,beat,city-id,city-code,city-name,county-code,city-is-active,city-is-incorporated,collision-type-code,collision-type-description,collision-type-other-desc,day-of-week,dispatch-notified,has-photographs,hit-run,is-attachments-mailed,is-deleted,is-highway-related,is-tow-away,judicial-district,motor-vehicle-involved-with-code,motor-vehicle-involved-with-desc,motor-vehicle-involved-with-other-desc,number-injured,number-killed,lighting-code,lighting-description,latitude,longitude,milepost-direction,milepost-distance,milepost-marker,milepost-unit-of-measure,pedestrian-action-code,pedestrian-action-desc,prepared-date,primary-collision-factor-code,primary-collision-factor-description,primary-collision-factor-is-cited,primary-collision-party-number,primary-road,reporting-district,reporting-district-code,reviewed-date,roadway-surface-code,secondary-direction,secondary-distance,secondary-road,secondary-unit-of-measure,sketch-desc,traffic-control-device-code,created-date,modified-date,is-county-road,is-freeway,chp-555-version,is-additonal-object-struck,notification-date,notification-time-description,has-digital-media-files,evidence-number,is-location-refer-to-narrative,is-aoi-one-same-as-location
359622,9370-2016-10116,1,False,9370,12/28/2016 7:00:00 PM,1900,176,14,109,Oakland,1,True,True,C,REAR END,,Wednesday,Yes,False,,,False,True,True,Oakland Superior,C,OTHER MOTOR VEHICLE,,1,0,C,DARK-STREET LIGHTS,37.768204,-122.220335,,,,,A,NO PEDESTRIANS INVOLVED,12/28/2016 12:00:00 AM,A,22350,False,1,I-880 S/B,,,1/3/2017 8:18:18 AM,A,S,800.0,High St,F,,D,1/3/2017 8:18:58 AM,1/3/2017 8:18:58 AM,,,2,,,,,,,
359596,9370-2016-10151,1,False,9370,12/28/2016 11:50:00 PM,2350,24,14,109,Oakland,1,True,True,B,SIDE SWIPE,,Wednesday,NotApplicable,False,,,False,True,True,Oakland Superior,C,OTHER MOTOR VEHICLE,,1,0,D,DARK-NO STREET LIGHTS,37.849349,-122.224317,,,,,A,NO PEDESTRIANS INVOLVED,12/28/2016 12:00:00 AM,A,21658(a),False,1,SR-24 W/B,,,1/3/2017 8:00:06 AM,A,E,1500.0,SR-13,F,,D,1/3/2017 8:01:34 AM,1/3/2017 8:01:34 AM,,,2,,,,,,,
359573,9370-2016-10108,1,False,9370,12/27/2016 6:55:00 AM,655,54,14,109,Oakland,1,True,True,E,HIT OBJECT,,Tuesday,NotApplicable,False,,,False,True,False,Oakland Superior,J,OTHER OBJECT,Light pole,0,0,D,DARK-NO STREET LIGHTS,37.81655,-122.25208,,,,,A,NO PEDESTRIANS INVOLVED,12/27/2016 12:00:00 AM,A,22350,False,1,I-580 E/B from W. MacArthur Blvd.,,,1/3/2017 7:40:40 AM,A,W,111.0,Chetwood St,F,,D,1/3/2017 7:41:39 AM,1/3/2017 7:41:39 AM,,,2,,,,,,,
359545,9370-2016-10106,1,False,9370,12/27/2016 6:10:00 PM,1810,176,14,109,Oakland,1,True,True,C,REAR END,,Tuesday,NotApplicable,False,,,False,True,False,Oakland Superior,C,OTHER MOTOR VEHICLE,,0,0,D,DARK-NO STREET LIGHTS,37.742,-122.1972,,,,,A,NO PEDESTRIANS INVOLVED,12/27/2016 12:00:00 AM,A,22350,False,1,I-880 N/B,,,1/3/2017 7:25:52 AM,A,N,300.0,Hegenberger O/C,F,,A,1/3/2017 7:26:26 AM,1/3/2017 7:26:26 AM,,,2,,,,,,,
359435,9370-2016-10103,1,False,9370,12/27/2016 1:30:00 PM,1330,177,14,109,Oakland,1,True,True,B,SIDE SWIPE,,Tuesday,NotApplicable,False,,,False,True,False,Oakland Superior,C,OTHER MOTOR VEHICLE,,0,0,A,DAYLIGHT,37.784098,-122.241252,,,,,A,NO PEDESTRIANS INVOLVED,12/27/2016 12:00:00 AM,A,21658(a),False,1,I-880 N/B,,,1/3/2017 6:01:35 AM,A,S,1200.0,16th Ave,F,,D,1/3/2017 6:02:16 AM,1/3/2017 6:02:16 AM,,,2,,,,,,,
359419,9370-2016-10057,1,False,9370,12/22/2016 1:20:00 PM,1320,177,14,109,Oakland,1,True,True,B,SIDE SWIPE,,Thursday,NotApplicable,False,,,False,True,False,Oakland Superior,C,OTHER MOTOR VEHICLE,,0,0,A,DAYLIGHT,37.783502,-122.240176,,,,,A,NO PEDESTRIANS INVOLVED,12/22/2016 12:00:00 AM,A,21658(a),False,1,I-880 N/B,,,1/3/2017 5:40:56 AM,A,S,1500.0,16th Ave,F,,D,1/3/2017 5:41:24 AM,1/3/2017 5:41:24 AM,,,2,,,,,,,
359367,9370-2016-10125,2,False,9370,12/29/2016 5:58:00 PM,1758,178,14,109,Oakland,1,True,True,C,REAR END,,Thursday,NotApplicable,False,,,False,True,True,Oakland Superior,C,OTHER MOTOR VEHICLE,,0,0,D,DARK-NO STREET LIGHTS,37.825385,-122.309804,,,,,A,NO PEDESTRIANS INVOLVED,12/29/2016 12:00:00 AM,A,22350,False,2,I-880 N/B to I-80 W/B,,,1/2/2017 5:07:23 PM,A,S,954.0,SFOBB ADMIN BUILDING,F,,D,1/2/2017 5:08:36 PM,2/15/2017 1:50:00 PM,,,2,,,,,,,
359322,9370-2016-10145,1,False,9370,12/30/2016 10:30:00 AM,1030,13,14,109,Oakland,1,True,True,E,HIT OBJECT,,Friday,NotApplicable,False,,,False,True,True,Oakland Superior,I,FIXED OBJECT,Chain link Fence,0,0,A,DAYLIGHT,37.790489,-122.180946,,,,,A,NO PEDESTRIANS INVOLVED,12/30/2016 12:00:00 AM,A,22107 VC,False,1,SR-13 Northbound,,,1/2/2017 3:10:22 PM,A,S,1337.0,Carson Street,F,,D,1/2/2017 3:11:40 PM,1/2/2017 3:11:40 PM,,,2,,,,,,,
359300,9370-2016-10147,1,False,9370,12/29/2016 1:00:00 PM,1300,25,14,109,Oakland,1,True,True,C,REAR END,,Thursday,NotApplicable,False,,,False,True,False,Oakland Superior,C,OTHER MOTOR VEHICLE,,0,0,A,DAYLIGHT,37.50242,-122.1559,,,,,A,NO PEDESTRIANS INVOLVED,12/29/2016 12:00:00 AM,A,22350,False,1,SR-24 W/B,,,1/2/2017 2:25:35 PM,A,E,100.0,45th St.,F,,D,1/2/2017 2:27:13 PM,1/2/2017 2:27:13 PM,,,2,,,,,,,
359268,9370-2016-10121,1,False,9370,12/29/2016 6:55:00 AM,655,8,14,109,Oakland,1,True,True,B,SIDE SWIPE,,Thursday,No,False,,,False,True,False,Oakland Superior,C,OTHER MOTOR VEHICLE,,0,0,A,DAYLIGHT,37.493844,-122.174642,,,,,A,NO PEDESTRIANS INVOLVED,12/29/2016 12:00:00 AM,A,21658(a),False,1,I-580 W/B to I-80 W/B,,,1/2/2017 1:31:11 PM,A,E,2950.0,W Grand Ave,F,,D,1/2/2017 1:32:49 PM,1/2/2017 1:32:49 PM,,,2,,,,,,,
359226,9370-2016-10078,1,False,9370,12/25/2016 11:00:00 AM,1100,177,14,109,Oakland,1,True,True,B,SIDE SWIPE,,Sunday,NotApplicable,False,M,,False,True,True,Oakland Superior,C,OTHER MOTOR VEHICLE,,0,0,A,DAYLIGHT,37.464138,-122.141504,,,,,A,NO PEDESTRIANS INVOLVED,12/25/2016 12:00:00 AM,A,21658(a),False,1,I-880 S/B,,,1/2/2017 12:11:12 PM,A,N,115.0,23rd Ave,F,,D,1/2/2017 12:11:43 PM,1/2/2017 12:11:43 PM,,,2,,,,,,,
359224,9370-2016-10029,1,False,9370,12/20/2016 4:50:00 PM,1650,52,14,109,Oakland,1,True,True,B,SIDE SWIPE,,Tuesday,NotApplicable,False,M,,False,True,False,Oakland Superior,C,OTHER MOTOR VEHICLE,,0,0,D,DARK-NO STREET LIGHTS,37.4422,-122.8341,,,,,A,NO PEDESTRIANS INVOLVED,12/20/2016 12:00:00 AM,A,22107,False,1,I-580 W/B,,,1/2/2017 12:04:32 PM,A,W,950.0,Macarthur Blvd,F,,D,1/2/2017 12:09:02 PM,1/2/2017 12:09:02 PM,,,2,,,,,,,
359219,9370-2016-10126,1,False,9370,12/24/2016 5:40:00 PM,1740,8,14,109,Oakland,1,True,True,C,REAR END,,Saturday,NotApplicable,False,M,,False,True,False,Oakland Superior,C,OTHER MOTOR VEHICLE,,0,0,C,DARK-STREET LIGHTS,37.833622,-122.294347,,,,,A,NO PEDESTRIANS INVOLVED,12/24/2016 12:00:00 AM,A,22350,False,2,I-880 N/B,,,1/2/2017 12:00:34 PM,A,W,1690.0,Powell St,F,,D,1/2/2017 12:01:10 PM,1/2/2017 12:01:10 PM,,,2,,,,,,,
359212,9370-2016-9122,1,False,9370,9/21/2016 8:00:00 AM,800,54,14,109,Oakland,1,True,True,B,SIDE SWIPE,,Wednesday,NotApplicable,False,M,,False,True,False,Oakland Superior,C,OTHER MOTOR VEHICLE,,0,0,A,DAYLIGHT,37.80625,-122.2374,,,,,A,NO PEDESTRIANS INVOLVED,9/21/2016 12:00:00 AM,A,21658(a),False,1,I-580 E/B,,,1/2/2017 11:53:59 AM,A,W,1310.0,Park Ave,F,,D,1/2/2017 11:54:29 AM,1/2/2017 11:54:29 AM,,,2,,,,,,,
359198,9370-2016-10018,1,False,9370,12/20/2016 9:00:00 AM,900,176,14,109,Oakland,1,True,True,C,REAR END,,Tuesday,Yes,False,M,,False,True,True,Oakland Superior,C,OTHER MOTOR VEHICLE,,0,0,D,DARK-NO STREET LIGHTS,37.762487,-122.215401,,,,,A,NO PEDESTRIANS INVOLVED,12/20/2016 12:00:00 AM,A,22107,False,1,I-880 N/B,,,1/2/2017 11:32:54 AM,A,S,2500.0,High St,F,,D,1/2/2017 11:33:31 AM,1/2/2017 11:33:31 AM,,,2,,,,,,,
359175,9370-2016-10079,1,False,9370,12/23/2016 1:20:00 PM,1320,24,14,109,Oakland,1,True,True,F,OVERTURNED,,Friday,No,False,,,False,True,True,Oakland Superior,A,NON-COLLISION,,0,0,A,DAYLIGHT,37.505657,-122.135422,,,,,A,NO PEDESTRIANS INVOLVED,12/23/2016 12:00:00 AM,A,22350,False,1,SR-24 W/B,,,1/2/2017 10:55:15 AM,B,W,790.0,SR-13 S/B,F,,D,1/2/2017 10:55:46 AM,1/2/2017 10:55:46 AM,,,2,,,,,,,
359162,9370-2016-9973,2,False,9370,12/17/2016 1:40:00 PM,1340,55,14,109,Oakland,1,True,True,C,REAR END,,Saturday,Yes,False,,,False,True,True,Oakland Superior,C,OTHER MOTOR VEHICLE,,1,0,A,DAYLIGHT,37.82365,-122.26532,,,,,A,NO PEDESTRIANS INVOLVED,12/17/2016 12:00:00 AM,A,22350,False,2,I-580 W/B,,,3/4/2017 12:51:37 PM,A,E,300.0,Telegraph Ave,F,,D,1/2/2017 10:34:44 AM,3/4/2017 12:54:47 PM,,,2,,,,,,,
359146,9370-2016-9937,1,False,9370,12/14/2016 8:28:00 PM,2028,8,14,109,Oakland,1,True,True,E,HIT OBJECT,,Wednesday,NotApplicable,False,M,,False,True,False,Oakland Superior,I,FIXED OBJECT,Impact BARRIER,0,0,B,DUSK-DAWN,37.824837,-122.313719,,,,,A,NO PEDESTRIANS INVOLVED,12/14/2016 12:00:00 AM,A,22107,False,1,I-80 W/B,,,1/2/2017 9:56:35 AM,A,E,10.0,SFOBB TOLL PLAZA,F,,D,1/2/2017 9:57:16 AM,1/2/2017 9:57:16 AM,,,2,,,,,,,
359117,9370-2016-9727,1,False,9370,12/10/2016 11:10:00 AM,1110,55,14,109,Oakland,1,True,True,E,HIT OBJECT,,Saturday,Yes,False,,,False,True,False,Oakland Superior,I,FIXED OBJECT,CONCRETE WALL,1,0,A,DAYLIGHT,37.49372,-122.17324,,,,,A,NO PEDESTRIANS INVOLVED,12/10/2016 12:00:00 AM,A,22350,False,2,I-580 E/B,,,1/2/2017 8:44:51 AM,B,E,40.0,Hollis St,F,,D,1/2/2017 8:45:32 AM,1/2/2017 8:45:32 AM,,,2,,,,,,,
359105,9370-2016-10006,1,False,9370,12/18/2016 10:10:00 PM,2210,176,14,109,Oakland,1,True,True,E,HIT OBJECT,,Sunday,Yes,False,,,False,True,True,Oakland Superior,I,FIXED OBJECT,ATTENUATOR BARREL,2,0,C,DARK-STREET LIGHTS,37.74043,-122.19605,,,,,A,NO PEDESTRIANS INVOLVED,12/18/2016 12:00:00 AM,A,23152(a),True,1,I-880 N/B,,,1/2/2017 8:18:57 AM,A,S,30.0,Hegenberger Rd,F,,D,1/2/2017 8:20:00 AM,1/2/2017 8:20:00 AM,,,2,,,,,,,
359102,9370-2016-9660,1,False,9370,12/4/2016 7:15:00 PM,1915,8,14,109,Oakland,1,True,True,F,OVERTURNED,,Sunday,Yes,False,,,False,True,True,Oakland Superior,I,FIXED OBJECT,ROADWAY SURFACE,1,0,D,DARK-NO STREET LIGHTS,37.825905,-122.301211,,,,,A,NO PEDESTRIANS INVOLVED,12/4/2016 12:00:00 AM,A,22107,False,1,I-80 E/B,,,1/2/2017 8:06:42 AM,A,E,2450.0,W. GRAND AVENUE O/C,F,,D,1/2/2017 8:07:23 AM,1/2/2017 8:07:23 AM,,,2,,,,,,,
359100,9370-2016-10000,1,False,9370,12/19/2016 12:15:00 AM,15,13,14,109,Oakland,1,True,True,E,HIT OBJECT,,Monday,Yes,False,,,False,True,True,Oakland Superior,I,FIXED OBJECT,TREE,1,0,C,DARK-STREET LIGHTS,37.788749,-122.181545,,,,,A,NO PEDESTRIANS INVOLVED,12/19/2016 12:00:00 AM,A,23152(a),True,1,SR-13 S/B,,,1/2/2017 8:02:47 AM,A,N,1730.0,Calaveras Ave,F,,D,1/2/2017 8:03:30 AM,1/2/2017 8:03:30 AM,,,2,,,,,,,
359090,9370-2016-9732,1,False,9370,12/10/2016 12:30:00 AM,30,178,14,109,Oakland,1,True,True,E,HIT OBJECT,,Saturday,Yes,True,,,False,True,True,Oakland Superior,I,FIXED OBJECT,Concrete Wall,3,0,D,DARK-NO STREET LIGHTS,37.824369,-122.310375,,,,,A,NO PEDESTRIANS INVOLVED,12/10/2016 12:00:00 AM,A,23153(a),False,1,I-80 E/B TO I-880 S/B,,,1/2/2017 7:42:00 AM,B,W,300.0,West Grand Ave,F,,D,1/2/2017 7:42:41 AM,1/2/2017 7:42:41 AM,,,2,,,,,,,
359076,9370-2016-10002,1,False,9370,12/18/2016 6:45:00 PM,1845,8,14,109,Oakland,1,True,True,C,REAR END,,Sunday,NotApplicable,False,,,False,True,False,Oakland Superior,C,OTHER MOTOR VEHICLE,,0,0,D,DARK-NO STREET LIGHTS,37.825385,-122.309804,,,,,A,NO PEDESTRIANS INVOLVED,12/18/2016 12:00:00 AM,A,22350,False,2,I-880 N/B to I-80 W/B,,,1/2/2017 6:43:59 AM,A,S,1160.0,San Fran Oak Bay Bridge Toll Plaza,F,,D,1/2/2017 6:44:30 AM,1/2/2017 6:44:30 AM,,,2,,,,,,,
359072,9370-2016-9729,1,False,9370,12/11/2016 2:40:00 PM,1440,176,14,109,Oakland,1,True,True,B,SIDE SWIPE,,Sunday,Yes,False,M,,False,True,False,Oakland Superior,C,OTHER MOTOR VEHICLE,,1,0,A,DAYLIGHT,37.73539,-122.19154,,,,,A,NO PEDESTRIANS INVOLVED,12/11/2016 12:00:00 AM,A,21658(a),False,1,I-880 N/B,,,1/2/2017 6:31:19 AM,A,N,1000.0,98th Ave,F,,D,1/2/2017 6:31:53 AM,1/2/2017 6:31:53 AM,,,2,,,,,,,
359066,9370-2016-9983,1,False,9370,12/17/2016 6:27:00 PM,1827,8,14,109,Oakland,1,True,True,C,REAR END,,Saturday,NotApplicable,False,,,False,True,False,Oakland Superior,C,OTHER MOTOR VEHICLE,,1,0,C,DARK-STREET LIGHTS,37.824748,-122.312274,,,,,A,NO PEDESTRIANS INVOLVED,12/17/2016 12:00:00 AM,A,22350,False,1,I-80 W/B,,,1/2/2017 6:10:11 AM,A,E,400.0,S.F.O.B.B. TOLL PLAZA,F,,D,1/2/2017 6:10:49 AM,1/2/2017 6:10:49 AM,,,2,,,,,,,
356962,9370-2016-9994,1,False,9370,12/18/2016 1:25:00 PM,1325,177,14,109,Oakland,1,True,True,B,SIDE SWIPE,,Sunday,NotApplicable,False,,,False,True,False,Oakland Superior,C,OTHER MOTOR VEHICLE,,0,0,A,DAYLIGHT,37.475233,-122.162234,,,,,A,NO PEDESTRIANS INVOLVED,12/18/2016 12:00:00 AM,A,21658(a) VC,False,1,I-880 Northbound,,,12/29/2016 7:39:14 AM,A,S,19.0,Broadway,F,,D,12/29/2016 7:39:47 AM,12/29/2016 7:39:47 AM,,,2,,,,,,,
356713,9370-2016-10096,1,False,9370,12/27/2016 6:45:00 AM,645,54,14,109,Oakland,1,True,True,E,HIT OBJECT,,Tuesday,Yes,False,M,,False,True,True,Oakland Superior,I,FIXED OBJECT,Light Pole,0,0,C,DARK-STREET LIGHTS,37.81655,-122.25208,,,,,A,NO PEDESTRIANS INVOLVED,12/27/2016 12:00:00 AM,A,23152(a),True,1,I-580 E/B,,,12/28/2016 4:03:33 PM,A,W,111.0,Chetwood St,F,,D,12/28/2016 4:04:09 PM,12/28/2016 4:04:09 PM,,,2,,,,,,,
356487,9370-2016-10105,1,False,9370,12/26/2016 11:15:00 PM,2315,176,14,109,Oakland,1,True,True,C,REAR END,,Monday,NotApplicable,False,,,False,True,True,Oakland Superior,C,OTHER MOTOR VEHICLE,,0,0,D,DARK-NO STREET LIGHTS,37.772369,-122.225561,,,,,A,NO PEDESTRIANS INVOLVED,12/26/2016 12:00:00 AM,A,21658(a),False,1,I-880 S/B,,,12/28/2016 2:02:40 PM,A,S,748.0,Fruitvale Ave,F,,D,12/28/2016 2:03:09 PM,12/28/2016 2:03:09 PM,,,2,,,,,,,
356477,9370-2016-10071,1,False,9370,12/23/2016 6:45:00 AM,645,54,14,109,Oakland,1,True,True,D,BROADSIDE,,Friday,NotApplicable,False,,,False,True,False,Oakland Superior,C,OTHER MOTOR VEHICLE,,0,0,D,DARK-NO STREET LIGHTS,37.810052,-122.247122,,,,,A,NO PEDESTRIANS INVOLVED,12/23/2016 12:00:00 AM,A,22107,False,1,I-580 W/B,,,12/28/2016 1:56:17 PM,B,W,184.0,Lakeshore Ave,F,,D,12/28/2016 1:57:34 PM,12/28/2016 1:57:34 PM,,,2,,,,,,,
356412,9370-2016-10031,1,False,9370,12/20/2016 5:00:00 PM,1700,52,14,109,Oakland,1,True,True,E,HIT OBJECT,,Tuesday,NotApplicable,False,M,,False,True,True,Oakland Superior,I,FIXED OBJECT,Tree,0,0,D,DARK-NO STREET LIGHTS,37.7573,-122.1478,,,,,A,NO PEDESTRIANS INVOLVED,12/20/2016 12:00:00 AM,A,22107,False,1,I-580 W/B,,,12/28/2016 1:22:17 PM,A,E,510.0,Oak Knoll Blv O/C,F,,D,12/28/2016 1:23:00 PM,12/28/2016 1:23:00 PM,,,2,,,,,,,
356411,9370-2016-10054,1,False,9370,12/22/2016 4:30:00 PM,1630,176,14,109,Oakland,1,True,True,B,SIDE SWIPE,,Thursday,NotApplicable,False,M,,False,True,True,Oakland Superior,C,OTHER MOTOR VEHICLE,,0,0,A,DAYLIGHT,37.745805,-122.200867,,,,,A,NO PEDESTRIANS INVOLVED,12/22/2016 12:00:00 AM,A,21658(a),False,1,I-880 N/B,,,12/28/2016 1:22:06 PM,A,N,1800.0,Hegenberger Rd,F,,D,12/28/2016 1:22:40 PM,12/28/2016 1:22:40 PM,,,2,,,,,,,
356393,9370-2016-10102,1,False,9370,12/27/2016 9:35:00 AM,935,177,14,109,Oakland,1,True,True,C,REAR END,,Tuesday,NotApplicable,False,,,False,True,False,Oakland Superior,C,OTHER MOTOR VEHICLE,,0,0,A,DAYLIGHT,37.47306,-122.15431,,,,,A,NO PEDESTRIANS INVOLVED,12/27/2016 12:00:00 AM,A,22106,False,1,I-880 S/B,,,12/28/2016 1:13:52 PM,A,S,1730.0,Oak St,F,,D,12/28/2016 1:16:42 PM,12/28/2016 1:16:42 PM,,,2,,,,,,,
356315,9370-2016-10069,1,False,9370,12/24/2016 12:45:00 AM,45,24,14,109,Oakland,1,True,True,C,REAR END,,Saturday,NotApplicable,False,,,False,True,False,Oakland Superior,C,OTHER MOTOR VEHICLE,,3,0,C,DARK-STREET LIGHTS,37.840609,-122.26341,,,,,A,NO PEDESTRIANS INVOLVED,12/24/2016 12:00:00 AM,A,21658(a),False,1,SR-24 W/B,,,12/28/2016 12:32:00 PM,A,W,550.0,Telegraph Ave,F,,D,12/28/2016 12:33:59 PM,12/28/2016 12:33:59 PM,,,2,,,,,,,
356306,9370-2016-10042,1,False,9370,12/21/2016 1:00:00 PM,1300,25,14,109,Oakland,1,True,True,C,REAR END,,Wednesday,NotApplicable,False,,,False,True,False,Oakland Superior,C,OTHER MOTOR VEHICLE,,0,0,A,DAYLIGHT,37.50333,-122.15589,,,,,A,NO PEDESTRIANS INVOLVED,12/21/2016 12:00:00 AM,A,22350,False,1,SR-24 W/B,,,12/28/2016 12:29:12 PM,A,E,275.0,45th St,F,,D,12/28/2016 12:29:47 PM,12/28/2016 12:29:47 PM,,,2,,,,,,,
356298,9370-2016-10066,1,False,9370,12/23/2016 5:30:00 AM,530,178,14,109,Oakland,1,True,True,B,SIDE SWIPE,,Friday,NotApplicable,False,,,False,True,False,Oakland Superior,C,OTHER MOTOR VEHICLE,,0,0,C,DARK-STREET LIGHTS,37.480949,-122.172701,,,,,A,NO PEDESTRIANS INVOLVED,12/23/2016 12:00:00 AM,A,22350,False,1,I-880 S/B,,,12/28/2016 12:23:03 PM,B,N,640.0,Adeline St,F,,D,12/28/2016 12:23:48 PM,12/28/2016 12:23:48 PM,,,2,,,,,,,
356239,9370-2016-10091,1,False,9370,12/27/2016 1:21:00 AM,121,54,14,109,Oakland,1,True,True,B,SIDE SWIPE,,Tuesday,Yes,False,M,,False,True,True,Oakland Superior,C,OTHER MOTOR VEHICLE,,0,0,D,DARK-NO STREET LIGHTS,37.814594,-122.25124,,,,,A,NO PEDESTRIANS INVOLVED,12/27/2016 12:00:00 AM,A,23152(a),False,1,I-580 E/B,,,12/28/2016 11:42:10 AM,A,E,600.0,Chetwood St,F,,D,12/28/2016 11:42:50 AM,12/28/2016 11:42:50 AM,,,2,,,,,,,
356211,9370-2016-10100,1,False,9370,12/27/2016 5:40:00 PM,1740,53,14,109,Oakland,1,True,True,C,REAR END,,Tuesday,Yes,False,,,False,True,True,Oakland Superior,C,OTHER MOTOR VEHICLE,,1,0,C,DARK-STREET LIGHTS,37.79314,-122.20507,,,,,A,NO PEDESTRIANS INVOLVED,12/27/2016 12:00:00 AM,A,22350,False,1,I-580 E/B,,,12/28/2016 11:22:27 AM,A,W,420.0,35th Ave,F,,D,12/28/2016 11:23:50 AM,12/28/2016 11:23:50 AM,,,2,,,,,,,
356186,9370-2016-10110,1,False,9370,12/27/2016 11:15:00 AM,1115,55,14,109,Oakland,1,True,True,C,REAR END,,Tuesday,NotApplicable,False,,,False,True,True,Oakland Superior,C,OTHER MOTOR VEHICLE,,0,0,A,DAYLIGHT,37.82599,-122.27625,,,,,A,NO PEDESTRIANS INVOLVED,12/27/2016 12:00:00 AM,A,22107,False,1,I-580 E/B,,,12/28/2016 11:09:54 AM,A,W,300.0,Market St,F,,D,12/28/2016 11:11:12 AM,12/28/2016 11:11:12 AM,,,2,,,,,,,
356137,9370-2016-9999,1,False,9370,12/19/2016 12:15:00 AM,15,13,14,109,Oakland,1,True,True,C,REAR END,,Monday,NotApplicable,False,,,False,True,False,Oakland Superior,C,OTHER MOTOR VEHICLE,,0,0,D,DARK-NO STREET LIGHTS,37.788667,-122.181452,,,,,A,NO PEDESTRIANS INVOLVED,12/19/2016 12:00:00 AM,A,22350,False,1,SR-13 S/B,,,12/28/2016 10:45:53 AM,A,N,1800.0,Calaveras Ave,F,,D,12/28/2016 10:46:21 AM,12/28/2016 10:46:21 AM,,,2,,,,,,,
356093,9335-2016-7850,1,False,9335,12/17/2016 2:15:00 PM,1415,82,14,109,Oakland,1,True,True,B,SIDE SWIPE,,Saturday,NotApplicable,False,,,False,True,False,Oakland Superior,C,OTHER MOTOR VEHICLE,,0,0,A,DAYLIGHT,37.824,-122.3176,,,,,A,NO PEDESTRIANS INVOLVED,12/17/2016 12:00:00 AM,A,22350,False,2,I-80 W/B,,,12/28/2016 10:25:51 AM,A,W,90.0,SFOBB METERING LIGHTS,F,,A,12/28/2016 10:26:19 AM,12/28/2016 10:26:19 AM,,,2,,,,,,,
356005,9370-2016-10101,1,False,9370,12/27/2016 8:48:00 AM,848,177,14,109,Oakland,1,True,True,B,SIDE SWIPE,,Tuesday,NotApplicable,False,,,False,True,False,Oakland Superior,C,OTHER MOTOR VEHICLE,,0,0,A,DAYLIGHT,37.47306,-122.15431,,,,,A,NO PEDESTRIANS INVOLVED,12/27/2016 12:00:00 AM,A,21658(a),False,1,I-880 S/B,,,12/28/2016 9:47:59 AM,A,S,1730.0,Oak St,F,,D,12/28/2016 9:48:28 AM,12/28/2016 9:48:28 AM,,,2,,,,,,,
355983,9370-2016-10098,1,False,9370,12/27/2016 6:55:00 AM,655,54,14,109,Oakland,1,True,True,C,REAR END,,Tuesday,NotApplicable,False,,,False,True,True,Oakland Superior,C,OTHER MOTOR VEHICLE,,0,0,D,DARK-NO STREET LIGHTS,37.81612,-122.2519,,,,,A,NO PEDESTRIANS INVOLVED,12/27/2016 12:00:00 AM,A,22350,False,2,I-580 E/B FROM W.MACARTHUR BLVD.,,,12/28/2016 9:36:38 AM,A,E,37.0,Chetwood St,F,,D,12/28/2016 9:37:08 AM,12/28/2016 9:37:08 AM,,,2,,,,,,,
355977,9370-2016-10097,1,False,9370,12/27/2016 11:05:00 AM,1105,176,14,109,Oakland,1,True,True,C,REAR END,,Tuesday,NotApplicable,False,,,False,True,False,Oakland Superior,C,OTHER MOTOR VEHICLE,,0,0,A,DAYLIGHT,37.4536,-122.12187,,,,,A,NO PEDESTRIANS INVOLVED,12/27/2016 12:00:00 AM,A,22350,False,2,I-880 N/B,,,12/28/2016 9:32:16 AM,A,N,1250.0,Hegenberger Road,F,,D,12/28/2016 9:32:49 AM,12/28/2016 9:32:49 AM,,,2,,,,,,,
355916,9370-2016-9993,1,False,9370,12/18/2016 7:40:00 AM,740,177,14,109,Oakland,1,True,True,C,REAR END,,Sunday,Yes,False,,,False,True,True,Oakland Superior,C,OTHER MOTOR VEHICLE,,3,0,A,DAYLIGHT,37.461596,-122.132296,,,,,A,NO PEDESTRIANS INVOLVED,12/18/2016 12:00:00 AM,A,22350 VC,False,2,I-880 Southbound,,,12/28/2016 9:01:34 AM,A,N,1267.0,High Street,F,,D,12/28/2016 9:02:26 AM,12/28/2016 9:02:26 AM,,,2,,,,,,,
355901,9370-2016-10058,1,False,9370,12/22/2016 2:52:00 PM,1452,24,14,109,Oakland,1,True,True,C,REAR END,,Thursday,NotApplicable,False,M,,False,True,False,Oakland Superior,C,OTHER MOTOR VEHICLE,,0,0,A,DAYLIGHT,37.84562,-122.24859,,,,,A,NO PEDESTRIANS INVOLVED,12/22/2016 12:00:00 AM,A,22350,False,2,SR-24 E/B,,,12/28/2016 8:51:24 AM,A,W,1425.0,Broadway,F,,D,12/28/2016 8:51:57 AM,12/28/2016 8:51:57 AM,,,2,,,,,,,