collision-id,report-number,report-version,is-preliminary,ncic-code,crash-date-time,crash-time-description,beat,city-id,city-code,city-name,county-code,city-is-active,city-is-incorporated,collision-type-code,collision-type-description,collision-type-other-desc,day-of-week,dispatch-notified,has-photographs,hit-run,is-attachments-mailed,is-deleted,is-highway-related,is-tow-away,judicial-district,motor-vehicle-involved-with-code,motor-vehicle-involved-with-desc,motor-vehicle-involved-with-other-desc,number-injured,number-killed,lighting-code,lighting-description,latitude,longitude,milepost-direction,milepost-distance,milepost-marker,milepost-unit-of-measure,pedestrian-action-code,pedestrian-action-desc,prepared-date,primary-collision-factor-code,primary-collision-factor-description,primary-collision-factor-is-cited,primary-collision-party-number,primary-road,reporting-district,reporting-district-code,reviewed-date,roadway-surface-code,secondary-direction,secondary-distance,secondary-road,secondary-unit-of-measure,sketch-desc,traffic-control-device-code,created-date,modified-date,is-county-road,is-freeway,chp-555-version,is-additonal-object-struck,notification-date,notification-time-description,has-digital-media-files,evidence-number,is-location-refer-to-narrative,is-aoi-one-same-as-location
3787720,16-000649,2,False,0109,1/4/2016 8:25:00 PM,2025,17X,14,109,Oakland,1,True,True,B,SIDE SWIPE,,Monday,,,M,,False,False,True,,C,OTHER MOTOR VEHICLE,,0,0,C,DARK-STREET LIGHTS,,,,,,,A,NO PEDESTRIANS INVOLVED,,A,21752,,1,13TH AV,1,,,B,,,E 28TH ST,,,D,8/8/2024 10:02:56 AM,2/10/2025 10:14:10 AM,,,2,,,,,,,
3787719,16-000461,2,False,0109,1/4/2016 12:02:00 AM,2,32X,14,109,Oakland,1,True,True,B,SIDE SWIPE,,Monday,,,M,,False,False,False,,E,PARKED MOTOR VEHICLE,,0,0,C,DARK-STREET LIGHTS,,,,,,,A,NO PEDESTRIANS INVOLVED,,A,22107,,1,109TH AV,2,,,B,N,200.0,MACARTHUR BL,F,,D,8/8/2024 10:02:56 AM,2/10/2025 10:14:10 AM,,,2,,,,,,,
3787718,16-001193,2,False,0109,1/7/2016 4:07:00 PM,1607,28X,14,109,Oakland,1,True,True,C,REAR END,,Thursday,,,M,,False,False,True,,C,OTHER MOTOR VEHICLE,,0,0,A,DAYLIGHT,,,,,,,A,NO PEDESTRIANS INVOLVED,,A,22350,,1,HIGH ST,2,,,A,S,5.0,CULVER ST,F,,D,8/8/2024 10:02:56 AM,2/10/2025 10:14:10 AM,,,2,,,,,,,
3787717,16-001046,2,False,0109,1/7/2016 12:05:00 AM,5,19X,14,109,Oakland,1,True,True,A,HEAD-ON,,Thursday,,,F,,False,False,True,,E,PARKED MOTOR VEHICLE,,0,0,C,DARK-STREET LIGHTS,,,,,,,A,NO PEDESTRIANS INVOLVED,,A,22107,,1,LAKESHORE AV,1,,,B,W,48.0,1ST AV,F,,A,8/8/2024 10:02:56 AM,2/10/2025 10:14:10 AM,,,2,,,,,,,
3787716,16-001129,2,False,0109,1/7/2016 11:40:00 AM,1140,31Z,14,109,Oakland,1,True,True,B,SIDE SWIPE,,Thursday,,,,,False,False,False,,,,,0,0,A,DAYLIGHT,,,,,,,A,NO PEDESTRIANS INVOLVED,,A,22107,,1,SAN LEANDRO ST,2,,,A,W,10.0,STONE ST,F,,D,8/8/2024 10:02:56 AM,2/10/2025 10:14:10 AM,,,2,,,,,,,
3787715,16-000881,2,False,0109,1/6/2016 7:53:00 AM,753,21X,14,109,Oakland,1,True,True,D,BROADSIDE,,Wednesday,,,,,False,False,False,,C,OTHER MOTOR VEHICLE,,0,0,A,DAYLIGHT,,,,,,,A,NO PEDESTRIANS INVOLVED,,A,22450A,,1,E 20TH ST,1,,,B,,,26TH AV,,,A,8/8/2024 10:02:55 AM,2/10/2025 10:14:10 AM,,,2,,,,,,,
3787714,16-001516,2,False,0109,1/9/2016 5:25:00 AM,525,5X,14,109,Oakland,1,True,True,D,BROADSIDE,,Saturday,,,M,,False,False,False,,C,OTHER MOTOR VEHICLE,,0,0,C,DARK-STREET LIGHTS,,,,,,,A,NO PEDESTRIANS INVOLVED,,A,21453A,,1,18TH ST,1,,,B,,,ADELINE ST,,,A,8/8/2024 10:02:55 AM,2/10/2025 10:14:10 AM,,,2,,,,,,,
3787712,16-001043,2,False,0109,1/6/2016 11:24:00 PM,2324,23X,14,109,Oakland,1,True,True,D,BROADSIDE,,Wednesday,,,,,False,False,False,,C,OTHER MOTOR VEHICLE,,0,0,C,DARK-STREET LIGHTS,,,,,,,A,NO PEDESTRIANS INVOLVED,,A,21453A,,1,35TH AV,2,,,B,,,INTERNATIONAL BL,,,A,8/8/2024 10:02:55 AM,2/10/2025 10:14:10 AM,,,2,,,,,,,
3787711,16-006515,2,False,0109,2/4/2016 12:09:00 PM,1209,14X,14,109,Oakland,1,True,True,H,OTHER,,Thursday,,,,,False,False,False,,C,OTHER MOTOR VEHICLE,,0,0,A,DAYLIGHT,,,,,,,A,NO PEDESTRIANS INVOLVED,,A,22106,,1,LAKESHORE AV,2,,,D,S,52.0,TRESTLE GLEN RD,F,,D,8/8/2024 10:02:55 AM,2/10/2025 10:14:09 AM,,,2,,,,,,,
3787710,16-000114,2,False,0109,1/1/2016 5:35:00 PM,1735,26X,14,109,Oakland,1,True,True,B,SIDE SWIPE,,Friday,,,,,False,False,False,,C,OTHER MOTOR VEHICLE,,0,0,C,DARK-STREET LIGHTS,,,,,,,A,NO PEDESTRIANS INVOLVED,,A,21802A,,1,47TH AV,2,,,A,,,INTERNATIONAL BL,,,A,8/8/2024 10:02:54 AM,2/10/2025 10:14:09 AM,,,2,,,,,,,
3787708,16-006682,2,False,0109,2/5/2016 8:28:00 AM,828,35X,14,109,Oakland,1,True,True,C,REAR END,,Friday,,,,,False,False,False,,C,OTHER MOTOR VEHICLE,,0,0,A,DAYLIGHT,,,,,,,A,NO PEDESTRIANS INVOLVED,,A,22350,,1,GOLF LINKS RD,2,,,A,E,80.0,82ND AV,F,,D,8/8/2024 10:02:54 AM,2/10/2025 10:14:09 AM,,,2,,,,,,,
3787707,16-001729,2,False,0109,1/10/2016 3:22:00 PM,1522,31X,14,109,Oakland,1,True,True,C,REAR END,,Sunday,,,,,False,False,False,,C,OTHER MOTOR VEHICLE,,0,0,A,DAYLIGHT,,,,,,,A,NO PEDESTRIANS INVOLVED,,A,21804A,,1,HEGENBERGER RD,2,,,A,E,30.0,COLLINS DR,F,,A,8/8/2024 10:02:54 AM,2/10/2025 10:14:09 AM,,,2,,,,,,,
3787705,16-007824,2,False,0109,2/11/2016 6:50:00 PM,1850,34X,14,109,Oakland,1,True,True,C,REAR END,,Thursday,,,,,False,False,False,,D,MOTOR VEHICLE ON OTHER ROADWAY,,0,0,C,DARK-STREET LIGHTS,,,,,,,A,NO PEDESTRIANS INVOLVED,,A,22350,,1,INTERNATIONAL BL,2,,,A,,,88TH AV,,,D,8/8/2024 10:02:54 AM,2/10/2025 10:14:09 AM,,,2,,,,,,,
3787704,16-000652,2,False,0109,1/4/2016 5:15:00 PM,1715,10X,14,109,Oakland,1,True,True,B,SIDE SWIPE,,Monday,,,,,False,False,True,,E,PARKED MOTOR VEHICLE,,0,0,C,DARK-STREET LIGHTS,,,,,,,A,NO PEDESTRIANS INVOLVED,,A,22107,,1,56TH ST,1,,,B,,,56TH ST 850,,,D,8/8/2024 10:02:53 AM,2/10/2025 10:14:09 AM,,,2,,,,,,,
3787702,16-005957,2,False,0109,2/1/2016 10:25:00 PM,2225,25X,14,109,Oakland,1,True,True,E,HIT OBJECT,,Monday,,,,,False,False,False,,I,FIXED OBJECT,,0,0,C,DARK-STREET LIGHTS,,,,,,,A,NO PEDESTRIANS INVOLVED,,A,22350,,1,REDWOOD RD,2,,,A,N,100.0,CAMPUS DR,F,,D,8/8/2024 10:02:53 AM,2/10/2025 10:14:08 AM,,,2,,,,,,,
3787701,16-000554,2,False,0109,1/4/2016 11:30:00 AM,1130,27X,14,109,Oakland,1,True,True,C,REAR END,,Monday,,,,,False,False,False,,C,OTHER MOTOR VEHICLE,,0,0,A,DAYLIGHT,,,,,,,A,NO PEDESTRIANS INVOLVED,,A,22106,,1,INTERNATIONAL BL,2,,,B,E,50.0,HIGH ST,F,,D,8/8/2024 10:02:53 AM,2/10/2025 10:14:08 AM,,,2,,,,,,,
3787689,16-000512,2,False,0109,1/6/2016 8:46:00 AM,846,32X,14,109,Oakland,1,True,True,C,REAR END,,Wednesday,,,,,False,False,False,,,,,0,0,A,DAYLIGHT,,,,,,,A,NO PEDESTRIANS INVOLVED,,A,22107,,1,98TH AV,2,,,B,,,INTERNATIONAL,,,A,8/8/2024 10:02:50 AM,2/10/2025 10:14:07 AM,,,2,,,,,,,
3787630,16-000527,2,False,0109,1/4/2016 9:30:00 AM,930,23X,14,109,Oakland,1,True,True,C,REAR END,,Monday,,,M,,False,False,False,,C,OTHER MOTOR VEHICLE,,2,0,A,DAYLIGHT,,,,,,,A,NO PEDESTRIANS INVOLVED,,A,22350,,1,FRUITVALE AV,2,,,B,,,FOOTHILL BL,,,A,8/8/2024 10:02:39 AM,2/10/2025 10:14:01 AM,,,2,,,,,,,
3787626,16-000535,2,False,0109,1/4/2016 10:07:00 AM,1007,25X,14,109,Oakland,1,True,True,D,BROADSIDE,,Monday,,,,,False,False,False,,C,OTHER MOTOR VEHICLE,,2,0,A,DAYLIGHT,,,,,,,A,NO PEDESTRIANS INVOLVED,,A,21802A,,1,35TH AV,2,,,B,,,JORDAN RD,,,A,8/8/2024 10:02:38 AM,2/10/2025 10:14:01 AM,,,2,,,,,,,
3787620,16-000606,2,False,0109,1/4/2016 3:27:00 PM,1527,27X,14,109,Oakland,1,True,True,D,BROADSIDE,,Monday,,,F,,False,False,True,,C,OTHER MOTOR VEHICLE,,1,0,A,DAYLIGHT,,,,,,,A,NO PEDESTRIANS INVOLVED,,A,22350,,1,46TH AV,2,,,B,,,INTERNATIONAL BL,,,A,8/8/2024 10:02:36 AM,2/10/2025 10:14:00 AM,,,2,,,,,,,
3787615,16-001024,2,False,0109,1/6/2016 9:08:00 PM,2108,19X,14,109,Oakland,1,True,True,G,VEHICLE/PEDESTRAIN,,Wednesday,,,,,False,False,False,,B,PEDESTRIAN,,1,0,C,DARK-STREET LIGHTS,,,,,,,B,CROSSING IN CROSS WALK AT INTERSECTION,,A,21950A,,1,E 12TH ST,1,,,B,,,1ST AV,,,A,8/8/2024 10:02:35 AM,2/10/2025 10:14:00 AM,,,2,,,,,,,
3787611,16-000684,2,False,0109,1/5/2016 3:40:00 AM,340,31Y,14,109,Oakland,1,True,True,C,REAR END,,Tuesday,,,,,False,False,True,,C,OTHER MOTOR VEHICLE,,1,0,C,DARK-STREET LIGHTS,,,,,,,A,NO PEDESTRIANS INVOLVED,,A,22350,,1,HEGENBERGER RD,2,,,B,N,20.0,PARDEE DR,F,,A,8/8/2024 10:02:34 AM,2/10/2025 10:13:59 AM,,,2,,,,,,,
3787606,16-000749,2,False,0109,1/5/2016 12:23:00 PM,1223,08X,14,109,Oakland,1,True,True,D,BROADSIDE,,Tuesday,,,,,False,False,False,,C,OTHER MOTOR VEHICLE,,1,0,A,DAYLIGHT,,,,,,,A,NO PEDESTRIANS INVOLVED,,A,21453A,,,WEBSTER ST,1,,,B,,,30TH ST,,,A,8/8/2024 10:02:33 AM,2/10/2025 10:13:59 AM,,,2,,,,,,,
3787603,16-000970,2,False,0109,1/6/2016 3:44:00 PM,1544,19X,14,109,Oakland,1,True,True,D,BROADSIDE,,Wednesday,,,,,False,False,False,,C,OTHER MOTOR VEHICLE,,2,0,A,DAYLIGHT,,,,,,,A,NO PEDESTRIANS INVOLVED,,A,22107,,1,19TH AV,1,,,B,W,20.0,MARIN WY,F,,D,8/8/2024 10:02:32 AM,2/10/2025 10:13:58 AM,,,2,,,,,,,
3787599,16-000733,2,False,0109,1/5/2016 10:52:00 AM,1052,30X,14,109,Oakland,1,True,True,E,HIT OBJECT,,Tuesday,,,,,False,False,False,,I,FIXED OBJECT,,1,0,A,DAYLIGHT,,,,,,,A,NO PEDESTRIANS INVOLVED,,A,22107,,1,73RD AV,2,,,B,S,246.0,HILLSIDE ST,F,,D,8/8/2024 10:02:31 AM,2/10/2025 10:13:58 AM,,,2,,,,,,,
3787594,16-000824,2,False,0109,1/5/2016 7:32:00 PM,1932,08X,14,109,Oakland,1,True,True,G,VEHICLE/PEDESTRAIN,,Tuesday,,,,,False,False,False,,B,PEDESTRIAN,,1,0,C,DARK-STREET LIGHTS,,,,,,,B,CROSSING IN CROSS WALK AT INTERSECTION,,A,21950A,,1,34TH ST,1,,,B,,,TELEGRAPH,,,A,8/8/2024 10:02:30 AM,2/10/2025 10:13:58 AM,,,2,,,,,,,
3787584,16-000160,2,False,0109,1/2/2016 12:04:00 AM,4,19X,14,109,Oakland,1,True,True,A,HEAD-ON,,Saturday,,,,,False,False,True,,C,OTHER MOTOR VEHICLE,,3,0,C,DARK-STREET LIGHTS,,,,,,,A,NO PEDESTRIANS INVOLVED,,A,22107,,1,16TH AV,1,,,A,N,60.0,EMBARCADERO,F,,D,8/8/2024 10:02:27 AM,2/10/2025 10:13:56 AM,,,2,,,,,,,
3787579,16-001922,2,False,0109,1/11/2016 3:55:00 PM,1555,04X,14,109,Oakland,1,True,True,D,BROADSIDE,,Monday,,,,,False,False,False,,G,BICYCLE,,1,0,A,DAYLIGHT,,,,,,,A,NO PEDESTRIANS INVOLVED,,A,21453A,,1,WEBSTER ST,1,,,A,,,17TH ST,,,A,8/8/2024 10:02:26 AM,2/10/2025 10:13:56 AM,,,2,,,,,,,
3787575,16-001014,2,False,0109,1/6/2016 5:56:00 PM,1756,29X,14,109,Oakland,1,True,True,A,HEAD-ON,,Wednesday,,,,,False,False,True,,C,OTHER MOTOR VEHICLE,,1,0,C,DARK-STREET LIGHTS,,,,,,,A,NO PEDESTRIANS INVOLVED,,A,21801A,,1,55TH AV,2,,,B,,,FOOTHILL BL,,,A,8/8/2024 10:02:25 AM,2/10/2025 10:13:56 AM,,,2,,,,,,,
3787571,16-000974,2,False,0109,1/6/2016 4:43:00 PM,1643,26X,14,109,Oakland,1,True,True,G,VEHICLE/PEDESTRAIN,,Wednesday,,,,,False,False,False,,B,PEDESTRIAN,,1,0,B,DUSK-DAWN,,,,,,,B,CROSSING IN CROSS WALK AT INTERSECTION,,A,21950A,,1,78TH AV,2,,,A,N,5.0,INTERNATIONAL BL,F,,A,8/8/2024 10:02:23 AM,2/10/2025 10:13:55 AM,,,2,,,,,,,
3787569,16-005936,2,False,0109,2/1/2016 7:39:00 PM,1939,11X,14,109,Oakland,1,True,True,C,REAR END,,Monday,,,,,False,False,False,,G,BICYCLE,,1,0,C,DARK-STREET LIGHTS,,,,,,,A,NO PEDESTRIANS INVOLVED,,A,22350,,1,SHATTUCK AV,1,,,A,,,54TH ST,,,D,8/8/2024 10:02:22 AM,2/10/2025 10:13:55 AM,,,2,,,,,,,
3787565,16-006454,2,False,0109,2/4/2016 8:20:00 AM,820,19X,14,109,Oakland,1,True,True,D,BROADSIDE,,Thursday,,,M,,False,False,False,,B,PEDESTRIAN,,0,0,A,DAYLIGHT,,,,,,,B,CROSSING IN CROSS WALK AT INTERSECTION,,A,21950A,,1,4TH AV,1,,,A,N,10.0,E 15TH ST,F,,D,8/8/2024 10:02:21 AM,2/10/2025 10:13:55 AM,,,2,,,,,,,
3787561,16-006017,2,False,0109,2/2/2016 9:18:00 AM,918,34X,14,109,Oakland,1,True,True,B,SIDE SWIPE,,Tuesday,,,,,False,False,False,,C,OTHER MOTOR VEHICLE,,0,0,A,DAYLIGHT,,,,,,,A,NO PEDESTRIANS INVOLVED,,A,22107,,1,88TH AV,2,,,B,N,100.0,HOLLY ST,F,,D,8/8/2024 10:02:20 AM,2/10/2025 10:13:54 AM,,,2,,,,,,,
3787556,16-000099,2,False,0109,1/1/2016 3:09:00 PM,1509,27X,14,109,Oakland,1,True,True,C,REAR END,,Friday,,,,,False,False,True,,C,OTHER MOTOR VEHICLE,,1,0,A,DAYLIGHT,,,,,,,A,NO PEDESTRIANS INVOLVED,,A,22350,,1,HIGH ST,2,,,A,N,2.0,FAIRFAX,F,,A,8/8/2024 10:02:19 AM,2/10/2025 10:13:53 AM,,,2,,,,,,,
3787554,16-000288,2,False,0109,1/2/2016 8:28:00 PM,2028,29X,14,109,Oakland,1,True,True,C,REAR END,,Saturday,,,,,False,False,False,,E,PARKED MOTOR VEHICLE,,0,0,C,DARK-STREET LIGHTS,,,,,,,A,NO PEDESTRIANS INVOLVED,,A,23152A,,1,FOOTHILL BL,2,,,A,E,150.0,62ND AV,F,,D,8/8/2024 10:02:19 AM,2/10/2025 10:13:54 AM,,,2,,,,,,,
3787545,16-001003,2,False,0109,1/6/2016 6:55:00 PM,1855,31Z,14,109,Oakland,1,True,True,D,BROADSIDE,,Wednesday,,,,,False,False,False,,C,OTHER MOTOR VEHICLE,,1,0,C,DARK-STREET LIGHTS,,,,,,,A,NO PEDESTRIANS INVOLVED,,A,21801A,,1,98TH AV,2,,,B,,,PIPPIN ST,,,A,8/8/2024 10:02:16 AM,2/10/2025 10:13:53 AM,,,2,,,,,,,
3787541,16-007393,2,False,0109,2/9/2016 11:30:00 AM,1130,33X,14,109,Oakland,1,True,True,D,BROADSIDE,,Tuesday,,,,,False,False,False,,C,OTHER MOTOR VEHICLE,,1,0,A,DAYLIGHT,,,,,,,A,NO PEDESTRIANS INVOLVED,,A,21801A,,1,SAN LEANDRO ST,2,,,A,,,92ND AV,,,A,8/8/2024 10:02:15 AM,2/10/2025 10:13:52 AM,,,2,,,,,,,
3787537,16-000319,2,False,0109,1/3/2016 11:53:00 PM,2353,33X,14,109,Oakland,1,True,True,B,SIDE SWIPE,,Sunday,,,M,,False,False,True,,,,,0,0,C,DARK-STREET LIGHTS,,,,,,,A,NO PEDESTRIANS INVOLVED,,A,22107,,1,82ND AV,2,,,A,N,20.0,D ST,F,,D,8/8/2024 10:02:14 AM,2/10/2025 10:13:52 AM,,,2,,,,,,,
3787535,16-000279,2,False,0109,1/2/2016 7:00:00 PM,1900,35X,14,109,Oakland,1,True,True,E,HIT OBJECT,,Saturday,,,M,,False,False,True,,I,FIXED OBJECT,,0,0,C,DARK-STREET LIGHTS,,,,,,,A,NO PEDESTRIANS INVOLVED,,A,22106,,1,96TH AV,2,,,A,S,100.0,MACARTHUR BL,F,,A,8/8/2024 10:02:13 AM,2/10/2025 10:13:52 AM,,,2,,,,,,,
3787531,16-000300,2,False,0109,1/2/2016 10:12:00 PM,2212,02X,14,109,Oakland,1,True,True,B,SIDE SWIPE,,Saturday,,,M,,False,False,False,,C,OTHER MOTOR VEHICLE,,0,0,C,DARK-STREET LIGHTS,,,,,,,,,,A,22107,,1,CHESTER ST,1,,,A,S,100.0,8TH ST,F,,D,8/8/2024 10:02:13 AM,2/10/2025 10:13:51 AM,,,2,,,,,,,
3787508,16-007267,2,False,0109,2/8/2016 6:30:00 PM,1830,16X,14,109,Oakland,1,True,True,B,SIDE SWIPE,,Monday,,,,,False,False,False,,C,OTHER MOTOR VEHICLE,,0,0,A,DAYLIGHT,,,,,,,A,NO PEDESTRIANS INVOLVED,,D,,,,LAKESHORE AV,1,,,A,,,LAKE PARK AV,,,A,8/8/2024 10:02:07 AM,2/10/2025 10:13:49 AM,,,2,,,,,,,
3787505,16-003640,2,False,0109,1/21/2016 8:15:00 AM,815,05X,14,109,Oakland,1,True,True,D,BROADSIDE,,Thursday,,,,,False,False,False,,C,OTHER MOTOR VEHICLE,,0,0,A,DAYLIGHT,,,,,,,A,NO PEDESTRIANS INVOLVED,,A,21453A,,1,14TH ST,1,,,A,,,BRUSH ST,,,A,8/8/2024 10:02:07 AM,2/10/2025 10:13:49 AM,,,2,,,,,,,
3787498,16-006546,2,False,0109,2/4/2016 1:37:00 PM,1337,32X,14,109,Oakland,1,True,True,C,REAR END,,Thursday,,,M,,False,False,False,,C,OTHER MOTOR VEHICLE,,0,0,A,DAYLIGHT,,,,,,,A,NO PEDESTRIANS INVOLVED,,A,22350,,1,INTERNATIONAL BL,2,,,A,E,50.0,101ST AV,F,,D,8/8/2024 10:02:05 AM,2/10/2025 10:13:48 AM,,,2,,,,,,,
3786911,160147211,2,False,0109,2/19/2016 8:20:00 AM,820,,14,109,Oakland,1,True,True,C,REAR END,,Friday,,,M,,False,True,True,,C,OTHER MOTOR VEHICLE,,0,0,A,DAYLIGHT,,,,,,,A,NO PEDESTRIANS INVOLVED,,A,23152A,,1,RT 80,SOUTH,,,A,,,WB TOLL PLAZA,,,D,8/8/2024 9:59:54 AM,2/10/2025 10:12:50 AM,,,2,,,,,,,
3786376,16-000306,2,False,0109,1/2/2016 10:01:00 PM,2201,13,14,109,Oakland,1,True,True,E,HIT OBJECT,,Saturday,,,,,False,False,True,,I,FIXED OBJECT,,0,0,C,DARK-STREET LIGHTS,,,,,,,A,NO PEDESTRIANS INVOLVED,,A,22107,,1,WILTON DR,1,,,A,W,1000.0,DURTON DR,F,,D,8/8/2024 9:58:04 AM,2/10/2025 10:11:57 AM,,,2,,,,,,,
3786372,16-000124,2,False,0109,1/1/2016 6:46:00 PM,1846,26,14,109,Oakland,1,True,True,B,SIDE SWIPE,,Friday,,,M,,False,False,False,,C,OTHER MOTOR VEHICLE,,0,0,C,DARK-STREET LIGHTS,,,,,,,A,NO PEDESTRIANS INVOLVED,,A,22107,,1,HIGH ST,2,,,A,S,200.0,SAN LEANDRO AV,F,,D,8/8/2024 9:58:04 AM,2/10/2025 10:11:57 AM,,,2,,,,,,,
3786368,16-001640,2,False,0109,1/10/2016 2:00:00 AM,200,12,14,109,Oakland,1,True,True,H,OTHER,,Sunday,,,M,,False,False,False,,E,PARKED MOTOR VEHICLE,,0,0,C,DARK-STREET LIGHTS,,,,,,,A,NO PEDESTRIANS INVOLVED,,A,22107,,1,WEBSTER ST,1,,,A,,,RICH ST,,,A,8/8/2024 9:58:03 AM,2/10/2025 10:11:56 AM,,,2,,,,,,,
3786366,16-002289,2,False,0109,1/13/2016 2:17:00 PM,1417,27,14,109,Oakland,1,True,True,D,BROADSIDE,,Wednesday,,,M,,False,False,True,,C,OTHER MOTOR VEHICLE,,0,0,A,DAYLIGHT,,,,,,,A,NO PEDESTRIANS INVOLVED,,A,22107,,1,HIGH ST,2,,,A,N,10.0,GORDON ST,F,,A,8/8/2024 9:58:03 AM,2/10/2025 10:11:56 AM,,,2,,,,,,,
3783896,16-006142,2,False,0109,2/2/2016 5:51:00 PM,1751,10X,14,109,Oakland,1,True,True,B,SIDE SWIPE,,Tuesday,,,,,False,False,False,,C,OTHER MOTOR VEHICLE,,0,0,C,DARK-STREET LIGHTS,,,,,,,A,NO PEDESTRIANS INVOLVED,,A,21802A,,1,MARKET ST,1,,,A,,,56TH ST,,,A,8/8/2024 9:49:36 AM,2/10/2025 10:07:27 AM,,,2,,,,,,,
3783827,16-004066,2,False,0109,1/23/2016 12:38:00 AM,38,26,14,109,Oakland,1,True,True,C,REAR END,,Saturday,,,M,,False,False,False,,C,OTHER MOTOR VEHICLE,,0,0,C,DARK-STREET LIGHTS,,,,,,,A,NO PEDESTRIANS INVOLVED,,A,22350,,1,66TH AV,2,,,B,N,15.0,EASTLAWN ST,F,,D,8/8/2024 9:49:24 AM,2/10/2025 10:07:17 AM,,,2,,,,,,,
3783826,16-003214,2,False,0109,1/18/2016 9:30:00 PM,2130,21,14,109,Oakland,1,True,True,B,SIDE SWIPE,,Monday,,,M,,False,False,False,,E,PARKED MOTOR VEHICLE,,0,0,C,DARK-STREET LIGHTS,,,,,,,A,NO PEDESTRIANS INVOLVED,,A,22107,,1,27TH AV,1,,,A,N,20.0,FOOTHILL BL,F,,A,8/8/2024 9:49:24 AM,2/10/2025 10:07:17 AM,,,2,,,,,,,
3783825,16-004247,2,False,0109,1/24/2016 3:18:00 AM,318,18,14,109,Oakland,1,True,True,B,SIDE SWIPE,,Sunday,,,M,,False,False,True,,E,PARKED MOTOR VEHICLE,,0,0,C,DARK-STREET LIGHTS,,,,,,,A,NO PEDESTRIANS INVOLVED,,A,22107,,1,E 17TH ST,1,,,A,E,150.0,19TH AV,F,,D,8/8/2024 9:49:23 AM,2/10/2025 10:07:17 AM,,,2,,,,,,,
3783824,16-001006,2,False,0109,1/6/2016 6:41:00 PM,1841,12,14,109,Oakland,1,True,True,G,VEHICLE/PEDESTRAIN,,Wednesday,,,,,False,False,False,,B,PEDESTRIAN,,0,0,C,DARK-STREET LIGHTS,,,,,,,B,CROSSING IN CROSS WALK AT INTERSECTION,,A,21950A,,1,BROADWAY,1,,,B,,,LAWTON AV,,,A,8/8/2024 9:49:23 AM,2/10/2025 10:07:17 AM,,,2,,,,,,,
3783823,16-000488,2,False,0109,1/4/2016 6:00:00 AM,600,11,14,109,Oakland,1,True,True,A,HEAD-ON,,Monday,,,,,False,False,False,,C,OTHER MOTOR VEHICLE,,0,0,C,DARK-STREET LIGHTS,,,,,,,A,NO PEDESTRIANS INVOLVED,,A,21801A,,1,TELEGRAPH AV,1,,,B,,,55TH ST,,,A,8/8/2024 9:49:23 AM,2/10/2025 10:07:17 AM,,,2,,,,,,,
3783810,16-000978,2,False,0109,1/6/2016 4:10:00 PM,1610,20,14,109,Oakland,1,True,True,B,SIDE SWIPE,,Wednesday,,,,,False,False,False,,E,PARKED MOTOR VEHICLE,,1,0,A,DAYLIGHT,,,,,,,A,NO PEDESTRIANS INVOLVED,,A,22350,,1,GLASCOCK ST,1,,,B,W,50.0,DERBY ST,F,,D,8/8/2024 9:49:21 AM,2/10/2025 10:07:14 AM,,,2,,,,,,,
3783809,16-000877,2,False,0109,1/6/2016 7:00:00 AM,700,30,14,109,Oakland,1,True,True,G,VEHICLE/PEDESTRAIN,,Wednesday,,,,,False,False,False,,,,,1,0,C,DARK-STREET LIGHTS,,,,,,,B,CROSSING IN CROSS WALK AT INTERSECTION,,A,21950A,,1,HAVENSCOURT BL,2,,,B,,,FOOTHILL BL,,,A,8/8/2024 9:49:21 AM,2/10/2025 10:07:14 AM,,,2,,,,,,,
3783446,16-0098-14,2,False,0109,2/22/2016 3:40:00 PM,1540,25X,14,109,Oakland,1,True,True,C,REAR END,,Monday,,,,,False,False,False,,C,OTHER MOTOR VEHICLE,,0,0,A,DAYLIGHT,,,,,,,A,NO PEDESTRIANS INVOLVED,,A,22350,,1,35TH AV,2,,,A,S,30.0,MACARTHUR BL,F,,A,8/8/2024 9:48:07 AM,2/10/2025 10:06:28 AM,,,2,,,,,,,
3783382,16-012907,2,False,0109,3/9/2016 11:02:00 AM,1102,03X,14,109,Oakland,1,True,True,D,BROADSIDE,,Wednesday,,,,,False,False,False,,C,OTHER MOTOR VEHICLE,,0,0,A,DAYLIGHT,,,,,,,A,NO PEDESTRIANS INVOLVED,,A,21453A,,1,7TH ST,1,,,A,,,JEFFERSON ST,,,A,8/8/2024 9:47:55 AM,2/10/2025 10:06:21 AM,,,2,,,,,,,
3783363,16-009128,2,False,0109,2/18/2016 6:30:00 PM,1830,20X,14,109,Oakland,1,True,True,D,BROADSIDE,,Thursday,,,,,False,False,False,,C,OTHER MOTOR VEHICLE,,0,0,C,DARK-STREET LIGHTS,,,,,,,A,NO PEDESTRIANS INVOLVED,,A,21802A,,1,FOOTHILL BL,1,,,A,,,27TH AV,,,A,8/8/2024 9:47:51 AM,2/10/2025 10:06:19 AM,,,2,,,,,,,
3783356,16-013447,2,False,0109,3/12/2016 8:32:00 AM,832,31Y,14,109,Oakland,1,True,True,E,HIT OBJECT,,Saturday,,,,,False,False,False,,I,FIXED OBJECT,,0,0,A,DAYLIGHT,,,,,,,A,NO PEDESTRIANS INVOLVED,,A,22515A,,1,EDES AV,2,,,A,S,40.0,DOUGLAS AV,F,,D,8/8/2024 9:47:50 AM,2/10/2025 10:06:19 AM,,,2,,,,,,,
3783334,16-008543,2,False,0109,2/15/2016 9:45:00 PM,2145,10X,14,109,Oakland,1,True,True,A,HEAD-ON,,Monday,,,,,False,False,False,,G,BICYCLE,,1,0,C,DARK-STREET LIGHTS,,,,,,,A,NO PEDESTRIANS INVOLVED,,B,,,1,MARKET ST,1,,,A,N,13.0,53RD ST,F,,A,8/8/2024 9:47:46 AM,2/10/2025 10:06:16 AM,,,2,,,,,,,