collision-id,report-number,report-version,is-preliminary,ncic-code,crash-date-time,crash-time-description,beat,city-id,city-code,city-name,county-code,city-is-active,city-is-incorporated,collision-type-code,collision-type-description,collision-type-other-desc,day-of-week,dispatch-notified,has-photographs,hit-run,is-attachments-mailed,is-deleted,is-highway-related,is-tow-away,judicial-district,motor-vehicle-involved-with-code,motor-vehicle-involved-with-desc,motor-vehicle-involved-with-other-desc,number-injured,number-killed,lighting-code,lighting-description,latitude,longitude,milepost-direction,milepost-distance,milepost-marker,milepost-unit-of-measure,pedestrian-action-code,pedestrian-action-desc,prepared-date,primary-collision-factor-code,primary-collision-factor-description,primary-collision-factor-is-cited,primary-collision-party-number,primary-road,reporting-district,reporting-district-code,reviewed-date,roadway-surface-code,secondary-direction,secondary-distance,secondary-road,secondary-unit-of-measure,sketch-desc,traffic-control-device-code,created-date,modified-date,is-county-road,is-freeway,chp-555-version,is-additonal-object-struck,notification-date,notification-time-description,has-digital-media-files,evidence-number,is-location-refer-to-narrative,is-aoi-one-same-as-location
3783129,16-005844,2,False,0109,2/1/2016 10:55:00 AM,1055,04X,14,109,Oakland,1,True,True,B,SIDE SWIPE,,Monday,,,,,False,False,False,,C,OTHER MOTOR VEHICLE,,0,0,A,DAYLIGHT,,,,,,,A,NO PEDESTRIANS INVOLVED,,A,22107,,1,TELEGRAPH AV,1,,,A,N,30.0,20TH ST,F,,D,8/8/2024 9:47:02 AM,2/10/2025 10:05:53 AM,,,2,,,,,,,
3783050,16-000940,2,False,0109,1/6/2016 2:14:00 PM,1414,03Y,14,109,Oakland,1,True,True,C,REAR END,,Wednesday,,,,,False,False,False,,C,OTHER MOTOR VEHICLE,,0,0,A,DAYLIGHT,,,,,,,A,NO PEDESTRIANS INVOLVED,,B,,,1,CLAY ST,1,,,B,S,50.0,8TH ST,F,,D,8/8/2024 9:46:47 AM,2/10/2025 10:05:45 AM,,,2,,,,,,,
3780331,16-007709,2,False,0109,2/11/2016 9:15:00 AM,915,,14,109,Oakland,1,True,True,C,REAR END,,Thursday,,,,,False,False,False,,C,OTHER MOTOR VEHICLE,,0,0,A,DAYLIGHT,,,,,,,A,NO PEDESTRIANS INVOLVED,,B,,,1,E 7TH ST,,,,A,,,KENNEDY ST,,,A,8/8/2024 9:37:21 AM,2/10/2025 10:01:29 AM,,,2,,,,,,,
3780301,16-007837,2,False,0109,2/11/2016 6:30:00 PM,1830,16X,14,109,Oakland,1,True,True,B,SIDE SWIPE,,Thursday,,,,,False,False,False,,C,OTHER MOTOR VEHICLE,,0,0,C,DARK-STREET LIGHTS,,,,,,,A,NO PEDESTRIANS INVOLVED,,D,,,,MANDANA BL,1,,,A,N,50.0,CALMAR AV,F,,D,8/8/2024 9:37:15 AM,2/10/2025 10:01:26 AM,,,2,,,,,,,
3780238,16-006082,2,False,0109,2/2/2016 1:05:00 PM,1305,02X,14,109,Oakland,1,True,True,D,BROADSIDE,,Tuesday,,,,,False,False,False,,C,OTHER MOTOR VEHICLE,,2,0,A,DAYLIGHT,,,,,,,A,NO PEDESTRIANS INVOLVED,,A,21453A,,1,14TH ST,1,,,A,,,ADELINE ST,,,A,8/8/2024 9:37:03 AM,2/10/2025 10:01:20 AM,,,2,,,,,,,
3780237,16-008112,2,False,0109,2/13/2016 8:26:00 AM,826,32Y,14,109,Oakland,1,True,True,A,HEAD-ON,,Saturday,,,,,False,False,True,,E,PARKED MOTOR VEHICLE,,1,0,A,DAYLIGHT,,,,,,,A,NO PEDESTRIANS INVOLVED,,A,21460A,,1,98TH AV,2,,,A,S,25.0,STEARNS ST,F,,A,8/8/2024 9:37:02 AM,2/10/2025 10:01:20 AM,,,2,,,,,,,
3780189,16-004808,2,False,0109,1/26/2016 2:16:00 PM,1416,27X,14,109,Oakland,1,True,True,B,SIDE SWIPE,,Tuesday,,,M,,False,False,False,,E,PARKED MOTOR VEHICLE,,0,0,A,DAYLIGHT,,,,,,,A,NO PEDESTRIANS INVOLVED,,A,22107,,1,COLE ST,2,,,A,S,200.0,BANCROFT AV,F,,D,8/8/2024 9:36:53 AM,2/10/2025 10:01:15 AM,,,2,,,,,,,
3780188,16-001837,2,False,0109,1/11/2016 9:00:00 AM,900,35Y,14,109,Oakland,1,True,True,A,HEAD-ON,,Monday,,,M,,False,False,True,,E,PARKED MOTOR VEHICLE,,0,0,A,DAYLIGHT,,,,,,,A,NO PEDESTRIANS INVOLVED,,A,22107,,1,MARLOW DR,2,,,A,,,MIDDLETON DR,,,D,8/8/2024 9:36:53 AM,2/10/2025 10:01:15 AM,,,2,,,,,,,
3780187,16-001888,2,False,0109,1/11/2016 1:10:00 PM,1310,35Y,14,109,Oakland,1,True,True,C,REAR END,,Monday,,,M,,False,False,False,,E,PARKED MOTOR VEHICLE,,0,0,A,DAYLIGHT,,,,,,,A,NO PEDESTRIANS INVOLVED,,A,22107,,1,ASTER AV,2,,,A,E,100.0,82ND AV,F,,D,8/8/2024 9:36:53 AM,2/10/2025 10:01:15 AM,,,2,,,,,,,
3780185,16-000466,2,False,0109,1/4/2016 7:38:00 PM,1938,23X,14,109,Oakland,1,True,True,H,OTHER,,Monday,,,M,,False,False,False,,E,PARKED MOTOR VEHICLE,,0,0,C,DARK-STREET LIGHTS,,,,,,,A,NO PEDESTRIANS INVOLVED,,A,22106,,1,SAN LEANDRO ST,2,,,A,E,100.0,35TH AV,F,,A,8/8/2024 9:36:52 AM,2/10/2025 10:01:15 AM,,,2,,,,,,,
3780026,16-005891,2,False,0109,2/1/2016 3:00:00 PM,1500,12X,14,109,Oakland,1,True,True,D,BROADSIDE,,Monday,,,,,False,False,True,,E,PARKED MOTOR VEHICLE,,1,0,A,DAYLIGHT,,,,,,,A,NO PEDESTRIANS INVOLVED,,A,22350,,1,41ST ST,1,,,A,W,100.0,TELEGRAPH AV,F,,D,8/8/2024 9:36:21 AM,2/10/2025 10:01:00 AM,,,2,,,,,,,
3779948,16-001290,2,False,0109,1/8/2016 3:15:00 AM,315,24Y,14,109,Oakland,1,True,True,C,REAR END,,Friday,,,M,,False,False,True,,D,MOTOR VEHICLE ON OTHER ROADWAY,,0,0,C,DARK-STREET LIGHTS,,,,,,,A,NO PEDESTRIANS INVOLVED,,A,22107,,1,35TH AV,2,,,A,N,150.0,SUTER ST,F,,A,8/8/2024 9:36:06 AM,2/10/2025 10:00:52 AM,,,2,,,,,,,
3798454,16-001011,2,False,0109,1/6/2016 8:01:00 PM,2001,01X,14,109,Oakland,1,True,True,D,BROADSIDE,,Wednesday,,,,,False,False,False,,C,OTHER MOTOR VEHICLE,,0,0,C,DARK-STREET LIGHTS,,,,,,,A,NO PEDESTRIANS INVOLVED,,A,22450A,,1,MLK JR WY,1,,,B,,,3RD ST,,,A,8/8/2024 11:08:43 AM,2/10/2025 10:33:14 AM,,,2,,,,,,,
3798428,16-005377,2,False,0109,1/29/2016 4:53:00 PM,1653,03Y,14,109,Oakland,1,True,True,D,BROADSIDE,,Friday,,,,,False,False,False,,C,OTHER MOTOR VEHICLE,,0,0,C,DARK-STREET LIGHTS,,,,,,,A,NO PEDESTRIANS INVOLVED,,A,21806A,,1,14TH ST,1,,,B,,,MARTIN LUTHER KING JR WY,,,A,8/8/2024 11:08:41 AM,2/10/2025 10:33:12 AM,,,2,,,,,,,
3798000,16-002137,2,False,0109,1/12/2016 5:36:00 PM,1736,04X,14,109,Oakland,1,True,True,B,SIDE SWIPE,,Tuesday,,,,,False,False,False,,C,OTHER MOTOR VEHICLE,,0,0,C,DARK-STREET LIGHTS,,,,,,,A,NO PEDESTRIANS INVOLVED,,A,22107,,1,17TH ST,1,,,A,W,23.0,BROADWAY,F,,A,8/8/2024 11:08:04 AM,2/10/2025 10:32:27 AM,,,2,,,,,,,
3797984,16-000938,2,False,0109,1/6/2016 2:10:00 PM,1410,04X,14,109,Oakland,1,True,True,C,REAR END,,Wednesday,,,,,False,False,False,,C,OTHER MOTOR VEHICLE,,1,0,A,DAYLIGHT,,,,,,,A,NO PEDESTRIANS INVOLVED,,A,22350,,1,MARTIN LUTHER KING JR WY,1,,,B,N,5.0,THOMAS L BERKELEY,F,,A,8/8/2024 11:08:03 AM,2/10/2025 10:32:25 AM,,,2,,,,,,,
3797950,16-007974,2,False,0109,2/12/2016 1:34:00 PM,1334,26X,14,109,Oakland,1,True,True,B,SIDE SWIPE,,Friday,,,,,False,False,False,,C,OTHER MOTOR VEHICLE,,0,0,A,DAYLIGHT,,,,,,,A,NO PEDESTRIANS INVOLVED,,A,22106,,1,INTERNATIONAL BL,2,,,A,E,63.0,71ST AV,F,,D,8/8/2024 11:08:00 AM,2/10/2025 10:32:21 AM,,,2,,,,,,,
3797901,16-005593,2,False,0109,1/30/2016 7:05:00 PM,1905,18Y,14,109,Oakland,1,True,True,D,BROADSIDE,,Saturday,,,,,False,False,True,,C,OTHER MOTOR VEHICLE,,1,0,C,DARK-STREET LIGHTS,,,,,,,A,NO PEDESTRIANS INVOLVED,,B,,,1,14TH AV,1,,,A,,,E 31ST ST,,,A,8/8/2024 11:07:55 AM,2/10/2025 10:32:16 AM,,,2,,,,,,,
3797886,16-006356,2,False,0109,2/3/2016 3:28:00 PM,1528,26Y,14,109,Oakland,1,True,True,D,BROADSIDE,,Wednesday,,,,,False,False,False,,E,PARKED MOTOR VEHICLE,,1,0,A,DAYLIGHT,,,,,,,A,NO PEDESTRIANS INVOLVED,,B,,,1,EASTLAWN ST,2,,,A,E,25.0,62ND AV,F,,A,8/8/2024 11:07:54 AM,2/10/2025 10:32:14 AM,,,2,,,,,,,
3797690,16-005418,2,False,0109,1/29/2016 9:35:00 PM,2135,03Y,14,109,Oakland,1,True,True,F,OVERTURNED,,Friday,,,,,False,False,False,,C,OTHER MOTOR VEHICLE,,3,0,C,DARK-STREET LIGHTS,,,,,,,A,NO PEDESTRIANS INVOLVED,,A,21453A,,1,11TH ST,1,,,B,,,MADISON ST,,,A,8/8/2024 11:07:37 AM,2/10/2025 10:31:52 AM,,,2,,,,,,,
3797687,16-001707,2,False,0109,1/10/2016 12:44:00 PM,1244,27Y,14,109,Oakland,1,True,True,D,BROADSIDE,,Sunday,,,F,,False,False,False,,C,OTHER MOTOR VEHICLE,,2,0,A,DAYLIGHT,,,,,,,A,NO PEDESTRIANS INVOLVED,,A,22450A,,1,HARMON AV,2,,,A,,,57TH AV,,,D,8/8/2024 11:07:37 AM,2/10/2025 10:31:52 AM,,,2,,,,,,,
3796694,16-005478,2,False,0109,1/30/2016 3:51:00 AM,351,26Y,14,109,Oakland,1,True,True,C,REAR END,,Saturday,,,,,False,False,False,,E,PARKED MOTOR VEHICLE,,0,0,C,DARK-STREET LIGHTS,,,,,,,A,NO PEDESTRIANS INVOLVED,,A,23152A,,1,SAN LEANDRO ST,2,,,B,E,54.0,69TH AV,F,,D,8/8/2024 11:06:18 AM,2/10/2025 10:30:12 AM,,,2,,,,,,,
3796690,16-005444,2,False,0109,1/29/2016 10:33:00 PM,2233,32X,14,109,Oakland,1,True,True,C,REAR END,,Friday,,,,,False,False,True,,E,PARKED MOTOR VEHICLE,,0,0,C,DARK-STREET LIGHTS,,,,,,,A,NO PEDESTRIANS INVOLVED,,A,23152A,,1,100TH AV,2,,,B,,,B ST,,,A,8/8/2024 11:06:17 AM,2/10/2025 10:30:11 AM,,,2,,,,,,,
3796687,16-002589,2,False,0109,1/14/2016 11:25:00 PM,2325,21X,14,109,Oakland,1,True,True,E,HIT OBJECT,,Thursday,,,,,False,False,True,,I,FIXED OBJECT,,0,0,C,DARK-STREET LIGHTS,,,,,,,A,NO PEDESTRIANS INVOLVED,,A,22107,,1,MITCHELL ST,1,,,B,N,15.0,FOOTHILL BL,F,,D,8/8/2024 11:06:17 AM,2/10/2025 10:30:11 AM,,,2,,,,,,,
3796679,16-002760,2,False,0109,1/16/2016 11:41:00 PM,2341,24Y,14,109,Oakland,1,True,True,D,BROADSIDE,,Saturday,,,,,False,False,True,,C,OTHER MOTOR VEHICLE,,0,0,C,DARK-STREET LIGHTS,,,,,,,A,NO PEDESTRIANS INVOLVED,,A,22450A,,1,HIGH ST,2,,,B,,,FLEMING AV,,,D,8/8/2024 11:06:17 AM,2/10/2025 10:30:10 AM,,,2,,,,,,,
3796383,16-028423,2,False,0109,5/29/2016 5:10:00 PM,1710,05X,14,109,Oakland,1,True,True,D,BROADSIDE,,Sunday,,,,,False,False,True,,C,OTHER MOTOR VEHICLE,,3,1,A,DAYLIGHT,,,,,,,A,NO PEDESTRIANS INVOLVED,,A,21801A,,1,14TH ST,1,,,A,,,ADELINE ST,,,A,8/8/2024 11:05:53 AM,2/10/2025 10:29:39 AM,,,2,,,,,,,
3796213,16-065444,2,False,0109,12/12/2016 5:30:00 AM,530,06X,14,109,Oakland,1,True,True,G,VEHICLE/PEDESTRAIN,,Monday,,,,,False,False,True,,B,PEDESTRIAN,,0,1,C,DARK-STREET LIGHTS,,,,,,,D,CROSSING - NOT IN CROSSWALK,,A,21956,,1,40TH ST,1,,,A,W,164.0,LINDEN ST,F,,A,8/8/2024 11:05:39 AM,2/10/2025 10:29:20 AM,,,2,,,,,,,
3796205,16-045884,2,False,0109,8/29/2016 5:06:00 PM,1706,22Y,14,109,Oakland,1,True,True,D,BROADSIDE,,Monday,,,,,False,False,True,,C,OTHER MOTOR VEHICLE,,0,1,A,DAYLIGHT,,,,,,,A,NO PEDESTRIANS INVOLVED,,A,21804A,,1,SKYLINE BL,1,,,A,W,428.0,ROBERTS PARK,F,,D,8/8/2024 11:05:38 AM,2/10/2025 10:29:19 AM,,,2,,,,,,,
3795838,16-006318,2,False,0109,2/3/2016 12:36:00 PM,1236,23X,14,109,Oakland,1,True,True,B,SIDE SWIPE,,Wednesday,,,,,False,False,False,,C,OTHER MOTOR VEHICLE,,0,0,A,DAYLIGHT,,,,,,,A,NO PEDESTRIANS INVOLVED,,A,22107,,1,FRUITVALE AV,2,,,A,,,E 12TH ST,,,A,8/8/2024 11:05:09 AM,2/10/2025 10:28:40 AM,,,2,,,,,,,
3795837,16-006378,2,False,0109,2/3/2016 5:30:00 PM,1730,28X,14,109,Oakland,1,True,True,H,OTHER,,Wednesday,,,M,,False,False,True,,I,FIXED OBJECT,,0,0,B,DUSK-DAWN,,,,,,,A,NO PEDESTRIANS INVOLVED,,A,22350,,1,MAVIS ST,2,,,A,,,BROOKDALE AV,,,A,8/8/2024 11:05:09 AM,2/10/2025 10:28:39 AM,,,2,,,,,,,
3795836,16-007791,2,False,0109,2/11/2016 4:18:00 PM,1618,26X,14,109,Oakland,1,True,True,D,BROADSIDE,,Thursday,,,,,False,False,False,,C,OTHER MOTOR VEHICLE,,0,0,A,DAYLIGHT,,,,,,,A,NO PEDESTRIANS INVOLVED,,A,21453A,,1,HIGH ST,2,,,A,,,E 12TH ST,,,A,8/8/2024 11:05:09 AM,2/10/2025 10:28:39 AM,,,2,,,,,,,
3795624,16-006434,2,False,0109,2/4/2016 2:10:00 AM,210,34X,14,109,Oakland,1,True,True,A,HEAD-ON,,Thursday,,,M,,False,False,True,,E,PARKED MOTOR VEHICLE,,0,0,C,DARK-STREET LIGHTS,,,,,,,A,NO PEDESTRIANS INVOLVED,,A,22107,,1,OLIVE ST,2,,,A,W,50.0,84TH AV,F,,D,8/8/2024 11:04:51 AM,2/10/2025 10:28:17 AM,,,2,,,,,,,
3795623,16003047,2,False,0109,1/17/2016 8:37:00 PM,2037,31X,14,109,Oakland,1,True,True,D,BROADSIDE,,Sunday,,,,,False,False,False,,C,OTHER MOTOR VEHICLE,,0,0,C,DARK-STREET LIGHTS,,,,,,,A,NO PEDESTRIANS INVOLVED,,D,,,,EDES AV,2,,,B,,,JONES AV,,,A,8/8/2024 11:04:51 AM,2/10/2025 10:28:17 AM,,,2,,,,,,,
3795564,16-006449,2,False,0109,2/4/2016 7:46:00 AM,746,16X,14,109,Oakland,1,True,True,A,HEAD-ON,,Thursday,,,,,False,False,True,,E,PARKED MOTOR VEHICLE,,0,0,A,DAYLIGHT,,,,,,,A,NO PEDESTRIANS INVOLVED,,A,23152A,,1,GREENWOOD AV,1,,,A,N,45.0,HAMPEL ST,F,,D,8/8/2024 11:04:47 AM,2/10/2025 10:28:11 AM,,,2,,,,,,,
3795563,16-007789,2,False,0109,2/11/2016 3:06:00 PM,1506,08X,14,109,Oakland,1,True,True,B,SIDE SWIPE,,Thursday,,,,,False,False,False,,E,PARKED MOTOR VEHICLE,,0,0,A,DAYLIGHT,,,,,,,A,NO PEDESTRIANS INVOLVED,,A,22107,,1,ELM ST,1,,,A,S,50.0,34TH ST,F,,D,8/8/2024 11:04:47 AM,2/10/2025 10:28:11 AM,,,2,,,,,,,
3795102,16-005660,2,False,0109,1/31/2016 9:47:00 AM,947,15X,14,109,Oakland,1,True,True,D,BROADSIDE,,Sunday,,,,,False,False,False,,C,OTHER MOTOR VEHICLE,,6,0,A,DAYLIGHT,,,,,,,A,NO PEDESTRIANS INVOLVED,,A,21453A,,1,LAKESHORE AV,1,,,A,,,MACARTHUR BL,,,A,8/8/2024 11:04:08 AM,2/10/2025 10:27:21 AM,,,2,,,,,,,
3794673,16-001897,2,False,0109,1/11/2016 1:56:00 PM,1356,08X,14,109,Oakland,1,True,True,D,BROADSIDE,,Monday,,,,,False,False,True,,C,OTHER MOTOR VEHICLE,,1,0,A,DAYLIGHT,,,,,,,A,NO PEDESTRIANS INVOLVED,,A,21453A,,,27TH ST,1,,,A,,,VALDEZ ST,,,A,8/8/2024 11:03:31 AM,2/10/2025 10:26:39 AM,,,2,,,,,,,
3791210,16-004021,2,False,0109,1/22/2016 7:22:00 PM,1922,01X,14,109,Oakland,1,True,True,C,REAR END,,Friday,,,,,False,False,False,,C,OTHER MOTOR VEHICLE,,0,0,C,DARK-STREET LIGHTS,,,,,,,A,NO PEDESTRIANS INVOLVED,,A,22350,,1,5TH ST,1,,,B,E,150.0,JEFFERSON ST,F,,D,8/8/2024 10:58:45 AM,2/10/2025 10:20:30 AM,,,2,,,,,,,
3791001,16-007168 1007,2,False,0109,2/8/2016 8:18:00 AM,818,13X,14,109,Oakland,1,True,True,G,VEHICLE/PEDESTRAIN,,Monday,,,,,False,False,False,,B,PEDESTRIAN,,1,0,A,DAYLIGHT,,,,,,,B,CROSSING IN CROSS WALK AT INTERSECTION,,A,21950A,,1,FLORENCE AV,1,,,A,E,10.0,HERMOSA AV,F,,D,8/8/2024 10:58:29 AM,2/10/2025 10:20:10 AM,,,2,,,,,,,
3790839,16-001967,2,False,0109,1/11/2016 9:04:00 PM,2104,31X,14,109,Oakland,1,True,True,D,BROADSIDE,,Monday,,,,,False,False,True,,C,OTHER MOTOR VEHICLE,,0,0,C,DARK-STREET LIGHTS,,,,,,,A,NO PEDESTRIANS INVOLVED,,A,21802,,1,98TH AV,2,,,A,N,30.0,BIGGE ST,F,,A,8/8/2024 10:58:16 AM,2/10/2025 10:19:53 AM,,,2,,,,,,,
3789969,16-002704,2,False,0109,1/15/2016 5:05:00 PM,1705,10X,14,109,Oakland,1,True,True,D,BROADSIDE,,Friday,,,,,False,False,False,,C,OTHER MOTOR VEHICLE,,0,0,A,DAYLIGHT,,,,,,,A,NO PEDESTRIANS INVOLVED,,A,21755,,1,ARLINGTON AV,1,,,A,,,MLK JR WY,,,D,8/8/2024 10:57:04 AM,2/10/2025 10:18:19 AM,,,2,,,,,,,
3789965,16-005437,2,False,0109,1/29/2016 10:32:00 PM,2232,32X,14,109,Oakland,1,True,True,D,BROADSIDE,,Friday,,,M,,False,False,False,,C,OTHER MOTOR VEHICLE,,0,0,C,DARK-STREET LIGHTS,,,,,,,A,NO PEDESTRIANS INVOLVED,,A,23152A,,1,93RD AV,2,,,B,,,B ST,,,A,8/8/2024 10:57:03 AM,2/10/2025 10:18:19 AM,,,2,,,,,,,
3789894,16-005339,2,False,0109,1/29/2016 1:25:00 PM,1325,35X,14,109,Oakland,1,True,True,D,BROADSIDE,,Friday,,,,,False,False,True,,C,OTHER MOTOR VEHICLE,,4,0,A,DAYLIGHT,,,,,,,A,NO PEDESTRIANS INVOLVED,,A,21802A,,1,96TH AV,2,,,B,,,BANCROFT AV,,,D,8/8/2024 10:56:58 AM,2/10/2025 10:18:12 AM,,,2,,,,,,,
3789767,16-007890,2,False,0109,2/18/2016 4:42:00 AM,442,21X,14,109,Oakland,1,True,True,C,REAR END,,Thursday,,,M,,False,False,True,,E,PARKED MOTOR VEHICLE,,0,0,C,DARK-STREET LIGHTS,,,,,,,A,NO PEDESTRIANS INVOLVED,,A,22107,,1,26TH AV,1,,,A,N,200.0,LOGAN ST,F,,D,8/8/2024 10:56:47 AM,2/10/2025 10:17:59 AM,,,2,,,,,,,
3789728,16-002006,2,False,0109,1/12/2016 5:50:00 AM,550,05,14,109,Oakland,1,True,True,C,REAR END,,Tuesday,,,,,False,False,False,,C,OTHER MOTOR VEHICLE,,1,0,C,DARK-STREET LIGHTS,,,,,,,A,NO PEDESTRIANS INVOLVED,,A,22107,,1,W GRAND AV,1,,,A,E,150.0,MARATIME ST,F,,A,8/8/2024 10:56:44 AM,2/10/2025 10:17:55 AM,,,2,,,,,,,
3789724,16-006005,2,False,0109,2/2/2016 8:13:00 AM,813,26X,14,109,Oakland,1,True,True,B,SIDE SWIPE,,Tuesday,,,,,False,False,True,,C,OTHER MOTOR VEHICLE,,2,0,A,DAYLIGHT,,,,,,,A,NO PEDESTRIANS INVOLVED,,B,,,1,INTERNATIONAL BL,2,,,B,,,51ST AV,,,D,8/8/2024 10:56:44 AM,2/10/2025 10:17:55 AM,,,2,,,,,,,
3789366,16-004567,2,False,0109,1/25/2016 8:22:00 PM,2022,31Y,14,109,Oakland,1,True,True,D,BROADSIDE,,Monday,,,,,False,False,True,,C,OTHER MOTOR VEHICLE,,3,0,C,DARK-STREET LIGHTS,,,,,,,A,NO PEDESTRIANS INVOLVED,,A,21801A,,1,AIRPORT ACCESS RD,2,,,A,,,98TH AV,,,A,8/8/2024 10:56:16 AM,2/10/2025 10:17:18 AM,,,2,,,,,,,
3788992,16-004691,2,False,0109,1/26/2016 1:30:00 PM,1330,35X,14,109,Oakland,1,True,True,E,HIT OBJECT,,Tuesday,,,,,False,False,True,,I,FIXED OBJECT,,0,1,A,DAYLIGHT,,,,,,,A,NO PEDESTRIANS INVOLVED,,A,22350,,1,SAGE RD,2,,,A,W,455.0,SEQUOYAH,F,,D,8/8/2024 10:07:51 AM,2/10/2025 10:16:33 AM,,,2,,,,,,,
3788929,16-038881,2,False,0109,7/22/2016 4:10:00 AM,410,23X,14,109,Oakland,1,True,True,E,HIT OBJECT,,Friday,,,,,False,False,True,,I,FIXED OBJECT,,0,1,C,DARK-STREET LIGHTS,,,,,,,A,NO PEDESTRIANS INVOLVED,,A,22107,,1,INTERNATIONAL BL,2,,,A,W,22.0,41ST AV,F,,D,8/8/2024 10:07:34 AM,2/10/2025 10:16:24 AM,,,2,,,,,,,
3788925,16-003209,2,False,0109,1/18/2016 11:41:00 PM,2341,27X,14,109,Oakland,1,True,True,C,REAR END,,Monday,,,,,False,False,True,,A,NON-COLLISION,,2,1,C,DARK-STREET LIGHTS,,,,,,,,,,A,23152A,,1,FOOTHILL BL,2,,,A,,,COLE ST,,,D,8/8/2024 10:07:33 AM,2/10/2025 10:16:23 AM,,,2,,,,,,,
3807946,16-006916,2,False,0109,2/7/2016 12:54:00 AM,54,30,14,109,Oakland,1,True,True,B,SIDE SWIPE,,Sunday,,,M,,False,False,True,,D,MOTOR VEHICLE ON OTHER ROADWAY,,0,0,C,DARK-STREET LIGHTS,,,,,,,A,NO PEDESTRIANS INVOLVED,,A,22450A,,1,ARTHUR ST,2,,,A,,,HAVENSCOURT BL,,,D,8/8/2024 11:21:59 AM,2/10/2025 10:49:58 AM,,,2,,,,,,,
3807945,16-005790,2,False,0109,2/1/2016 5:25:00 AM,525,33,14,109,Oakland,1,True,True,B,SIDE SWIPE,,Monday,,,,,False,False,False,,C,OTHER MOTOR VEHICLE,,0,0,A,DAYLIGHT,,,,,,,A,NO PEDESTRIANS INVOLVED,,A,22107,,1,INTERNATIONAL BL,2,,,A,W,50.0,94TH AV,F,,D,8/8/2024 11:21:59 AM,2/10/2025 10:49:58 AM,,,2,,,,,,,
3807944,16-006219,2,False,0109,2/3/2016 1:29:00 AM,129,21,14,109,Oakland,1,True,True,C,REAR END,,Wednesday,,,,,False,False,False,,E,PARKED MOTOR VEHICLE,,0,0,C,DARK-STREET LIGHTS,,,,,,,A,NO PEDESTRIANS INVOLVED,,A,22350,,1,FRUITVALE AV,1,,,A,N,40.0,LYNDE ST,F,,D,8/8/2024 11:21:59 AM,2/10/2025 10:49:58 AM,,,2,,,,,,,
3807943,16-007368,2,False,0109,2/9/2016 9:40:00 AM,940,23,14,109,Oakland,1,True,True,D,BROADSIDE,,Tuesday,,,,,False,False,False,,C,OTHER MOTOR VEHICLE,,0,0,A,DAYLIGHT,,,,,,,A,NO PEDESTRIANS INVOLVED,,A,21801A,,1,35TH AV,2,,,A,,,16TH ST,,,A,8/8/2024 11:21:59 AM,2/10/2025 10:49:58 AM,,,2,,,,,,,
3807942,16-006567,2,False,0109,2/4/2016 4:20:00 PM,1620,21,14,109,Oakland,1,True,True,B,SIDE SWIPE,,Thursday,,,,,False,False,False,,C,OTHER MOTOR VEHICLE,,0,0,A,DAYLIGHT,,,,,,,A,NO PEDESTRIANS INVOLVED,,D,,,,FRUITVALE AV,1,,,A,,,NICOL AV,,,A,8/8/2024 11:21:59 AM,2/10/2025 10:49:58 AM,,,2,,,,,,,
3807941,16-006828,2,False,0109,2/5/2016 9:45:00 PM,2145,18,14,109,Oakland,1,True,True,D,BROADSIDE,,Friday,,,,,False,False,True,,C,OTHER MOTOR VEHICLE,,0,0,D,DARK-NO STREET LIGHTS,,,,,,,A,NO PEDESTRIANS INVOLVED,,A,21802A,,1,22ND AV,1,,,A,,,20TH ST,,,A,8/8/2024 11:21:59 AM,2/10/2025 10:49:58 AM,,,2,,,,,,,
3807925,16-001787,2,False,0109,1/11/2016 10:59:00 PM,2259,03X,14,109,Oakland,1,True,True,B,SIDE SWIPE,,Monday,,,,,False,False,False,,C,OTHER MOTOR VEHICLE,,0,0,C,DARK-STREET LIGHTS,,,,,,,A,NO PEDESTRIANS INVOLVED,,A,21453A,,,7TH ST,1,,,A,,,JACKSON ST,,,A,8/8/2024 11:21:57 AM,2/10/2025 10:49:56 AM,,,2,,,,,,,
3807924,16-003988,2,False,0109,1/22/2016 3:40:00 PM,1540,27X,14,109,Oakland,1,True,True,A,HEAD-ON,,Friday,,,,,False,False,False,,C,OTHER MOTOR VEHICLE,,0,0,A,DAYLIGHT,,,,,,,A,NO PEDESTRIANS INVOLVED,,A,21657,,1,E 17TH ST,2,,,B,W,40.0,64TH AV,F,,D,8/8/2024 11:21:57 AM,2/10/2025 10:49:56 AM,,,2,,,,,,,
3807881,16-010919,2,False,0109,2/28/2016 6:27:00 AM,627,12Y,14,109,Oakland,1,True,True,G,VEHICLE/PEDESTRAIN,,Sunday,,,F,,False,False,False,,B,PEDESTRIAN,,1,0,A,DAYLIGHT,,,,,,,D,CROSSING - NOT IN CROSSWALK,,A,21955,,1,SHAFTER AV,1,,,A,S,150.0,COLLEGE AV,F,,D,8/8/2024 11:21:54 AM,2/10/2025 10:49:52 AM,,,2,,,,,,,
3807880,16-006949,2,False,0109,2/6/2016 12:51:00 PM,1251,17Y,14,109,Oakland,1,True,True,C,REAR END,,Saturday,,,,,False,False,False,,C,OTHER MOTOR VEHICLE,,1,0,A,DAYLIGHT,,,,,,,A,NO PEDESTRIANS INVOLVED,,A,21750,,1,E 27TH ST,1,,,A,W,150.0,14TH AV,F,,D,8/8/2024 11:21:54 AM,2/10/2025 10:49:52 AM,,,2,,,,,,,
3807879,16-006537,2,False,0109,2/4/2016 2:00:00 PM,1400,15X,14,109,Oakland,1,True,True,D,BROADSIDE,,Thursday,,,,,False,False,False,,D,MOTOR VEHICLE ON OTHER ROADWAY,,1,0,A,DAYLIGHT,,,,,,,A,NO PEDESTRIANS INVOLVED,,A,21453A,,1,MACARTHUR BL,1,,,A,,,PARK BL,,,A,8/8/2024 11:21:54 AM,2/10/2025 10:49:52 AM,,,2,,,,,,,
3807870,16-006760,2,False,0109,2/5/2016 2:21:00 PM,1421,18Y,14,109,Oakland,1,True,True,D,BROADSIDE,,Friday,,,,,False,False,False,,C,OTHER MOTOR VEHICLE,,1,0,A,DAYLIGHT,,,,,,,A,NO PEDESTRIANS INVOLVED,,A,21801A,,1,14TH AV,1,,,A,,,E 31ST ST,,,A,8/8/2024 11:21:53 AM,2/10/2025 10:49:51 AM,,,2,,,,,,,