collision-id,report-number,report-version,is-preliminary,ncic-code,crash-date-time,crash-time-description,beat,city-id,city-code,city-name,county-code,city-is-active,city-is-incorporated,collision-type-code,collision-type-description,collision-type-other-desc,day-of-week,dispatch-notified,has-photographs,hit-run,is-attachments-mailed,is-deleted,is-highway-related,is-tow-away,judicial-district,motor-vehicle-involved-with-code,motor-vehicle-involved-with-desc,motor-vehicle-involved-with-other-desc,number-injured,number-killed,lighting-code,lighting-description,latitude,longitude,milepost-direction,milepost-distance,milepost-marker,milepost-unit-of-measure,pedestrian-action-code,pedestrian-action-desc,prepared-date,primary-collision-factor-code,primary-collision-factor-description,primary-collision-factor-is-cited,primary-collision-party-number,primary-road,reporting-district,reporting-district-code,reviewed-date,roadway-surface-code,secondary-direction,secondary-distance,secondary-road,secondary-unit-of-measure,sketch-desc,traffic-control-device-code,created-date,modified-date,is-county-road,is-freeway,chp-555-version,is-additonal-object-struck,notification-date,notification-time-description,has-digital-media-files,evidence-number,is-location-refer-to-narrative,is-aoi-one-same-as-location
3838858,16-021443,2,False,0109,4/22/2016 2:35:00 PM,1435,30X,14,109,Oakland,1,True,True,A,HEAD-ON,,Friday,,,M,,False,False,False,,,,,0,0,A,DAYLIGHT,,,,,,,A,NO PEDESTRIANS INVOLVED,,A,22450A,,1,81ST AV,2,,,B,,,OLIVE ST,,,A,8/8/2024 12:12:30 PM,2/10/2025 11:51:49 AM,,,2,,,,,,,
3838853,16-018685,2,False,0109,4/8/2016 10:53:00 PM,2253,33X,14,109,Oakland,1,True,True,D,BROADSIDE,,Friday,,,M,,False,False,False,,E,PARKED MOTOR VEHICLE,,0,0,C,DARK-STREET LIGHTS,,,,,,,A,NO PEDESTRIANS INVOLVED,,A,22107,,1,E ST,2,,,B,E,240.0,92ND AV,F,,D,8/8/2024 12:12:30 PM,2/10/2025 11:51:49 AM,,,2,,,,,,,
3838801,16-018223,2,False,0109,4/6/2016 5:58:00 PM,1758,08X,14,109,Oakland,1,True,True,D,BROADSIDE,,Wednesday,,,,,False,False,False,,G,BICYCLE,,1,0,A,DAYLIGHT,,,,,,,A,NO PEDESTRIANS INVOLVED,,A,22107,,1,34TH ST,1,,,A,,,33RD ST,,,D,8/8/2024 12:12:23 PM,2/10/2025 11:51:44 AM,,,2,,,,,,,
3838796,16-021103,2,False,0109,4/18/2016 3:41:00 PM,1541,01X,14,109,Oakland,1,True,True,G,VEHICLE/PEDESTRAIN,,Monday,,,,,False,False,False,,B,PEDESTRIAN,,1,0,A,DAYLIGHT,,,,,,,E,IN ROAD - INCLUDES SHOULDER,,D,,,,4TH ST,1,,,A,E,40.0,MADISON ST,F,,A,8/8/2024 12:12:23 PM,2/10/2025 11:51:44 AM,,,2,,,,,,,
3838791,16-019753,2,False,0109,4/14/2016 10:25:00 AM,1025,19X,14,109,Oakland,1,True,True,B,SIDE SWIPE,,Thursday,,,,,False,False,False,,C,OTHER MOTOR VEHICLE,,1,0,A,DAYLIGHT,,,,,,,A,NO PEDESTRIANS INVOLVED,,A,22106,,1,E 15TH ST,2,,,A,W,84.0,2ND AV,F,,A,8/8/2024 12:12:22 PM,2/10/2025 11:51:44 AM,,,2,,,,,,,
3838788,16-020586,2,False,0109,4/18/2016 7:07:00 PM,1907,17Y,14,109,Oakland,1,True,True,D,BROADSIDE,,Monday,,,M,,False,False,False,,C,OTHER MOTOR VEHICLE,,1,0,A,DAYLIGHT,,,,,,,A,NO PEDESTRIANS INVOLVED,,A,21453A,,1,PARK BL,1,,,A,,,MACARTHUR BL,,,A,8/8/2024 12:12:22 PM,2/10/2025 11:51:44 AM,,,2,,,,,,,
3838747,16-008719,2,False,0109,2/16/2016 6:49:00 PM,1849,32X,14,109,Oakland,1,True,True,B,SIDE SWIPE,,Tuesday,,,,,False,False,True,,E,PARKED MOTOR VEHICLE,,0,0,C,DARK-STREET LIGHTS,,,,,,,A,NO PEDESTRIANS INVOLVED,,A,22107,,1,STEARNS AV,2,,,A,E,5.0,99TH AV,F,,D,8/8/2024 12:12:17 PM,2/10/2025 11:51:41 AM,,,2,,,,,,,
3838743,16-008310,2,False,0109,4/14/2016 1:41:00 PM,1341,08X,14,109,Oakland,1,True,True,D,BROADSIDE,,Thursday,,,,,False,False,False,,C,OTHER MOTOR VEHICLE,,0,0,A,DAYLIGHT,,,,,,,A,NO PEDESTRIANS INVOLVED,,A,21453A,,1,BROADWAY,1,,,A,,,29TH ST,,,A,8/8/2024 12:12:16 PM,2/10/2025 11:51:40 AM,,,2,,,,,,,
3838738,16-020149,2,False,0109,4/16/2016 9:45:00 AM,945,35Y,14,109,Oakland,1,True,True,B,SIDE SWIPE,,Saturday,,,,,False,False,False,,G,BICYCLE,,1,0,A,DAYLIGHT,,,,,,,A,NO PEDESTRIANS INVOLVED,,A,22107,,1,GOLF LINKS RD,2,,,A,N,30.0,ANZA AV,F,,D,8/8/2024 12:12:16 PM,2/10/2025 11:51:40 AM,,,2,,,,,,,
3838737,16-009716,2,False,0109,2/22/2016 7:33:00 AM,733,30Y,14,109,Oakland,1,True,True,A,HEAD-ON,,Monday,,,,,False,False,True,,E,PARKED MOTOR VEHICLE,,1,0,A,DAYLIGHT,,,,,,,A,NO PEDESTRIANS INVOLVED,,A,22350,,1,70TH AV,2,,,A,N,104.0,FLORA ST,F,,D,8/8/2024 12:12:16 PM,2/10/2025 11:51:40 AM,,,2,,,,,,,
3838731,16-005320,2,False,0109,1/29/2016 11:55:00 AM,1155,27X,14,109,Oakland,1,True,True,C,REAR END,,Friday,,,,,False,False,False,,E,PARKED MOTOR VEHICLE,,1,0,A,DAYLIGHT,,,,,,,A,NO PEDESTRIANS INVOLVED,,A,22107,,1,SEMINARY AV,2,,,B,N,10.0,HARMON AV,F,,D,8/8/2024 12:12:14 PM,2/10/2025 11:51:40 AM,,,2,,,,,,,
3838727,16-005443,2,False,0109,1/29/2016 10:16:00 PM,2216,08X,14,109,Oakland,1,True,True,C,REAR END,,Friday,,,,,False,False,False,,C,OTHER MOTOR VEHICLE,,0,0,C,DARK-STREET LIGHTS,,,,,,,A,NO PEDESTRIANS INVOLVED,,A,23152A,,1,TELEGRAPH AV,1,,,B,N,50.0,MACARTHUR BL,F,,A,8/8/2024 12:12:14 PM,2/10/2025 11:51:39 AM,,,2,,,,,,,
3838722,16019267,2,False,0109,4/8/2016 9:20:00 AM,920,02X,14,109,Oakland,1,True,True,E,HIT OBJECT,,Friday,,,M,,False,False,False,,J,OTHER OBJECT,,0,0,A,DAYLIGHT,,,,,,,A,NO PEDESTRIANS INVOLVED,,A,22451A,,1,MARITIME ST,1,,,A,N,100.0,MIDDLE HARBOR RD,F,,A,8/8/2024 12:12:13 PM,2/10/2025 11:51:39 AM,,,2,,,,,,,
3838718,16021715,2,False,0109,4/24/2016 6:46:00 AM,646,30Y,14,109,Oakland,1,True,True,C,REAR END,,Sunday,,,M,,False,False,False,,E,PARKED MOTOR VEHICLE,,0,0,A,DAYLIGHT,,,,,,,A,NO PEDESTRIANS INVOLVED,,A,22107,,1,75TH AV,2,,,A,N,50.0,MACARTHUR BL,F,,D,8/8/2024 12:12:13 PM,2/10/2025 11:51:39 AM,,,2,,,,,,,
3838715,16-013106,2,False,0109,3/10/2016 10:02:00 AM,1002,26Y,14,109,Oakland,1,True,True,C,REAR END,,Thursday,,,,,False,False,True,,C,OTHER MOTOR VEHICLE,,0,0,A,DAYLIGHT,,,,,,,A,NO PEDESTRIANS INVOLVED,,A,21703,,1,69TH AV,2,,,A,S,10.0,INTERNATIONAL BL,F,,A,8/8/2024 12:12:13 PM,2/10/2025 11:51:39 AM,,,2,,,,,,,
3838710,16-006229,2,False,0109,2/3/2016 2:54:00 AM,254,27X,14,109,Oakland,1,True,True,H,OTHER,,Wednesday,,,M,,False,False,False,,E,PARKED MOTOR VEHICLE,,0,0,C,DARK-STREET LIGHTS,,,,,,,A,NO PEDESTRIANS INVOLVED,,A,22350,,1,FOOTHILL BL,2,,,A,W,200.0,51ST AV,F,,D,8/8/2024 12:12:12 PM,2/10/2025 11:51:38 AM,,,2,,,,,,,
3858413,16-021463,2,False,0109,4/22/2016 5:18:00 PM,1718,27X,14,109,Oakland,1,True,True,C,REAR END,,Friday,,,M,,False,False,False,,C,OTHER MOTOR VEHICLE,,1,0,A,DAYLIGHT,,,,,,,A,NO PEDESTRIANS INVOLVED,,A,22350,,1,SEMINARY AV,2,,,A,N,120.0,INTERNATIONAL BL,F,,D,8/8/2024 12:59:52 PM,2/10/2025 12:14:32 PM,,,2,,,,,,,
3858406,16-021461,2,False,0109,4/22/2016 5:58:00 PM,1758,04X,14,109,Oakland,1,True,True,D,BROADSIDE,,Friday,,,,,False,False,False,,C,OTHER MOTOR VEHICLE,,1,0,A,DAYLIGHT,,,,,,,A,NO PEDESTRIANS INVOLVED,,A,21453A,,1,THOMAS L BERKLEY WY,1,,,A,,,HARRISON ST,,,A,8/8/2024 12:59:51 PM,2/10/2025 12:14:32 PM,,,2,,,,,,,
3858398,16-020328,2,False,0109,4/17/2016 12:46:00 PM,1246,08X,14,109,Oakland,1,True,True,D,BROADSIDE,,Sunday,,,,,False,False,False,,C,OTHER MOTOR VEHICLE,,1,0,A,DAYLIGHT,,,,,,,A,NO PEDESTRIANS INVOLVED,,A,21801A,,1,NORTHGATE AV,1,,,A,,,SYCAMORE ST,,,D,8/8/2024 12:59:49 PM,2/10/2025 12:14:31 PM,,,2,,,,,,,
3858394,16-021039,2,False,0109,4/20/2016 4:17:00 PM,1617,28X,14,109,Oakland,1,True,True,D,BROADSIDE,,Wednesday,,,,,False,False,False,,C,OTHER MOTOR VEHICLE,,1,0,A,DAYLIGHT,,,,,,,A,NO PEDESTRIANS INVOLVED,,A,21801A,,1,HIGH ST,2,,,A,,,REDDING ST,,,A,8/8/2024 12:59:49 PM,2/10/2025 12:14:31 PM,,,2,,,,,,,
3858390,16-019556,2,False,0109,4/13/2016 11:56:00 AM,1156,17X,14,109,Oakland,1,True,True,G,VEHICLE/PEDESTRAIN,,Wednesday,,,,,False,False,False,,B,PEDESTRIAN,,1,0,A,DAYLIGHT,,,,,,,B,CROSSING IN CROSS WALK AT INTERSECTION,,A,21950A,,1,8TH AV,1,,,A,S,3.0,18TH ST,F,,A,8/8/2024 12:59:48 PM,2/10/2025 12:14:31 PM,,,2,,,,,,,
3858386,16-020366,2,False,0109,4/17/2016 5:30:00 PM,1730,29X,14,109,Oakland,1,True,True,D,BROADSIDE,,Sunday,,,M,,False,False,False,,C,OTHER MOTOR VEHICLE,,1,0,A,DAYLIGHT,,,,,,,A,NO PEDESTRIANS INVOLVED,,A,21453A,,1,CAMDEN ST,2,,,A,,,SEMINARY AV,,,A,8/8/2024 12:59:48 PM,2/10/2025 12:14:30 PM,,,2,,,,,,,
3858332,16-019856,2,False,0109,4/14/2016 6:20:00 PM,1820,21X,14,109,Oakland,1,True,True,B,SIDE SWIPE,,Thursday,,,,,False,False,False,,C,OTHER MOTOR VEHICLE,,0,0,A,DAYLIGHT,,,,,,,A,NO PEDESTRIANS INVOLVED,,A,22450A,,1,E 20TH ST,1,,,A,,,25TH AV,,,A,8/8/2024 12:59:39 PM,2/10/2025 12:14:27 PM,,,2,,,,,,,
3858328,16-019617,2,False,0109,4/13/2016 4:40:00 PM,1640,19X,14,109,Oakland,1,True,True,D,BROADSIDE,,Wednesday,,,,,False,False,False,,C,OTHER MOTOR VEHICLE,,0,0,A,DAYLIGHT,,,,,,,A,NO PEDESTRIANS INVOLVED,,A,21801A,,1,E 12TH ST,1,,,A,,,22ND AV,,,A,8/8/2024 12:59:38 PM,2/10/2025 12:14:26 PM,,,2,,,,,,,
3858324,16-020078,2,False,0109,4/15/2016 9:24:00 PM,2124,18X,14,109,Oakland,1,True,True,E,HIT OBJECT,,Friday,,,,,False,False,False,,I,FIXED OBJECT,,0,0,C,DARK-STREET LIGHTS,,,,,,,A,NO PEDESTRIANS INVOLVED,,A,22106,,1,E 25TH ST,1,,,A,W,400.0,23RD AV,F,,D,8/8/2024 12:59:38 PM,2/10/2025 12:14:26 PM,,,2,,,,,,,
3858320,16-018262,2,False,0109,4/6/2016 3:00:00 PM,1500,18X,14,109,Oakland,1,True,True,G,VEHICLE/PEDESTRAIN,,Wednesday,,,M,,False,False,False,,E,PARKED MOTOR VEHICLE,,0,0,A,DAYLIGHT,,,,,,,A,NO PEDESTRIANS INVOLVED,,A,22106,,1,10TH AV,1,,,A,N,175.0,E 24TH ST,F,,D,8/8/2024 12:59:37 PM,2/10/2025 12:14:26 PM,,,2,,,,,,,
3857074,16-017115,2,False,0109,4/1/2016 9:26:00 AM,926,03X,14,109,Oakland,1,True,True,D,BROADSIDE,,Friday,,,,,False,False,False,,C,OTHER MOTOR VEHICLE,,0,0,A,DAYLIGHT,,,,,,,A,NO PEDESTRIANS INVOLVED,,A,21453A,,1,11TH ST,1,,,A,,,HARRISON ST,,,A,8/8/2024 12:56:16 PM,2/10/2025 12:13:00 PM,,,2,,,,,,,
3857071,16-002993,2,False,0109,1/17/2016 12:50:00 PM,1250,30X,14,109,Oakland,1,True,True,C,REAR END,,Sunday,,,M,,False,False,False,,C,OTHER MOTOR VEHICLE,,1,0,A,DAYLIGHT,,,,,,,A,NO PEDESTRIANS INVOLVED,,A,22350,,1,77TH AV,2,,,B,N,700.0,INTERNATIONAL BL,F,,D,8/8/2024 12:56:16 PM,2/10/2025 12:12:59 PM,,,2,,,,,,,
3855345,16-021957,2,False,0109,4/25/2016 8:16:00 PM,2016,24X,14,109,Oakland,1,True,True,A,HEAD-ON,,Monday,,,,,False,False,False,,C,OTHER MOTOR VEHICLE,,0,0,C,DARK-STREET LIGHTS,,,,,,,A,NO PEDESTRIANS INVOLVED,,A,23152A,,1,DAVIS ST,2,,,A,,,HUMBOLDT AV,,,A,8/8/2024 12:51:32 PM,2/10/2025 12:11:05 PM,,,2,,,,,,,
3855336,16-023599,2,False,0109,5/3/2016 8:09:00 PM,2009,19X,14,109,Oakland,1,True,True,B,SIDE SWIPE,,Tuesday,,,,,False,False,False,,G,BICYCLE,,2,0,A,DAYLIGHT,,,,,,,A,NO PEDESTRIANS INVOLVED,,D,,,,EMBARCADERO,1,,,A,,,LIVINGSTON ST,,,D,8/8/2024 12:51:31 PM,2/10/2025 12:11:05 PM,,,2,,,,,,,
3855284,16-021525,2,False,0109,4/23/2016 1:06:00 AM,106,33X,14,109,Oakland,1,True,True,E,HIT OBJECT,,Saturday,,,,,False,False,True,,I,FIXED OBJECT,,0,0,C,DARK-STREET LIGHTS,,,,,,,A,NO PEDESTRIANS INVOLVED,,A,21658A,,1,INTERNATIONAL BL,2,,,A,E,50.0,87TH AV,F,,A,8/8/2024 12:51:22 PM,2/10/2025 12:11:01 PM,,,2,,,,,,,
3855280,16-017379,2,False,0109,4/2/2016 6:40:00 PM,1840,03X,14,109,Oakland,1,True,True,B,SIDE SWIPE,,Saturday,,,,,False,False,False,,C,OTHER MOTOR VEHICLE,,0,0,A,DAYLIGHT,,,,,,,A,NO PEDESTRIANS INVOLVED,,A,22107,,1,HARRISON ST,1,,,A,N,15.0,12TH ST,F,,A,8/8/2024 12:51:21 PM,2/10/2025 12:11:01 PM,,,2,,,,,,,
3855276,16-017089,2,False,0109,4/1/2016 3:27:00 AM,327,27X,14,109,Oakland,1,True,True,E,HIT OBJECT,,Friday,,,,,False,False,True,,I,FIXED OBJECT,,0,0,C,DARK-STREET LIGHTS,,,,,,,A,NO PEDESTRIANS INVOLVED,,A,22107,,1,FOOTHILL BL,2,,,A,,,FAIRFAX AV,,,A,8/8/2024 12:51:20 PM,2/10/2025 12:11:01 PM,,,2,,,,,,,
3855272,16-018749,2,False,0109,4/8/2016 9:47:00 AM,947,32Y,14,109,Oakland,1,True,True,B,SIDE SWIPE,,Friday,,,,,False,False,False,,C,OTHER MOTOR VEHICLE,,0,0,A,DAYLIGHT,,,,,,,A,NO PEDESTRIANS INVOLVED,,A,21801A,,1,BANCROFT AV,2,,,B,,,103RD AV,,,A,8/8/2024 12:51:20 PM,2/10/2025 12:11:00 PM,,,2,,,,,,,
3855244,16-024688,2,False,0109,5/9/2016 2:15:00 PM,1415,08X,14,109,Oakland,1,True,True,B,SIDE SWIPE,,Monday,,,,,False,False,False,,C,OTHER MOTOR VEHICLE,,2,0,A,DAYLIGHT,,,,,,,A,NO PEDESTRIANS INVOLVED,,A,22106,,1,OAKLAND AV,1,,,A,N,69.0,PEARL ST,F,,D,8/8/2024 12:51:15 PM,2/10/2025 12:10:57 PM,,,2,,,,,,,
3855240,16-012805,2,False,0109,3/8/2016 8:15:00 PM,2015,23X,14,109,Oakland,1,True,True,G,VEHICLE/PEDESTRAIN,,Tuesday,,,,,False,False,False,,B,PEDESTRIAN,,1,0,C,DARK-STREET LIGHTS,,,,,,,B,CROSSING IN CROSS WALK AT INTERSECTION,,A,21456B,,1,42ND AV,2,,,B,,,INTERNATIONAL BL,,,A,8/8/2024 12:51:15 PM,2/10/2025 12:10:57 PM,,,2,,,,,,,
3855236,16-020566,2,False,0109,4/18/2016 3:38:00 PM,1538,26X,14,109,Oakland,1,True,True,C,REAR END,,Monday,,,,,False,False,True,,C,OTHER MOTOR VEHICLE,,1,0,A,DAYLIGHT,,,,,,,A,NO PEDESTRIANS INVOLVED,,A,21703,,1,INTERNATIONAL BL,2,,,D,E,30.0,HAVENSCOURT BL,F,,A,8/8/2024 12:51:14 PM,2/10/2025 12:10:57 PM,,,2,,,,,,,
3855231,16-017722,2,False,0109,4/5/2016 10:15:00 PM,2215,21X,14,109,Oakland,1,True,True,A,HEAD-ON,,Tuesday,,,,,False,False,False,,C,OTHER MOTOR VEHICLE,,0,0,C,DARK-STREET LIGHTS,,,,,,,A,NO PEDESTRIANS INVOLVED,,A,22107,,1,E 26TH ST,1,,,A,,,GRANDE VISTA AV,,,A,8/8/2024 12:51:13 PM,2/10/2025 12:10:56 PM,,,2,,,,,,,
3855228,16-021109,2,False,0109,4/21/2016 12:23:00 AM,23,35Y,14,109,Oakland,1,True,True,B,SIDE SWIPE,,Thursday,,,M,,False,False,False,,E,PARKED MOTOR VEHICLE,,0,0,C,DARK-STREET LIGHTS,,,,,,,A,NO PEDESTRIANS INVOLVED,,A,22106,,1,CALAFIA AV,2,,,A,E,15.0,GOLF LINKS RD,F,,A,8/8/2024 12:51:13 PM,2/10/2025 12:10:56 PM,,,2,,,,,,,
3855224,16-019252,2,False,0109,4/12/2016 7:51:00 AM,751,12,14,109,Oakland,1,True,True,E,HIT OBJECT,,Tuesday,,,,,False,False,False,,I,FIXED OBJECT,,0,0,A,DAYLIGHT,,,,,,,A,NO PEDESTRIANS INVOLVED,,A,22350,,1,COLLEGE AV,1,,,A,S,50.0,BRYANT AV,F,,D,8/8/2024 12:51:12 PM,2/10/2025 12:10:55 PM,,,2,,,,,,,
3855220,16016321,2,False,0109,3/28/2016 1:29:00 PM,1329,,14,109,Oakland,1,True,True,D,BROADSIDE,,Monday,,,,,False,False,False,,C,OTHER MOTOR VEHICLE,,0,0,A,DAYLIGHT,,,,,,,A,NO PEDESTRIANS INVOLVED,,A,21802A,,1,29TH AV,1,,,A,,,FORD ST,,,A,8/8/2024 12:51:12 PM,2/10/2025 12:10:55 PM,,,2,,,,,,,
3855217,16-014732,2,False,0109,3/19/2016 12:20:00 PM,1220,26X,14,109,Oakland,1,True,True,D,BROADSIDE,,Saturday,,,,,False,False,True,,C,OTHER MOTOR VEHICLE,,1,0,A,DAYLIGHT,,,,,,,,,,A,21801A,,1,HIGH ST,2,,,A,S,21.0,OAKPORT ST,F,,A,8/8/2024 12:51:11 PM,2/10/2025 12:10:55 PM,,,2,,,,,,,
3855117,16-026351,2,False,0109,5/17/2016 3:10:00 PM,1510,30X,14,109,Oakland,1,True,True,D,BROADSIDE,,Tuesday,,,,,False,False,True,,C,OTHER MOTOR VEHICLE,,0,0,A,DAYLIGHT,,,,,,,A,NO PEDESTRIANS INVOLVED,,A,21802A,,1,73RD AV,2,,,A,,,ORRAL ST,,,A,8/8/2024 12:50:55 PM,2/10/2025 12:10:46 PM,,,2,,,,,,,
3855092,16-021367,2,False,0109,4/22/2016 8:36:00 AM,836,24X,14,109,Oakland,1,True,True,B,SIDE SWIPE,,Friday,,,M,,False,False,True,,E,PARKED MOTOR VEHICLE,,0,0,A,DAYLIGHT,,,,,,,A,NO PEDESTRIANS INVOLVED,,A,22350,,1,CARRINGTON ST,2,,,A,E,30.0,42ND AV,F,,A,8/8/2024 12:50:51 PM,2/10/2025 12:10:43 PM,,,2,,,,,,,
3855005,16-033441,2,False,0109,6/22/2016 1:58:00 PM,1358,29X,14,109,Oakland,1,True,True,B,SIDE SWIPE,,Wednesday,,,,,False,False,False,,E,PARKED MOTOR VEHICLE,,0,0,A,DAYLIGHT,,,,,,,A,NO PEDESTRIANS INVOLVED,,A,22106,,1,WALNUT ST,2,,,A,E,18.0,MASON ST,F,,D,8/8/2024 12:50:38 PM,2/10/2025 12:10:35 PM,,,2,,,,,,,
3854968,16-013411,2,False,0109,3/12/2016 12:29:00 AM,29,32X,14,109,Oakland,1,True,True,B,SIDE SWIPE,,Saturday,,,,,False,False,False,,E,PARKED MOTOR VEHICLE,,0,0,C,DARK-STREET LIGHTS,,,,,,,A,NO PEDESTRIANS INVOLVED,,A,22517,,1,MACARTHUR BL,2,,,A,W,75.0,100TH AV,F,,A,8/8/2024 12:50:32 PM,2/10/2025 12:10:31 PM,,,2,,,,,,,
3854907,16-027099,2,False,0109,5/21/2016 11:27:00 PM,2327,33X,14,109,Oakland,1,True,True,A,HEAD-ON,,Saturday,,,,,False,False,True,,C,OTHER MOTOR VEHICLE,,3,0,D,DARK-NO STREET LIGHTS,,,,,,,A,NO PEDESTRIANS INVOLVED,,A,22107,,1,31ST AV,2,,,A,S,800.0,INTERNATIONAL BL,F,,D,8/8/2024 12:50:23 PM,2/10/2025 12:10:27 PM,,,2,,,,,,,
3854903,16-027488,2,False,0109,5/23/2016 9:19:00 AM,919,03X,14,109,Oakland,1,True,True,C,REAR END,,Monday,,,,,False,False,False,,C,OTHER MOTOR VEHICLE,,1,0,A,DAYLIGHT,,,,,,,A,NO PEDESTRIANS INVOLVED,,A,21703,,1,BROADWAY,1,,,A,N,5.0,14TH ST,F,,A,8/8/2024 12:50:22 PM,2/10/2025 12:10:27 PM,,,2,,,,,,,
3854846,16-024912,2,False,0109,5/10/2016 1:45:00 PM,1345,12Y,14,109,Oakland,1,True,True,B,SIDE SWIPE,,Tuesday,,,,,False,False,False,,E,PARKED MOTOR VEHICLE,,0,0,A,DAYLIGHT,,,,,,,A,NO PEDESTRIANS INVOLVED,,A,22107,,1,61ST ST,1,,,A,W,200.0,COLBY ST,F,,D,8/8/2024 12:50:13 PM,2/10/2025 12:10:23 PM,,,2,,,,,,,
3854819,16-029869,2,False,0109,6/4/2016 3:56:00 AM,356,28X,14,109,Oakland,1,True,True,C,REAR END,,Saturday,,,,,False,False,False,,E,PARKED MOTOR VEHICLE,,0,0,C,DARK-STREET LIGHTS,,,,,,,A,NO PEDESTRIANS INVOLVED,,A,22350,,1,HIGH ST,2,,,A,N,45.0,WALNUT ST,F,,D,8/8/2024 12:50:08 PM,2/10/2025 12:10:22 PM,,,2,,,,,,,
3854761,16-010157,2,False,0109,2/24/2016 11:03:00 AM,1103,20X,14,109,Oakland,1,True,True,B,SIDE SWIPE,,Wednesday,,,,,False,False,False,,E,PARKED MOTOR VEHICLE,,0,0,A,DAYLIGHT,,,,,,,A,NO PEDESTRIANS INVOLVED,,A,22107,,1,DERBY AV,1,,,A,N,150.0,INTERNATIONAL BL,F,,D,8/8/2024 12:50:01 PM,2/10/2025 12:10:18 PM,,,2,,,,,,,
3854617,16-008210,2,False,0109,2/13/2016 10:08:00 PM,2208,27Y,14,109,Oakland,1,True,True,C,REAR END,,Saturday,,,,,False,False,False,,C,OTHER MOTOR VEHICLE,,0,0,C,DARK-STREET LIGHTS,,,,,,,A,NO PEDESTRIANS INVOLVED,,B,,,1,INTERNATIONAL BL,2,,,A,E,5.0,57TH AV,F,,D,8/8/2024 12:49:39 PM,2/10/2025 12:10:08 PM,,,2,,,,,,,
3854518,16-016562,2,False,0109,3/29/2016 7:11:00 PM,1911,96X,14,109,Oakland,1,True,True,A,HEAD-ON,,Tuesday,,,,,False,False,False,,C,OTHER MOTOR VEHICLE,,0,0,A,DAYLIGHT,,,,,,,A,NO PEDESTRIANS INVOLVED,,A,21802A,,1,WEST ST,1,,,A,,,33RD ST,,,A,8/8/2024 12:49:24 PM,2/10/2025 12:10:02 PM,,,2,,,,,,,
3854503,16-028266,2,False,0109,5/26/2016 6:31:00 PM,1831,02Y,14,109,Oakland,1,True,True,B,SIDE SWIPE,,Thursday,,,,,False,False,False,,E,PARKED MOTOR VEHICLE,,0,0,A,DAYLIGHT,,,,,,,A,NO PEDESTRIANS INVOLVED,,A,22107,,1,WILLOW ST,1,,,A,N,7.0,8TH ST,F,,D,8/8/2024 12:49:22 PM,2/10/2025 12:10:01 PM,,,2,,,,,,,
3854318,16-014683,2,False,0109,3/19/2016 6:43:00 AM,643,05X,14,109,Oakland,1,True,True,C,REAR END,,Saturday,,,M,,False,False,False,,E,PARKED MOTOR VEHICLE,,0,0,B,DUSK-DAWN,,,,,,,A,NO PEDESTRIANS INVOLVED,,A,22107,,1,WEST GRAND AV,1,,,A,E,200.0,MARKET ST,F,,D,8/8/2024 12:48:52 PM,2/10/2025 12:09:48 PM,,,2,,,,,,,
3854315,8053996,2,False,0109,3/25/2016 1:57:00 AM,157,35X,14,109,Oakland,1,True,True,C,REAR END,,Friday,,,M,,False,False,False,,E,PARKED MOTOR VEHICLE,,0,0,C,DARK-STREET LIGHTS,,,,,,,A,NO PEDESTRIANS INVOLVED,,A,22107,,1,94TH AV,2,,,A,S,200.0,HILLSIDE ST,F,,D,8/8/2024 12:48:52 PM,2/10/2025 12:09:48 PM,,,2,,,,,,,
3854312,16-020905,2,False,0109,4/20/2016 8:26:00 AM,826,03X,14,109,Oakland,1,True,True,D,BROADSIDE,,Wednesday,,,,,False,False,False,,C,OTHER MOTOR VEHICLE,,1,0,A,DAYLIGHT,,,,,,,A,NO PEDESTRIANS INVOLVED,,A,21453A,,1,7TH ST,1,,,A,,,MADISON ST,,,A,8/8/2024 12:48:51 PM,2/10/2025 12:09:48 PM,,,2,,,,,,,
3854308,16-009310,2,False,0109,2/19/2016 4:57:00 PM,1657,31Z,14,109,Oakland,1,True,True,C,REAR END,,Friday,,,,,False,False,False,,E,PARKED MOTOR VEHICLE,,0,0,A,DAYLIGHT,,,,,,,A,NO PEDESTRIANS INVOLVED,,A,22107,,1,CAPISTRANO DR,2,,,B,N,300.0,TOPANGA DR,F,,A,8/8/2024 12:48:50 PM,2/10/2025 12:09:48 PM,,,2,,,,,,,
3854303,16-024500,2,False,0109,5/22/2016 3:00:00 AM,300,27X,14,109,Oakland,1,True,True,C,REAR END,,Sunday,,,M,,False,False,True,,E,PARKED MOTOR VEHICLE,,0,0,D,DARK-NO STREET LIGHTS,,,,,,,A,NO PEDESTRIANS INVOLVED,,A,22107,,1,AVENAL ST,2,,,A,E,200.0,SEMINARY AV,F,,D,8/8/2024 12:48:49 PM,2/10/2025 12:09:47 PM,,,2,,,,,,,
3854298,16-015436,2,False,0109,3/23/2016 2:36:00 PM,1436,31Y,14,109,Oakland,1,True,True,B,SIDE SWIPE,,Wednesday,,,,,False,False,True,,C,OTHER MOTOR VEHICLE,,0,0,A,DAYLIGHT,,,,,,,A,NO PEDESTRIANS INVOLVED,,A,22107,,1,98TH AV,2,,,A,N,50.0,EDES AV,F,,D,8/8/2024 12:48:49 PM,2/10/2025 12:09:47 PM,,,2,,,,,,,
3854296,16-023230,2,False,0109,5/2/2016 2:54:00 AM,254,31Z,14,109,Oakland,1,True,True,B,SIDE SWIPE,,Monday,,,,,False,False,True,,E,PARKED MOTOR VEHICLE,,0,0,C,DARK-STREET LIGHTS,,,,,,,A,NO PEDESTRIANS INVOLVED,,A,23152A,,1,CATRON DR,2,,,A,,,ROBLEDO DR,,,D,8/8/2024 12:48:48 PM,2/10/2025 12:09:47 PM,,,2,,,,,,,
3854295,16-001918,2,False,0109,1/11/2016 3:11:00 PM,1511,26X,14,109,Oakland,1,True,True,B,SIDE SWIPE,,Monday,,,,,False,False,False,,C,OTHER MOTOR VEHICLE,,0,0,A,DAYLIGHT,,,,,,,A,NO PEDESTRIANS INVOLVED,,A,21750,,2,77TH AV,2,,,A,S,600.0,HAMILTON ST,F,,D,8/8/2024 12:48:48 PM,2/10/2025 12:09:47 PM,,,2,,,,,,,