collision-id,report-number,report-version,is-preliminary,ncic-code,crash-date-time,crash-time-description,beat,city-id,city-code,city-name,county-code,city-is-active,city-is-incorporated,collision-type-code,collision-type-description,collision-type-other-desc,day-of-week,dispatch-notified,has-photographs,hit-run,is-attachments-mailed,is-deleted,is-highway-related,is-tow-away,judicial-district,motor-vehicle-involved-with-code,motor-vehicle-involved-with-desc,motor-vehicle-involved-with-other-desc,number-injured,number-killed,lighting-code,lighting-description,latitude,longitude,milepost-direction,milepost-distance,milepost-marker,milepost-unit-of-measure,pedestrian-action-code,pedestrian-action-desc,prepared-date,primary-collision-factor-code,primary-collision-factor-description,primary-collision-factor-is-cited,primary-collision-party-number,primary-road,reporting-district,reporting-district-code,reviewed-date,roadway-surface-code,secondary-direction,secondary-distance,secondary-road,secondary-unit-of-measure,sketch-desc,traffic-control-device-code,created-date,modified-date,is-county-road,is-freeway,chp-555-version,is-additonal-object-struck,notification-date,notification-time-description,has-digital-media-files,evidence-number,is-location-refer-to-narrative,is-aoi-one-same-as-location
3877782,16-020730,2,False,0109,4/19/2016 12:26:00 PM,1226,28X,14,109,Oakland,1,True,True,G,VEHICLE/PEDESTRAIN,,Tuesday,,,,,False,False,False,,B,PEDESTRIAN,,1,0,A,DAYLIGHT,,,,,,,B,CROSSING IN CROSS WALK AT INTERSECTION,,A,21950A,,1,HIGH ST,2,,,A,,,CULVER ST,,,D,8/8/2024 1:58:07 PM,2/10/2025 12:38:08 PM,,,2,,,,,,,
3877557,16-017528,2,False,0109,4/3/2016 3:50:00 PM,1550,5X,14,109,Oakland,1,True,True,E,HIT OBJECT,,Sunday,,,,,False,False,False,,I,FIXED OBJECT,,1,0,A,DAYLIGHT,,,,,,,A,NO PEDESTRIANS INVOLVED,,A,22107,,1,14TH ST,1,,,A,E,20.0,POPLAR ST,F,,D,8/8/2024 1:57:12 PM,2/10/2025 12:37:51 PM,,,2,,,,,,,
3877554,16-020233,2,False,0109,4/16/2016 9:12:00 PM,2112,23X,14,109,Oakland,1,True,True,D,BROADSIDE,,Saturday,,,,,False,False,False,,C,OTHER MOTOR VEHICLE,,2,0,C,DARK-STREET LIGHTS,,,,,,,A,NO PEDESTRIANS INVOLVED,,A,22450A,,1,40TH AV,2,,,A,,,E 18TH ST,,,A,8/8/2024 1:57:11 PM,2/10/2025 12:37:51 PM,,,2,,,,,,,
3877550,16-020219,2,False,0109,4/16/2016 6:34:00 PM,1834,25X,14,109,Oakland,1,True,True,B,SIDE SWIPE,,Saturday,,,,,False,False,False,,E,PARKED MOTOR VEHICLE,,1,0,A,DAYLIGHT,,,,,,,A,NO PEDESTRIANS INVOLVED,,A,22107,,1,FAIR AV,2,,,A,E,800.0,KAPHAN,F,,A,8/8/2024 1:57:10 PM,2/10/2025 12:37:51 PM,,,2,,,,,,,
3877538,16-022650,2,False,0109,4/28/2016 8:44:00 PM,2044,34X,14,109,Oakland,1,True,True,G,VEHICLE/PEDESTRAIN,,Thursday,,,M,,False,False,False,,B,PEDESTRIAN,,1,0,C,DARK-STREET LIGHTS,,,,,,,B,CROSSING IN CROSS WALK AT INTERSECTION,,A,21950A,,1,86TH AV,2,,,A,,,BANCROFT AV,,,D,8/8/2024 1:57:08 PM,2/10/2025 12:37:50 PM,,,2,,,,,,,
3876903,16-032345,2,False,0109,6/16/2016 11:18:00 PM,2318,17X,14,109,Oakland,1,True,True,B,SIDE SWIPE,,Thursday,,,M,,False,False,True,,E,PARKED MOTOR VEHICLE,,0,0,C,DARK-STREET LIGHTS,,,,,,,A,NO PEDESTRIANS INVOLVED,,A,22107,,1,EAST 27TH ST,1,,,A,E,25.0,13TH AV,F,,A,8/8/2024 1:54:57 PM,2/10/2025 12:37:04 PM,,,2,,,,,,,
3876849,16-020982,2,False,0109,4/20/2016 11:15:00 AM,1115,08X,14,109,Oakland,1,True,True,B,SIDE SWIPE,,Wednesday,,,,,False,False,False,,C,OTHER MOTOR VEHICLE,,0,0,A,DAYLIGHT,,,,,,,A,NO PEDESTRIANS INVOLVED,,A,22107,,1,TELEGRAPH AV,1,,,A,N,200.0,W MACARTHUR BL,F,,A,8/8/2024 1:54:47 PM,2/10/2025 12:36:59 PM,,,2,,,,,,,
3876812,16-022831,2,False,0109,4/29/2016 6:56:00 PM,1856,26Y,14,109,Oakland,1,True,True,D,BROADSIDE,,Friday,,,,,False,False,False,,C,OTHER MOTOR VEHICLE,,0,0,A,DAYLIGHT,,,,,,,A,NO PEDESTRIANS INVOLVED,,A,21802A,,1,SEMINARY AV,2,,,A,,,EASTLAWN ST,,,A,8/8/2024 1:54:40 PM,2/10/2025 12:36:56 PM,,,2,,,,,,,
3876811,16-014684,2,False,0109,3/19/2016 6:41:00 AM,641,20X,14,109,Oakland,1,True,True,F,OVERTURNED,,Saturday,,,,,False,False,True,,A,NON-COLLISION,,0,0,A,DAYLIGHT,,,,,,,A,NO PEDESTRIANS INVOLVED,,A,22350,,1,ALAMEDA AV,1,,,A,E,0.1,FRUITVALE,M,,D,8/8/2024 1:54:40 PM,2/10/2025 12:36:56 PM,,,2,,,,,,,
3876809,16-022794,2,False,0109,4/29/2016 2:21:00 PM,1421,07X,14,109,Oakland,1,True,True,D,BROADSIDE,,Friday,,,,,False,False,False,,C,OTHER MOTOR VEHICLE,,0,0,A,DAYLIGHT,,,,,,,A,NO PEDESTRIANS INVOLVED,,A,22450A,,1,34TH ST,1,,,A,,,LINDEN ST,,,C,8/8/2024 1:54:39 PM,2/10/2025 12:36:56 PM,,,2,,,,,,,
3876807,16-015813,2,False,0109,3/25/2016 11:32:00 AM,1132,12X,14,109,Oakland,1,True,True,A,HEAD-ON,,Friday,,,,,False,False,False,,C,OTHER MOTOR VEHICLE,,0,0,A,DAYLIGHT,,,,,,,A,NO PEDESTRIANS INVOLVED,,A,21801A,,1,TELEGRAPH AV,1,,,A,,,59TH ST,,,A,8/8/2024 1:54:39 PM,2/10/2025 12:36:56 PM,,,2,,,,,,,
3876806,16-022796,2,False,0109,4/29/2016 11:44:00 AM,1144,32X,14,109,Oakland,1,True,True,C,REAR END,,Friday,,,M,,False,False,False,,E,PARKED MOTOR VEHICLE,,0,0,A,DAYLIGHT,,,,,,,A,NO PEDESTRIANS INVOLVED,,A,22107,,1,103RD AV,2,,,A,S,30.0,BIRCH ST,F,,D,8/8/2024 1:54:39 PM,2/10/2025 12:36:56 PM,,,2,,,,,,,
3876805,16-017503,2,False,0109,4/3/2016 1:57:00 PM,1357,02X,14,109,Oakland,1,True,True,H,OTHER,,Sunday,,,,,False,False,True,,C,OTHER MOTOR VEHICLE,,1,0,A,DAYLIGHT,,,,,,,A,NO PEDESTRIANS INVOLVED,,A,21453A,,1,7TH ST,1,,,A,,,PERALTA ST,,,A,8/8/2024 1:54:38 PM,2/10/2025 12:36:56 PM,,,2,,,,,,,
3876804,16-012314,2,False,0109,3/6/2016 7:36:00 AM,736,34X,14,109,Oakland,1,True,True,E,HIT OBJECT,,Sunday,,,,,False,False,True,,I,FIXED OBJECT,,0,0,A,DAYLIGHT,,,,,,,A,NO PEDESTRIANS INVOLVED,,A,22107,,1,90TH AV,2,,,B,N,15.0,BIRCH ST,F,,D,8/8/2024 1:54:38 PM,2/10/2025 12:36:56 PM,,,2,,,,,,,
3876803,16-022799,2,False,0109,4/29/2016 2:04:00 PM,1404,30Y,14,109,Oakland,1,True,True,B,SIDE SWIPE,,Friday,,,M,,False,False,False,,C,OTHER MOTOR VEHICLE,,0,0,A,DAYLIGHT,,,,,,,A,NO PEDESTRIANS INVOLVED,,A,22350,,1,75TH AV,2,,,A,,,OUTLOOK AV,,,A,8/8/2024 1:54:38 PM,2/10/2025 12:36:56 PM,,,2,,,,,,,
3876802,16-021559,2,False,0109,4/23/2016 4:00:00 PM,1600,16X,14,109,Oakland,1,True,True,B,SIDE SWIPE,,Saturday,,,M,,False,False,False,,E,PARKED MOTOR VEHICLE,,0,0,A,DAYLIGHT,,,,,,,A,NO PEDESTRIANS INVOLVED,,A,22107,,1,EXCELSIOR AV,2,,,A,W,141.0,WOODRUFF AV,F,,A,8/8/2024 1:54:38 PM,2/10/2025 12:36:56 PM,,,2,,,,,,,
3876801,16-021863,2,False,0109,4/25/2016 8:39:00 AM,839,01X,14,109,Oakland,1,True,True,D,BROADSIDE,,Monday,,,,,False,False,False,,G,BICYCLE,,1,0,A,DAYLIGHT,,,,,,,A,NO PEDESTRIANS INVOLVED,,A,21802A,,1,EMBARCADERO W,1,,,A,,,WEBSTER ST,,,A,8/8/2024 1:54:38 PM,2/10/2025 12:36:56 PM,,,2,,,,,,,
3876800,16-022692,2,False,0109,4/29/2016 4:49:00 AM,449,24X,14,109,Oakland,1,True,True,B,SIDE SWIPE,,Friday,,,M,,False,False,False,,E,PARKED MOTOR VEHICLE,,0,0,C,DARK-STREET LIGHTS,,,,,,,A,NO PEDESTRIANS INVOLVED,,A,22107,,1,40TH AV,2,,,A,S,25.0,MERA ST,F,,D,8/8/2024 1:54:37 PM,2/10/2025 12:36:56 PM,,,2,,,,,,,
3876799,16-018773,2,False,0109,4/9/2016 12:34:00 PM,1234,26X,14,109,Oakland,1,True,True,D,BROADSIDE,,Saturday,,,,,False,False,False,,C,OTHER MOTOR VEHICLE,,0,0,A,DAYLIGHT,,,,,,,A,NO PEDESTRIANS INVOLVED,,A,21801A,,1,INTERNATIONAL BL,2,,,B,E,10.0,57TH AV,F,,D,8/8/2024 1:54:37 PM,2/10/2025 12:36:56 PM,,,2,,,,,,,
3876798,16-020583,2,False,0109,4/18/2016 6:29:00 PM,1829,06X,14,109,Oakland,1,True,True,D,BROADSIDE,,Monday,,,,,False,False,False,,C,OTHER MOTOR VEHICLE,,1,0,A,DAYLIGHT,,,,,,,A,NO PEDESTRIANS INVOLVED,,A,21802A,,1,MARTIN LUTHER KING JR WY,1,,,A,N,10.0,29TH ST,F,,D,8/8/2024 1:54:37 PM,2/10/2025 12:36:56 PM,,,2,,,,,,,
3876797,16-017584,2,False,0109,4/5/2016 10:40:00 PM,2240,32X,14,109,Oakland,1,True,True,E,HIT OBJECT,,Tuesday,,,M,,False,False,True,,I,FIXED OBJECT,,0,0,C,DARK-STREET LIGHTS,,,,,,,A,NO PEDESTRIANS INVOLVED,,A,22107,,1,SAN LEANDRO ST,2,,,A,E,90.0,105TH AV,F,,A,8/8/2024 1:54:37 PM,2/10/2025 12:36:55 PM,,,2,,,,,,,
3876796,16-022434,2,False,0109,4/27/2016 5:45:00 PM,1745,26X,14,109,Oakland,1,True,True,B,SIDE SWIPE,,Wednesday,,,M,,False,False,False,,E,PARKED MOTOR VEHICLE,,0,0,A,DAYLIGHT,,,,,,,A,NO PEDESTRIANS INVOLVED,,A,22107,,1,SPENCER ST,2,,,A,E,20.0,72ND AV,F,,D,8/8/2024 1:54:37 PM,2/10/2025 12:36:55 PM,,,2,,,,,,,
3876795,16-020964,2,False,0109,4/20/2016 10:57:00 AM,1057,09X,14,109,Oakland,1,True,True,A,HEAD-ON,,Wednesday,,,,,False,False,False,,C,OTHER MOTOR VEHICLE,,1,0,A,DAYLIGHT,,,,,,,A,NO PEDESTRIANS INVOLVED,,A,21453A,,1,PIEDMONT AV,1,,,A,,,W MACARTHUR BL,,,A,8/8/2024 1:54:36 PM,2/10/2025 12:36:55 PM,,,2,,,,,,,
3876794,16-022756,2,False,0109,4/29/2016 12:10:00 PM,1210,21X,14,109,Oakland,1,True,True,C,REAR END,,Friday,,,,,False,False,False,,C,OTHER MOTOR VEHICLE,,0,0,A,DAYLIGHT,,,,,,,A,NO PEDESTRIANS INVOLVED,,A,21701,,1,FRUITVALE AV,1,,,A,N,20.0,E 27TH ST,F,,A,8/8/2024 1:54:36 PM,2/10/2025 12:36:55 PM,,,2,,,,,,,
3876793,16-018752,2,False,0109,4/9/2016 9:30:00 AM,930,29X,14,109,Oakland,1,True,True,B,SIDE SWIPE,,Saturday,,,,,False,False,False,,E,PARKED MOTOR VEHICLE,,0,0,A,DAYLIGHT,,,,,,,A,NO PEDESTRIANS INVOLVED,,A,22350,,1,SEMINARY AV,2,,,B,N,25.0,HILLMONT,F,,D,8/8/2024 1:54:36 PM,2/10/2025 12:36:55 PM,,,2,,,,,,,
3876792,16-020197,2,False,0109,4/16/2016 3:37:00 PM,1537,19X,14,109,Oakland,1,True,True,A,HEAD-ON,,Saturday,,,,,False,False,False,,G,BICYCLE,,2,0,A,DAYLIGHT,,,,,,,A,NO PEDESTRIANS INVOLVED,,A,21657,,1,1ST AV,1,,,A,S,100.0,E 15TH ST,F,,B,8/8/2024 1:54:36 PM,2/10/2025 12:36:55 PM,,,2,,,,,,,
3876785,16-019632,2,False,0109,4/13/2016 6:19:00 PM,1819,03X,14,109,Oakland,1,True,True,G,VEHICLE/PEDESTRAIN,,Wednesday,,,,,False,False,False,,B,PEDESTRIAN,,1,0,A,DAYLIGHT,,,,,,,B,CROSSING IN CROSS WALK AT INTERSECTION,,A,21950A,,1,12TH ST,1,,,A,E,5.0,BROADWAY,F,,A,8/8/2024 1:54:35 PM,2/10/2025 12:36:54 PM,,,2,,,,,,,
3876781,16-018760,2,False,0109,4/9/2016 11:18:00 AM,1118,35X,14,109,Oakland,1,True,True,F,OVERTURNED,,Saturday,,,,,False,False,False,,I,FIXED OBJECT,,1,0,A,DAYLIGHT,,,,,,,A,NO PEDESTRIANS INVOLVED,,A,22350,,1,GOLF LINKS RD,2,,,B,S,200.0,CALAFIA AV,F,,D,8/8/2024 1:54:34 PM,2/10/2025 12:36:54 PM,,,2,,,,,,,
3876779,16-019321,2,False,0109,4/12/2016 12:40:00 PM,1240,21X,14,109,Oakland,1,True,True,D,BROADSIDE,,Tuesday,,,,,False,False,False,,C,OTHER MOTOR VEHICLE,,2,0,A,DAYLIGHT,,,,,,,F,NOT IN ROAD,,A,21453A,,1,FRUITVALE AV,1,,,A,,,HAROLD ST,,,A,8/8/2024 1:54:34 PM,2/10/2025 12:36:54 PM,,,2,,,,,,,
3876776,16-007818,2,False,0109,2/11/2016 4:15:00 PM,1615,32X,14,109,Oakland,1,True,True,G,VEHICLE/PEDESTRAIN,,Thursday,,,,,False,False,False,,B,PEDESTRIAN,,1,0,A,DAYLIGHT,,,,,,,E,IN ROAD - INCLUDES SHOULDER,,A,21956,,1,105TH AV,2,,,A,N,50.0,EDES AV,F,,A,8/8/2024 1:54:33 PM,2/10/2025 12:36:54 PM,,,2,,,,,,,
3876774,16-018857,2,False,0109,4/9/2016 11:31:00 PM,2331,26X,14,109,Oakland,1,True,True,A,HEAD-ON,,Saturday,,,M,,False,False,True,,I,FIXED OBJECT,,1,0,C,DARK-STREET LIGHTS,,,,,,,A,NO PEDESTRIANS INVOLVED,,A,22107,,1,66TH AV,2,,,B,N,1.0,COLISEUM WY,F,,A,8/8/2024 1:54:33 PM,2/10/2025 12:36:54 PM,,,2,,,,,,,
3876771,16-018214,2,False,0109,4/6/2016 4:57:00 PM,1657,30X,14,109,Oakland,1,True,True,C,REAR END,,Wednesday,,,,,False,False,False,,C,OTHER MOTOR VEHICLE,,0,0,B,DUSK-DAWN,,,,,,,A,NO PEDESTRIANS INVOLVED,,A,21703,,1,BANCROFT AV,2,,,A,E,30.0,88TH AV,F,,A,8/8/2024 1:54:32 PM,2/10/2025 12:36:53 PM,,,2,,,,,,,
3876767,16-022330,2,False,0109,4/27/2016 10:34:00 AM,1034,29X,14,109,Oakland,1,True,True,E,HIT OBJECT,,Wednesday,,,,,False,False,False,,I,FIXED OBJECT,,0,0,A,DAYLIGHT,,,,,,,A,NO PEDESTRIANS INVOLVED,,A,21658A,,1,HEGENBERGER RD,1,,,B,N,200.0,BALDWIN ST,F,,D,8/8/2024 1:54:31 PM,2/10/2025 12:36:53 PM,,,2,,,,,,,
3876763,16-022358,2,False,0109,4/27/2016 1:05:00 PM,1305,03Y,14,109,Oakland,1,True,True,D,BROADSIDE,,Wednesday,,,M,,False,False,False,,C,OTHER MOTOR VEHICLE,,0,0,A,DAYLIGHT,,,,,,,A,NO PEDESTRIANS INVOLVED,,A,21453A,,1,MARTIN LUTHER KING JR WY,1,,,A,,,11TH ST,,,A,8/8/2024 1:54:31 PM,2/10/2025 12:36:53 PM,,,2,,,,,,,
3876760,16-022341,2,False,0109,4/27/2016 11:20:00 AM,1120,22X,14,109,Oakland,1,True,True,D,BROADSIDE,,Wednesday,,,,,False,False,False,,C,OTHER MOTOR VEHICLE,,0,0,A,DAYLIGHT,,,,,,,A,NO PEDESTRIANS INVOLVED,,A,22107,,1,MONTANA ST,1,,,B,,,FRUITVALE AV,,,A,8/8/2024 1:54:30 PM,2/10/2025 12:36:52 PM,,,2,,,,,,,
3876759,16-020210,2,False,0109,4/16/2016 4:39:00 PM,1639,19X,14,109,Oakland,1,True,True,C,REAR END,,Saturday,,,M,,False,False,False,,C,OTHER MOTOR VEHICLE,,0,0,A,DAYLIGHT,,,,,,,A,NO PEDESTRIANS INVOLVED,,A,22350,,,11TH AV,1,,,A,S,100.0,E 12TH ST,F,,D,8/8/2024 1:54:29 PM,2/10/2025 12:36:52 PM,,,2,,,,,,,
3876756,16-018396,2,False,0109,4/6/2016 4:40:00 PM,1640,17X,14,109,Oakland,1,True,True,C,REAR END,,Wednesday,,,M,,False,False,False,,E,PARKED MOTOR VEHICLE,,0,0,A,DAYLIGHT,,,,,,,A,NO PEDESTRIANS INVOLVED,,A,22107,,1,E 31ST ST,1,,,A,W,20.0,VALLECITO PL,F,,D,8/8/2024 1:54:29 PM,2/10/2025 12:36:52 PM,,,2,,,,,,,
3876755,16-018813,2,False,0109,4/9/2016 6:03:00 PM,1803,17X,14,109,Oakland,1,True,True,E,HIT OBJECT,,Saturday,,,M,,False,False,False,,I,FIXED OBJECT,,0,0,A,DAYLIGHT,,,,,,,A,NO PEDESTRIANS INVOLVED,,A,22350,,1,13TH AV,1,,,B,N,5.0,E 17TH ST,F,,A,8/8/2024 1:54:29 PM,2/10/2025 12:36:52 PM,,,2,,,,,,,
3876753,16-020744,2,False,0109,4/19/2016 1:15:00 PM,1315,30X,14,109,Oakland,1,True,True,C,REAR END,,Tuesday,,,,,False,False,False,,C,OTHER MOTOR VEHICLE,,1,0,A,DAYLIGHT,,,,,,,A,NO PEDESTRIANS INVOLVED,,A,22350,,1,73RD AV,2,,,A,S,142.0,MACARTHUR BL,F,,A,8/8/2024 1:54:29 PM,2/10/2025 12:36:52 PM,,,2,,,,,,,
3876752,16-019005,2,False,0109,4/10/2016 9:08:00 PM,2108,16Y,14,109,Oakland,1,True,True,H,OTHER,,Sunday,,,M,,False,False,False,,J,OTHER OBJECT,,0,0,C,DARK-STREET LIGHTS,,,,,,,A,NO PEDESTRIANS INVOLVED,,A,22107,,1,MACARTHUR BL,1,,,A,W,99.0,ADELL CT,F,,A,8/8/2024 1:54:28 PM,2/10/2025 12:36:52 PM,,,2,,,,,,,
3876751,16-020870,2,False,0109,4/20/2016 10:41:00 PM,2241,32X,14,109,Oakland,1,True,True,A,HEAD-ON,,Wednesday,,,M,,False,False,True,,E,PARKED MOTOR VEHICLE,,0,0,C,DARK-STREET LIGHTS,,,,,,,A,NO PEDESTRIANS INVOLVED,,A,22107,,1,100TH AV,2,,,A,N,10.0,B ST,F,,D,8/8/2024 1:54:28 PM,2/10/2025 12:36:52 PM,,,2,,,,,,,
3876750,16-022359,2,False,0109,4/27/2016 1:04:00 PM,1304,33X,14,109,Oakland,1,True,True,A,HEAD-ON,,Wednesday,,,M,,False,False,True,,I,FIXED OBJECT,,1,0,A,DAYLIGHT,,,,,,,A,NO PEDESTRIANS INVOLVED,,A,22107,,1,SAN LEANDRO ST,2,,,A,W,21.0,85TH AV,F,,A,8/8/2024 1:54:28 PM,2/10/2025 12:36:52 PM,,,2,,,,,,,
3876749,16-005222,2,False,0109,1/28/2016 11:43:00 PM,2343,03X,14,109,Oakland,1,True,True,D,BROADSIDE,,Thursday,,,,,False,False,True,,C,OTHER MOTOR VEHICLE,,1,0,C,DARK-STREET LIGHTS,,,,,,,A,NO PEDESTRIANS INVOLVED,,A,21453A,,,WEBSTER ST,1,,,A,,,11TH ST,,,A,8/8/2024 1:54:28 PM,2/10/2025 12:36:52 PM,,,2,,,,,,,
3876748,16-020853,2,False,0109,4/19/2016 9:22:00 PM,2122,21X,14,109,Oakland,1,True,True,D,BROADSIDE,,Tuesday,,,,,False,False,False,,C,OTHER MOTOR VEHICLE,,0,0,C,DARK-STREET LIGHTS,,,,,,,A,NO PEDESTRIANS INVOLVED,,A,22450A,,1,26TH AV,1,,,A,,,E 20TH ST,,,A,8/8/2024 1:54:28 PM,2/10/2025 12:36:51 PM,,,2,,,,,,,
3876735,16-006967,2,False,0109,2/6/2016 3:07:00 PM,1507,22X,14,109,Oakland,1,True,True,H,OTHER,,Saturday,,,,,False,False,False,,G,BICYCLE,,0,0,A,DAYLIGHT,,,,,,,A,NO PEDESTRIANS INVOLVED,,C,,,,CHAMPION ST,1,,,A,,,MACARTHUR BL,,,D,8/8/2024 1:54:25 PM,2/10/2025 12:36:50 PM,,,2,,,,,,,
3876703,16-028921,2,False,0109,5/30/2016 1:58:00 PM,1358,04X,14,109,Oakland,1,True,True,B,SIDE SWIPE,,Monday,,,,,False,False,False,,C,OTHER MOTOR VEHICLE,,0,0,A,DAYLIGHT,,,,,,,A,NO PEDESTRIANS INVOLVED,,A,22107,,1,14TH ST,1,,,A,,,FRANKLIN ST,,,A,8/8/2024 1:54:19 PM,2/10/2025 12:36:48 PM,,,2,,,,,,,
3876676,16-023369,2,False,0109,5/2/2016 8:31:00 PM,2031,26X,14,109,Oakland,1,True,True,B,SIDE SWIPE,,Monday,,,,,False,False,False,,E,PARKED MOTOR VEHICLE,,0,0,C,DARK-STREET LIGHTS,,,,,,,A,NO PEDESTRIANS INVOLVED,,C,,,,80TH AV,2,,,A,N,100.0,B ST,F,,D,8/8/2024 1:54:14 PM,2/10/2025 12:36:46 PM,,,2,,,,,,,
3876672,16-027435,2,False,0109,5/23/2016 11:18:00 PM,2318,17X,14,109,Oakland,1,True,True,G,VEHICLE/PEDESTRAIN,,Monday,,,M,,False,False,True,,B,PEDESTRIAN,,0,0,C,DARK-STREET LIGHTS,,,,,,,F,NOT IN ROAD,,A,22107,,1,E 18TH ST,1,,,A,,,5TH AV,,,A,8/8/2024 1:54:14 PM,2/10/2025 12:36:46 PM,,,2,,,,,,,
3876576,16-028982,2,False,0109,5/30/2016 11:20:00 PM,2320,27X,14,109,Oakland,1,True,True,C,REAR END,,Monday,,,,,False,False,False,,E,PARKED MOTOR VEHICLE,,0,0,C,DARK-STREET LIGHTS,,,,,,,A,NO PEDESTRIANS INVOLVED,,A,23152A,,1,47TH AV,2,,,A,S,50.0,CONGRESS AV,F,,D,8/8/2024 1:53:54 PM,2/10/2025 12:36:38 PM,,,2,,,,,,,
3876509,16-037126,2,False,0109,6/14/2016 11:30:00 PM,2330,10X,14,109,Oakland,1,True,True,D,BROADSIDE,,Tuesday,,,M,,False,False,False,,E,PARKED MOTOR VEHICLE,,0,0,C,DARK-STREET LIGHTS,,,,,,,A,NO PEDESTRIANS INVOLVED,,A,23152A,,1,40TH ST,1,,,A,E,120.0,ADELINE ST,F,,D,8/8/2024 1:53:42 PM,2/10/2025 12:36:34 PM,,,2,,,,,,,
3876505,16-025129,2,False,0109,5/11/2016 3:18:00 PM,1518,26Y,14,109,Oakland,1,True,True,D,BROADSIDE,,Wednesday,,,,,False,False,False,,C,OTHER MOTOR VEHICLE,,2,0,A,DAYLIGHT,,,,,,,A,NO PEDESTRIANS INVOLVED,,A,22450A,,1,76TH AV,2,,,A,,,RUDSDALE ST,,,A,8/8/2024 1:53:42 PM,2/10/2025 12:36:33 PM,,,2,,,,,,,
3876501,16-023267,2,False,0109,5/2/2016 10:51:00 AM,1051,06X,14,109,Oakland,1,True,True,B,SIDE SWIPE,,Monday,,,,,False,False,False,,C,OTHER MOTOR VEHICLE,,0,0,A,DAYLIGHT,,,,,,,A,NO PEDESTRIANS INVOLVED,,A,22100A,,1,MARTIN LUTHER KING JR WY,1,,,A,S,10.0,35TH ST,F,,A,8/8/2024 1:53:41 PM,2/10/2025 12:36:33 PM,,,2,,,,,,,
3876497,16-012555,2,False,0109,3/7/2016 3:08:00 PM,1508,26X,14,109,Oakland,1,True,True,E,HIT OBJECT,,Monday,,,,,False,False,False,,I,FIXED OBJECT,,0,0,A,DAYLIGHT,,,,,,,A,NO PEDESTRIANS INVOLVED,,B,,,1,77TH AV,2,,,A,S,150.0,INTERNATIONAL BL,F,,D,8/8/2024 1:53:40 PM,2/10/2025 12:36:33 PM,,,2,,,,,,,
3876493,16-020321,2,False,0109,4/17/2016 11:24:00 AM,1124,26X,14,109,Oakland,1,True,True,B,SIDE SWIPE,,Sunday,,,M,,False,False,False,,C,OTHER MOTOR VEHICLE,,0,0,A,DAYLIGHT,,,,,,,A,NO PEDESTRIANS INVOLVED,,A,22350,,1,INTERNATIONAL BL,2,,,A,,,54TH AV,,,D,8/8/2024 1:53:40 PM,2/10/2025 12:36:32 PM,,,2,,,,,,,
3876470,16-014206,2,False,0109,3/16/2016 5:29:00 PM,1729,26X,14,109,Oakland,1,True,True,A,HEAD-ON,,Wednesday,,,,,False,False,False,,C,OTHER MOTOR VEHICLE,,0,0,A,DAYLIGHT,,,,,,,A,NO PEDESTRIANS INVOLVED,,A,21802A,,1,SAN LEANDRO ST,2,,,A,,,45TH AV,,,A,8/8/2024 1:53:35 PM,2/10/2025 12:36:31 PM,,,2,,,,,,,
3876466,16-025346,2,False,0109,5/12/2016 12:55:00 PM,1255,23X,14,109,Oakland,1,True,True,B,SIDE SWIPE,,Thursday,,,,,False,False,False,,C,OTHER MOTOR VEHICLE,,2,0,A,DAYLIGHT,,,,,,,A,NO PEDESTRIANS INVOLVED,,A,22107,,1,INTERNATIONAL BL,2,,,A,E,36.0,34TH AV,F,,A,8/8/2024 1:53:35 PM,2/10/2025 12:36:30 PM,,,2,,,,,,,
3876462,16-019634,2,False,0109,4/13/2016 7:00:00 PM,1900,35Y,14,109,Oakland,1,True,True,E,HIT OBJECT,,Wednesday,,,M,,False,False,False,,I,FIXED OBJECT,,0,0,A,DAYLIGHT,,,,,,,A,NO PEDESTRIANS INVOLVED,,A,22350,,1,LAWLOR ST,2,,,A,,,90TH AV,,,D,8/8/2024 1:53:34 PM,2/10/2025 12:36:30 PM,,,2,,,,,,,
3876459,16-035571,2,False,0109,7/3/2016 8:16:00 PM,2016,34X,14,109,Oakland,1,True,True,A,HEAD-ON,,Sunday,,,,,False,False,True,,C,OTHER MOTOR VEHICLE,,0,0,A,DAYLIGHT,,,,,,,A,NO PEDESTRIANS INVOLVED,,A,22107,,1,94TH AV,2,,,A,S,30.0,CHERRY ST,F,,A,8/8/2024 1:53:34 PM,2/10/2025 12:36:30 PM,,,2,,,,,,,
3876458,16-028218,2,False,0109,5/26/2016 2:45:00 PM,1445,23X,14,109,Oakland,1,True,True,B,SIDE SWIPE,,Thursday,,,,,False,False,False,,C,OTHER MOTOR VEHICLE,,0,0,A,DAYLIGHT,,,,,,,A,NO PEDESTRIANS INVOLVED,,A,22107,,1,HIGH ST,2,,,A,S,50.0,FOOTHILL BL,F,,D,8/8/2024 1:53:33 PM,2/10/2025 12:36:30 PM,,,2,,,,,,,
3876455,16-036645,2,False,0109,7/9/2016 4:25:00 PM,1625,25X,14,109,Oakland,1,True,True,A,HEAD-ON,,Saturday,,,M,,False,False,False,,C,OTHER MOTOR VEHICLE,,0,0,A,DAYLIGHT,,,,,,,A,NO PEDESTRIANS INVOLVED,,A,22107,,1,MACARTHUR BL,2,,,A,E,10.0,HIGH ST,F,,A,8/8/2024 1:53:33 PM,2/10/2025 12:36:29 PM,,,2,,,,,,,
3876453,16-029120,2,False,0109,5/31/2016 2:55:00 PM,1455,25X,14,109,Oakland,1,True,True,B,SIDE SWIPE,,Tuesday,,,,,False,False,True,,C,OTHER MOTOR VEHICLE,,1,0,A,DAYLIGHT,,,,,,,A,NO PEDESTRIANS INVOLVED,,A,22107,,1,MOUNTAIN BL,2,,,A,W,200.0,RUSTING ST,F,,A,8/8/2024 1:53:33 PM,2/10/2025 12:36:29 PM,,,2,,,,,,,
3876451,16-027132,2,False,0109,5/21/2016 4:45:00 AM,445,19X,14,109,Oakland,1,True,True,B,SIDE SWIPE,,Saturday,,,M,,False,False,True,,E,PARKED MOTOR VEHICLE,,1,0,C,DARK-STREET LIGHTS,,,,,,,A,NO PEDESTRIANS INVOLVED,,A,22107,,1,INTERNATIONAL BL,1,,,A,E,30.0,16TH AV,F,,A,8/8/2024 1:53:32 PM,2/10/2025 12:36:29 PM,,,2,,,,,,,