collision-id,report-number,report-version,is-preliminary,ncic-code,crash-date-time,crash-time-description,beat,city-id,city-code,city-name,county-code,city-is-active,city-is-incorporated,collision-type-code,collision-type-description,collision-type-other-desc,day-of-week,dispatch-notified,has-photographs,hit-run,is-attachments-mailed,is-deleted,is-highway-related,is-tow-away,judicial-district,motor-vehicle-involved-with-code,motor-vehicle-involved-with-desc,motor-vehicle-involved-with-other-desc,number-injured,number-killed,lighting-code,lighting-description,latitude,longitude,milepost-direction,milepost-distance,milepost-marker,milepost-unit-of-measure,pedestrian-action-code,pedestrian-action-desc,prepared-date,primary-collision-factor-code,primary-collision-factor-description,primary-collision-factor-is-cited,primary-collision-party-number,primary-road,reporting-district,reporting-district-code,reviewed-date,roadway-surface-code,secondary-direction,secondary-distance,secondary-road,secondary-unit-of-measure,sketch-desc,traffic-control-device-code,created-date,modified-date,is-county-road,is-freeway,chp-555-version,is-additonal-object-struck,notification-date,notification-time-description,has-digital-media-files,evidence-number,is-location-refer-to-narrative,is-aoi-one-same-as-location
3927932,16-030956,2,False,0109,6/9/2016 7:50:00 PM,1950,26X,14,109,Oakland,1,True,True,D,BROADSIDE,,Thursday,,,,,False,False,False,,C,OTHER MOTOR VEHICLE,,0,0,A,DAYLIGHT,,,,,,,A,NO PEDESTRIANS INVOLVED,,A,21453A,,1,66TH AV,2,,,A,,,SAN LEANDRO ST,,,A,8/8/2024 3:35:19 PM,2/10/2025 2:12:21 PM,,,2,,,,,,,
3927927,16-029386,2,False,0109,6/1/2016 5:45:00 PM,1745,27Y,14,109,Oakland,1,True,True,B,SIDE SWIPE,,Wednesday,,,,,False,False,False,,C,OTHER MOTOR VEHICLE,,0,0,A,DAYLIGHT,,,,,,,A,NO PEDESTRIANS INVOLVED,,A,22100B,,1,SEMINARY AV,2,,,A,,,BROMLEY AV,,,A,8/8/2024 3:35:19 PM,2/10/2025 2:12:21 PM,,,2,,,,,,,
3927921,16-029443,2,False,0109,6/2/2016 6:41:00 AM,641,23X,14,109,Oakland,1,True,True,B,SIDE SWIPE,,Thursday,,,M,,False,False,False,,C,OTHER MOTOR VEHICLE,,0,0,B,DUSK-DAWN,,,,,,,A,NO PEDESTRIANS INVOLVED,,A,22450A,,1,FLORA ST,2,,,A,,,HAVENSCOURT BL,,,A,8/8/2024 3:35:18 PM,2/10/2025 2:12:21 PM,,,2,,,,,,,
3926840,16-036738,2,False,0109,7/10/2016 8:33:00 AM,833,35X,14,109,Oakland,1,True,True,G,VEHICLE/PEDESTRAIN,,Sunday,,,,,False,False,False,,B,PEDESTRIAN,,1,0,A,DAYLIGHT,,,,,,,B,CROSSING IN CROSS WALK AT INTERSECTION,,A,21950A,,1,MALCOM AV,2,,,A,W,10.0,CAMRON AV,F,,D,8/8/2024 3:33:17 PM,2/10/2025 2:11:36 PM,,,2,,,,,,,
3926836,16-035510,2,False,0109,7/3/2016 11:45:00 AM,1145,27X,14,109,Oakland,1,True,True,D,BROADSIDE,,Sunday,,,,,False,False,False,,C,OTHER MOTOR VEHICLE,,1,0,A,DAYLIGHT,,,,,,,A,NO PEDESTRIANS INVOLVED,,A,21802A,,1,FOOTHILL BL,2,,,A,,,51ST AV,,,A,8/8/2024 3:33:16 PM,2/10/2025 2:11:36 PM,,,2,,,,,,,
3926832,16-038656,2,False,0109,7/20/2016 8:10:00 PM,2010,26X,14,109,Oakland,1,True,True,G,VEHICLE/PEDESTRAIN,,Wednesday,,,,,False,False,False,,B,PEDESTRIAN,,1,0,A,DAYLIGHT,,,,,,,D,CROSSING - NOT IN CROSSWALK,,A,21954A,,2,INTERNATIONAL BL,2,,,A,W,90.0,62ND AV,F,,A,8/8/2024 3:33:16 PM,2/10/2025 2:11:36 PM,,,2,,,,,,,
3926826,16-037328,2,False,0109,7/13/2016 11:08:00 AM,1108,13Z,14,109,Oakland,1,True,True,A,HEAD-ON,,Wednesday,,,,,False,False,False,,D,MOTOR VEHICLE ON OTHER ROADWAY,,1,0,A,DAYLIGHT,,,,,,,A,NO PEDESTRIANS INVOLVED,,A,22107,,1,AITKEN DR,1,,,A,N,300.0,EVERGREEN,F,,A,8/8/2024 3:33:15 PM,2/10/2025 2:11:36 PM,,,2,,,,,,,
3926820,16-036464,2,False,0109,7/8/2016 12:41:00 PM,1241,32X,14,109,Oakland,1,True,True,D,BROADSIDE,,Friday,,,,,False,False,True,,C,OTHER MOTOR VEHICLE,,1,0,A,DAYLIGHT,,,,,,,A,NO PEDESTRIANS INVOLVED,,A,21802A,,1,WALNUT ST,2,,,A,,,101 AV,,,A,8/8/2024 3:33:14 PM,2/10/2025 2:11:35 PM,,,2,,,,,,,
3926796,16-033737,2,False,0109,6/23/2016 7:23:00 PM,1923,32X,14,109,Oakland,1,True,True,B,SIDE SWIPE,,Thursday,,,,,False,False,False,,C,OTHER MOTOR VEHICLE,,0,0,C,DARK-STREET LIGHTS,,,,,,,A,NO PEDESTRIANS INVOLVED,,A,22107,,,CHANDLER ST,2,,,A,N,300.0,PACKARD ST,F,,D,8/8/2024 3:33:12 PM,2/10/2025 2:11:34 PM,,,2,,,,,,,
3926792,16-031108,2,False,0109,6/10/2016 4:55:00 PM,1655,26X,14,109,Oakland,1,True,True,C,REAR END,,Friday,,,,,False,False,False,,C,OTHER MOTOR VEHICLE,,0,0,A,DAYLIGHT,,,,,,,A,NO PEDESTRIANS INVOLVED,,A,22350,,1,SAN LEANDRO ST,2,,,A,E,15.0,50TH ST,F,,A,8/8/2024 3:33:11 PM,2/10/2025 2:11:34 PM,,,2,,,,,,,
3926790,16-033261,2,False,0109,6/21/2016 4:11:00 PM,1611,27Y,14,109,Oakland,1,True,True,E,HIT OBJECT,,Tuesday,,,,,False,False,True,,I,FIXED OBJECT,,0,0,A,DAYLIGHT,,,,,,,A,NO PEDESTRIANS INVOLVED,,A,22350,,1,63RD AV,2,,,A,,,FORTUNE WY,,,D,8/8/2024 3:33:11 PM,2/10/2025 2:11:34 PM,,,2,,,,,,,
3926785,16-031018,2,False,0109,6/10/2016 5:50:00 AM,550,12X,14,109,Oakland,1,True,True,B,SIDE SWIPE,,Friday,,,,,False,False,False,,C,OTHER MOTOR VEHICLE,,0,0,A,DAYLIGHT,,,,,,,A,NO PEDESTRIANS INVOLVED,,A,21453A,,,COLLEGE AV,1,,,A,N,5.0,MILES AV,F,,A,8/8/2024 3:33:11 PM,2/10/2025 2:11:34 PM,,,2,,,,,,,
3926782,16-035071,2,False,0109,6/30/2016 9:15:00 PM,2115,12X,14,109,Oakland,1,True,True,H,OTHER,,Thursday,,,,,False,False,False,,C,OTHER MOTOR VEHICLE,,0,0,C,DARK-STREET LIGHTS,,,,,,,A,NO PEDESTRIANS INVOLVED,,A,21802A,,1,BROADWAY,1,,,A,,,TAFT AV,,,A,8/8/2024 3:33:11 PM,2/10/2025 2:11:34 PM,,,2,,,,,,,
3926776,16-034816,2,False,0109,6/26/2016 4:25:00 PM,1625,30X,14,109,Oakland,1,True,True,H,OTHER,,Sunday,,,M,,False,False,False,,C,OTHER MOTOR VEHICLE,,0,0,A,DAYLIGHT,,,,,,,A,NO PEDESTRIANS INVOLVED,,A,22108,,1,80TH AV,2,,,A,N,15.0,HILLSIDE ST,F,,D,8/8/2024 3:33:10 PM,2/10/2025 2:11:34 PM,,,2,,,,,,,
3926766,16-029972,2,False,0109,6/4/2016 7:31:00 PM,1931,30X,14,109,Oakland,1,True,True,H,OTHER,,Saturday,,,M,,False,False,False,,G,BICYCLE,,0,0,A,DAYLIGHT,,,,,,,A,NO PEDESTRIANS INVOLVED,,A,216501,,2,INTERNATIONAL BL,2,,,A,W,2.0,81ST AV,F,,A,8/8/2024 3:33:09 PM,2/10/2025 2:11:33 PM,,,2,,,,,,,
3926763,16-030514,2,False,0109,6/7/2016 5:03:00 PM,1703,06X,14,109,Oakland,1,True,True,B,SIDE SWIPE,,Tuesday,,,M,,False,False,False,,E,PARKED MOTOR VEHICLE,,0,0,A,DAYLIGHT,,,,,,,A,NO PEDESTRIANS INVOLVED,,A,22350,,1,29TH ST,1,,,A,E,200.0,WEST ST,F,,A,8/8/2024 3:33:09 PM,2/10/2025 2:11:33 PM,,,2,,,,,,,
3926757,16-032908,2,False,0109,6/20/2016 4:46:00 AM,446,24Y,14,109,Oakland,1,True,True,D,BROADSIDE,,Monday,,,M,,False,False,True,,E,PARKED MOTOR VEHICLE,,0,0,C,DARK-STREET LIGHTS,,,,,,,A,NO PEDESTRIANS INVOLVED,,A,22350,,1,38TH AV,2,,,A,,,SUTER ST,,,D,8/8/2024 3:33:08 PM,2/10/2025 2:11:33 PM,,,2,,,,,,,
3926755,16-032564,2,False,0109,6/18/2016 4:50:00 AM,450,16X,14,109,Oakland,1,True,True,B,SIDE SWIPE,,Saturday,,,M,,False,False,False,,E,PARKED MOTOR VEHICLE,,0,0,C,DARK-STREET LIGHTS,,,,,,,A,NO PEDESTRIANS INVOLVED,,A,22107,,1,E 19TH ST,1,,,A,E,30.0,14TH AV,F,,A,8/8/2024 3:33:08 PM,2/10/2025 2:11:33 PM,,,2,,,,,,,
3926747,16-045451,2,False,0109,8/27/2016 1:51:00 AM,151,35X,14,109,Oakland,1,True,True,A,HEAD-ON,,Saturday,,,M,,False,False,True,,C,OTHER MOTOR VEHICLE,,0,0,C,DARK-STREET LIGHTS,,,,,,,A,NO PEDESTRIANS INVOLVED,,A,23152B,,1,MACARTHUR BL,2,,,A,,,SAVANNAH CT,,,D,8/8/2024 3:33:07 PM,2/10/2025 2:11:33 PM,,,2,,,,,,,
3926721,16-036227,2,False,0109,7/7/2016 7:11:00 AM,711,30X,14,109,Oakland,1,True,True,C,REAR END,,Thursday,,,M,,False,False,False,,C,OTHER MOTOR VEHICLE,,0,0,A,DAYLIGHT,,,,,,,A,NO PEDESTRIANS INVOLVED,,A,22107,,1,73RD AV,2,,,A,N,100.0,WELD ST,F,,D,8/8/2024 3:33:04 PM,2/10/2025 2:11:32 PM,,,2,,,,,,,
3926719,16-039217,2,False,0109,7/24/2016 12:34:00 AM,34,23X,14,109,Oakland,1,True,True,B,SIDE SWIPE,,Sunday,,,M,,False,False,False,,C,OTHER MOTOR VEHICLE,,0,0,C,DARK-STREET LIGHTS,,,,,,,A,NO PEDESTRIANS INVOLVED,,A,22350,,1,SAN LEANDRO ST,2,,,A,E,50.0,39TH ST,F,,D,8/8/2024 3:33:04 PM,2/10/2025 2:11:31 PM,,,2,,,,,,,
3926715,16-037836,2,False,0109,7/16/2016 2:24:00 AM,224,19X,14,109,Oakland,1,True,True,B,SIDE SWIPE,,Saturday,,,,,False,False,False,,C,OTHER MOTOR VEHICLE,,0,0,C,DARK-STREET LIGHTS,,,,,,,A,NO PEDESTRIANS INVOLVED,,A,22107,,1,1ST AV,1,,,A,S,50.0,E 15TH ST,F,,D,8/8/2024 3:33:04 PM,2/10/2025 2:11:31 PM,,,2,,,,,,,
3926712,16-036360,2,False,0109,7/7/2016 7:30:00 PM,1930,28X,14,109,Oakland,1,True,True,D,BROADSIDE,,Thursday,,,,,False,False,True,,C,OTHER MOTOR VEHICLE,,0,0,A,DAYLIGHT,,,,,,,A,NO PEDESTRIANS INVOLVED,,A,21801A,,1,MACARTHUR BL,2,,,A,,,BUELL ST,,,A,8/8/2024 3:33:03 PM,2/10/2025 2:11:31 PM,,,2,,,,,,,
3926704,16-035269,2,False,0109,7/1/2016 7:40:00 PM,1940,35X,14,109,Oakland,1,True,True,B,SIDE SWIPE,,Friday,,,M,,False,False,False,,D,MOTOR VEHICLE ON OTHER ROADWAY,,0,0,A,DAYLIGHT,,,,,,,A,NO PEDESTRIANS INVOLVED,,A,21802A,,1,BANCROFT AV,2,,,A,,,88TH AV,,,D,8/8/2024 3:33:02 PM,2/10/2025 2:11:31 PM,,,2,,,,,,,
3926699,16-035577,2,False,0109,7/3/2016 9:25:00 PM,2125,34X,14,109,Oakland,1,True,True,E,HIT OBJECT,,Sunday,,,,,False,False,False,,I,FIXED OBJECT,,0,0,C,DARK-STREET LIGHTS,,,,,,,A,NO PEDESTRIANS INVOLVED,,A,22107,,1,INTERNATIONAL BL,2,,,A,W,45.0,92ND AV,F,,D,8/8/2024 3:33:02 PM,2/10/2025 2:11:31 PM,,,2,,,,,,,
3926696,16-035879,2,False,0109,7/5/2016 12:10:00 PM,1210,25X,14,109,Oakland,1,True,True,A,HEAD-ON,,Tuesday,,,,,False,False,False,,C,OTHER MOTOR VEHICLE,,0,0,A,DAYLIGHT,,,,,,,A,NO PEDESTRIANS INVOLVED,,A,21801A,,1,BUELL ST,2,,,A,,,MACARTHUR BL,,,A,8/8/2024 3:33:02 PM,2/10/2025 2:11:31 PM,,,2,,,,,,,
3926673,16-035589,2,False,0109,7/3/2016 10:38:00 PM,2238,31Y,14,109,Oakland,1,True,True,E,HIT OBJECT,,Sunday,,,,,False,False,True,,I,FIXED OBJECT,,0,0,C,DARK-STREET LIGHTS,,,,,,,A,NO PEDESTRIANS INVOLVED,,A,22107,,1,EDES AV,2,,,A,W,500.0,85TH AV,F,,D,8/8/2024 3:32:59 PM,2/10/2025 2:11:30 PM,,,2,,,,,,,
3926668,16-036404,2,False,0109,7/8/2016 4:33:00 AM,433,27X,14,109,Oakland,1,True,True,C,REAR END,,Friday,,,,,False,False,False,,,,,0,0,B,DUSK-DAWN,,,,,,,A,NO PEDESTRIANS INVOLVED,,A,22107,,1,HIGH ST,2,,,B,N,20.0,SAN CARLOS AV,F,,D,8/8/2024 3:32:59 PM,2/10/2025 2:11:30 PM,,,2,,,,,,,
3926590,16-033957,2,False,0109,6/24/2016 10:11:00 PM,2211,26Y,14,109,Oakland,1,True,True,A,HEAD-ON,,Friday,,,,,False,False,False,,E,PARKED MOTOR VEHICLE,,1,0,C,DARK-STREET LIGHTS,,,,,,,A,NO PEDESTRIANS INVOLVED,,A,22350,,1,79TH AV,2,,,A,S,250.0,INTERNATIONAL BL,F,,D,8/8/2024 3:32:51 PM,2/10/2025 2:11:27 PM,,,2,,,,,,,
3926586,16-035066,2,False,0109,6/30/2016 8:43:00 PM,2043,31X,14,109,Oakland,1,True,True,G,VEHICLE/PEDESTRAIN,,Thursday,,,,,False,False,False,,B,PEDESTRIAN,,1,0,B,DUSK-DAWN,,,,,,,D,CROSSING - NOT IN CROSSWALK,,A,21950B,,1,CASWELL AV,2,,,A,E,300.0,CLARA,F,,D,8/8/2024 3:32:51 PM,2/10/2025 2:11:27 PM,,,2,,,,,,,
3926578,16-033814,2,False,0109,6/24/2016 7:51:00 AM,751,19X,14,109,Oakland,1,True,True,D,BROADSIDE,,Friday,,,,,False,False,False,,C,OTHER MOTOR VEHICLE,,2,0,A,DAYLIGHT,,,,,,,A,NO PEDESTRIANS INVOLVED,,A,22107,,1,INTERNATIONAL BL,1,,,A,W,100.0,20TH AV,F,,D,8/8/2024 3:32:50 PM,2/10/2025 2:11:26 PM,,,2,,,,,,,
3926575,16-033719,2,False,0109,6/23/2016 7:42:00 PM,1942,27Y,14,109,Oakland,1,True,True,G,VEHICLE/PEDESTRAIN,,Thursday,,,,,False,False,False,,B,PEDESTRIAN,,1,0,A,DAYLIGHT,,,,,,,D,CROSSING - NOT IN CROSSWALK,,A,21950B,,1,BANCROFT AV,2,,,A,,,65TH AV,,,D,8/8/2024 3:32:49 PM,2/10/2025 2:11:26 PM,,,2,,,,,,,
3926570,16-035073,2,False,0109,6/30/2016 9:40:00 PM,2140,06X,14,109,Oakland,1,True,True,H,OTHER,,Thursday,,,M,,False,False,False,,G,BICYCLE,,1,0,C,DARK-STREET LIGHTS,,,,,,,A,NO PEDESTRIANS INVOLVED,,A,21801A,,1,WEST ST,1,,,A,,,29TH ST,,,D,8/8/2024 3:32:49 PM,2/10/2025 2:11:26 PM,,,2,,,,,,,
3926567,16-033704,2,False,0109,6/23/2016 6:20:00 PM,1820,07X,14,109,Oakland,1,True,True,G,VEHICLE/PEDESTRAIN,,Thursday,,,,,False,False,False,,B,PEDESTRIAN,,1,0,A,DAYLIGHT,,,,,,,B,CROSSING IN CROSS WALK AT INTERSECTION,,A,21950,,1,30TH ST,1,,,A,,,UNION ST,,,A,8/8/2024 3:32:48 PM,2/10/2025 2:11:26 PM,,,2,,,,,,,
3926561,16-029922,2,False,0109,6/4/2016 12:59:00 PM,1259,31X,14,109,Oakland,1,True,True,C,REAR END,,Saturday,,,,,False,False,True,,E,PARKED MOTOR VEHICLE,,1,0,A,DAYLIGHT,,,,,,,A,NO PEDESTRIANS INVOLVED,,A,22107,,1,BERGEDO DR,2,,,A,N,30.0,ACALANES DR,F,,D,8/8/2024 3:32:48 PM,2/10/2025 2:11:26 PM,,,2,,,,,,,
3926559,16-033696,2,False,0109,5/23/2016 5:55:00 PM,1755,12X,14,109,Oakland,1,True,True,D,BROADSIDE,,Monday,,,,,False,False,False,,C,OTHER MOTOR VEHICLE,,1,0,A,DAYLIGHT,,,,,,,A,NO PEDESTRIANS INVOLVED,,A,21801A,,1,BROADWAY,1,,,A,N,100.0,CORONADO AV,F,,A,8/8/2024 3:32:48 PM,2/10/2025 2:11:26 PM,,,2,,,,,,,
3926557,16-044762,2,False,0109,8/23/2016 3:52:00 PM,1552,13Y,14,109,Oakland,1,True,True,C,REAR END,,Tuesday,,,,,False,False,False,,C,OTHER MOTOR VEHICLE,,1,0,A,DAYLIGHT,,,,,,,A,NO PEDESTRIANS INVOLVED,,A,23152A,,1,TUNNEL RD,1,,,A,S,15.0,CALDECOTT LN,F,,A,8/8/2024 3:32:47 PM,2/10/2025 2:11:25 PM,,,2,,,,,,,
3926519,16-034130,2,False,0109,6/25/2016 9:34:00 PM,2134,25X,14,109,Oakland,1,True,True,G,VEHICLE/PEDESTRAIN,,Saturday,,,,,False,False,False,,B,PEDESTRIAN,,1,0,A,DAYLIGHT,,,,,,,B,CROSSING IN CROSS WALK AT INTERSECTION,,A,21950A,,1,MAGEE AV,2,,,A,N,3.0,MACARTHUR BL,F,,A,8/8/2024 3:32:43 PM,2/10/2025 2:11:24 PM,,,2,,,,,,,
3926516,16-036235,2,False,0109,7/7/2016 8:40:00 AM,840,30X,14,109,Oakland,1,True,True,C,REAR END,,Thursday,,,,,False,False,False,,C,OTHER MOTOR VEHICLE,,2,0,A,DAYLIGHT,,,,,,,A,NO PEDESTRIANS INVOLVED,,A,21703,,1,73RD AV,2,,,A,S,15.0,DEERWOOD,F,,D,8/8/2024 3:32:43 PM,2/10/2025 2:11:24 PM,,,2,,,,,,,
3926514,16-031315,2,False,0109,6/11/2016 7:11:00 PM,1911,10X,14,109,Oakland,1,True,True,B,SIDE SWIPE,,Saturday,,,,,False,False,False,,C,OTHER MOTOR VEHICLE,,1,0,A,DAYLIGHT,,,,,,,A,NO PEDESTRIANS INVOLVED,,A,21802A,,1,MARTIN LUTHER KING JR WY,1,,,A,,,42ND ST,,,A,8/8/2024 3:32:42 PM,2/10/2025 2:11:24 PM,,,2,,,,,,,
3926513,16-036510,2,False,0109,7/8/2016 5:42:00 PM,1742,08X,14,109,Oakland,1,True,True,D,BROADSIDE,,Friday,,,,,False,False,False,,B,PEDESTRIAN,,1,0,A,DAYLIGHT,,,,,,,B,CROSSING IN CROSS WALK AT INTERSECTION,,A,21950A,,1,38TH ST,1,,,A,,,SHAFTER AV,,,A,8/8/2024 3:32:42 PM,2/10/2025 2:11:24 PM,,,2,,,,,,,
3926507,16-036104,2,False,0109,7/16/2016 2:12:00 PM,1412,20X,14,109,Oakland,1,True,True,B,SIDE SWIPE,,Saturday,,,,,False,False,False,,G,BICYCLE,,1,0,A,DAYLIGHT,,,,,,,A,NO PEDESTRIANS INVOLVED,,A,22517,,1,FOOTHILL AV,1,,,A,N,3.0,MILLER AV,F,,D,8/8/2024 3:32:41 PM,2/10/2025 2:11:23 PM,,,2,,,,,,,
3926424,16-034088,2,False,0109,6/25/2016 4:46:00 PM,1646,23X,14,109,Oakland,1,True,True,D,BROADSIDE,,Saturday,,,,,False,False,True,,C,OTHER MOTOR VEHICLE,,0,0,A,DAYLIGHT,,,,,,,A,NO PEDESTRIANS INVOLVED,,A,21703,,1,37TH AV,2,,,A,,,SAN LEANDRO ST,,,A,8/8/2024 3:32:31 PM,2/10/2025 2:11:20 PM,,,2,,,,,,,
3926418,16-035719,2,False,0109,7/4/2016 6:31:00 PM,1831,26Y,14,109,Oakland,1,True,True,G,VEHICLE/PEDESTRAIN,,Monday,,,F,,False,False,False,,B,PEDESTRIAN,,1,0,A,DAYLIGHT,,,,,,,D,CROSSING - NOT IN CROSSWALK,,A,21950B,,1,66TH AV,2,,,A,,,LUCILLE ST,,,D,8/8/2024 3:32:31 PM,2/10/2025 2:11:20 PM,,,2,,,,,,,
3926414,16-035282,2,False,0109,7/1/2016 9:33:00 PM,2133,08X,14,109,Oakland,1,True,True,G,VEHICLE/PEDESTRAIN,,Friday,,,,,False,False,False,,B,PEDESTRIAN,,1,0,C,DARK-STREET LIGHTS,,,,,,,C,CROSSING IN CROSS WALK - NOT AT INTERSECTION,,A,21950A,,1,NORTHGATE AV,1,,,A,S,5.0,SYCAMORE,F,,D,8/8/2024 3:32:30 PM,2/10/2025 2:11:19 PM,,,2,,,,,,,
3926408,16-035756,2,False,0109,7/4/2016 9:20:00 PM,2120,34X,14,109,Oakland,1,True,True,B,SIDE SWIPE,,Monday,,,,,False,False,False,,E,PARKED MOTOR VEHICLE,,1,0,C,DARK-STREET LIGHTS,,,,,,,F,NOT IN ROAD,,A,22107,,1,INTERNATIONAL BL,2,,,A,E,110.0,93RD AV,F,,D,8/8/2024 3:32:29 PM,2/10/2025 2:11:19 PM,,,2,,,,,,,
3926331,16-044958,2,False,0109,8/24/2016 3:56:00 PM,1556,10X,14,109,Oakland,1,True,True,D,BROADSIDE,,Wednesday,,,,,False,False,False,,C,OTHER MOTOR VEHICLE,,1,0,A,DAYLIGHT,,,,,,,A,NO PEDESTRIANS INVOLVED,,A,21801A,,1,46TH ST,1,,,A,,,MARTIN LUTHER KING JR WY,,,D,8/8/2024 3:32:19 PM,2/10/2025 2:11:16 PM,,,2,,,,,,,
3926327,16-047548,2,False,0109,9/7/2016 12:55:00 PM,1255,19X,14,109,Oakland,1,True,True,B,SIDE SWIPE,,Wednesday,,,M,,False,False,False,,C,OTHER MOTOR VEHICLE,,0,0,A,DAYLIGHT,,,,,,,A,NO PEDESTRIANS INVOLVED,,A,22107,,1,5TH AV,1,,,A,N,150.0,EMBARCADERO,F,,D,8/8/2024 3:32:18 PM,2/10/2025 2:11:16 PM,,,2,,,,,,,
3926322,16-046916,2,False,0109,9/4/2016 1:02:00 AM,102,28X,14,109,Oakland,1,True,True,C,REAR END,,Sunday,,,M,,False,False,True,,E,PARKED MOTOR VEHICLE,,0,0,C,DARK-STREET LIGHTS,,,,,,,A,NO PEDESTRIANS INVOLVED,,A,22107,,1,MACARTHUR BL,2,,,A,E,280.0,SIMMONS ST,F,,A,8/8/2024 3:32:18 PM,2/10/2025 2:11:16 PM,,,2,,,,,,,
3926319,16-048213,2,False,0109,9/10/2016 4:22:00 PM,1622,19X,14,109,Oakland,1,True,True,B,SIDE SWIPE,,Saturday,,,,,False,False,False,,C,OTHER MOTOR VEHICLE,,0,0,A,DAYLIGHT,,,,,,,A,NO PEDESTRIANS INVOLVED,,A,21804A,,1,FOOTHILL BL,1,,,A,W,100.0,5TH AV,F,,D,8/8/2024 3:32:18 PM,2/10/2025 2:11:16 PM,,,2,,,,,,,
3926311,16-047866,2,False,0109,9/8/2016 6:46:00 PM,1846,24Y,14,109,Oakland,1,True,True,B,SIDE SWIPE,,Thursday,,,M,,False,False,False,,G,BICYCLE,,0,0,A,DAYLIGHT,,,,,,,A,NO PEDESTRIANS INVOLVED,,A,22107,,1,35TH AV,2,,,A,N,150.0,ALLENDALE,F,,D,8/8/2024 3:32:17 PM,2/10/2025 2:11:15 PM,,,2,,,,,,,
3926306,16-046359,2,False,0109,9/1/2016 9:55:00 AM,955,04X,14,109,Oakland,1,True,True,A,HEAD-ON,,Thursday,,,,,False,False,True,,C,OTHER MOTOR VEHICLE,,0,0,A,DAYLIGHT,,,,,,,A,NO PEDESTRIANS INVOLVED,,A,21453A,,1,19TH ST,1,,,A,,,FRANKLIN ST,,,A,8/8/2024 3:32:16 PM,2/10/2025 2:11:15 PM,,,2,,,,,,,
3926259,16-048981,2,False,0109,9/14/2016 3:02:00 PM,1502,08X,14,109,Oakland,1,True,True,D,BROADSIDE,,Wednesday,,,,,False,False,False,,C,OTHER MOTOR VEHICLE,,1,0,A,DAYLIGHT,,,,,,,A,NO PEDESTRIANS INVOLVED,,A,22107,,1,TELEGRAPH AV,1,,,A,,,28TH ST,,,A,8/8/2024 3:32:11 PM,2/10/2025 2:11:13 PM,,,2,,,,,,,
3926255,16-048885,2,False,0109,9/14/2016 7:19:00 AM,719,16X,14,109,Oakland,1,True,True,D,BROADSIDE,,Wednesday,,,,,False,False,False,,G,BICYCLE,,1,0,A,DAYLIGHT,,,,,,,A,NO PEDESTRIANS INVOLVED,,A,21453A,,1,MANDANA BL,1,,,A,,,CARLSTON AV,,,A,8/8/2024 3:32:10 PM,2/10/2025 2:11:13 PM,,,2,,,,,,,
3926247,16-049148,2,False,0109,9/15/2016 11:03:00 AM,1103,26X,14,109,Oakland,1,True,True,D,BROADSIDE,,Thursday,,,,,False,False,False,,C,OTHER MOTOR VEHICLE,,1,0,A,DAYLIGHT,,,,,,,A,NO PEDESTRIANS INVOLVED,,A,21801,,1,SAN LEANDRO ST,2,,,A,,,45TH AV,,,A,8/8/2024 3:32:09 PM,2/10/2025 2:11:13 PM,,,2,,,,,,,
3926240,16-047637,2,False,0109,9/7/2016 8:25:00 PM,2025,20X,14,109,Oakland,1,True,True,B,SIDE SWIPE,,Wednesday,,,M,,False,False,False,,G,BICYCLE,,1,0,C,DARK-STREET LIGHTS,,,,,,,A,NO PEDESTRIANS INVOLVED,,A,21801A,,1,E 16TH ST,1,,,A,,,29TH AV,,,A,8/8/2024 3:32:08 PM,2/10/2025 2:11:12 PM,,,2,,,,,,,
3926235,16-047646,2,False,0109,9/7/2016 9:21:00 PM,2121,26X,14,109,Oakland,1,True,True,B,SIDE SWIPE,,Wednesday,,,,,False,False,False,,C,OTHER MOTOR VEHICLE,,0,0,C,DARK-STREET LIGHTS,,,,,,,A,NO PEDESTRIANS INVOLVED,,A,21453A,,,HEGENBERGER RD,2,,,A,S,50.0,HAMILTON ST,F,,A,8/8/2024 3:32:08 PM,2/10/2025 2:11:12 PM,,,2,,,,,,,
3926160,16-040906,2,False,0109,8/3/2016 12:09:00 AM,9,02X,14,109,Oakland,1,True,True,E,HIT OBJECT,,Wednesday,,,,,False,False,True,,I,FIXED OBJECT,,0,0,C,DARK-STREET LIGHTS,,,,,,,A,NO PEDESTRIANS INVOLVED,,A,22107,,1,MANDELA PKWY,1,,,A,N,20.0,7TH ST,F,,A,8/8/2024 3:31:59 PM,2/10/2025 2:11:10 PM,,,2,,,,,,,
3926156,16-044696,2,False,0109,8/23/2016 11:01:00 AM,1101,26X,14,109,Oakland,1,True,True,C,REAR END,,Tuesday,,,,,False,False,False,,C,OTHER MOTOR VEHICLE,,0,0,A,DAYLIGHT,,,,,,,A,NO PEDESTRIANS INVOLVED,,A,22350,,1,HIGH ST,2,,,A,N,290.0,COLISEUM WY,F,,A,8/8/2024 3:31:59 PM,2/10/2025 2:11:09 PM,,,2,,,,,,,
3926125,16-048365,2,False,0109,9/11/2016 5:15:00 AM,515,33X,14,109,Oakland,1,True,True,B,SIDE SWIPE,,Sunday,,,M,,False,False,True,,E,PARKED MOTOR VEHICLE,,0,0,B,DUSK-DAWN,,,,,,,A,NO PEDESTRIANS INVOLVED,,A,22107,,1,D ST,2,,,A,E,8.0,83RD AV,F,,D,8/8/2024 3:31:56 PM,2/10/2025 2:11:08 PM,,,2,,,,,,,
3926122,16-034064,2,False,0109,6/25/2016 1:09:00 PM,1309,27X,14,109,Oakland,1,True,True,B,SIDE SWIPE,,Saturday,,,M,,False,False,True,,E,PARKED MOTOR VEHICLE,,0,0,A,DAYLIGHT,,,,,,,A,NO PEDESTRIANS INVOLVED,,A,22107,,1,BANCROFT AV,2,,,A,E,15.0,64TH AV,F,,D,8/8/2024 3:31:55 PM,2/10/2025 2:11:08 PM,,,2,,,,,,,
3926117,16-035812,2,False,0109,7/5/2016 5:30:00 PM,1730,30X,14,109,Oakland,1,True,True,C,REAR END,,Tuesday,,,M,,False,False,False,,E,PARKED MOTOR VEHICLE,,0,0,A,DAYLIGHT,,,,,,,A,NO PEDESTRIANS INVOLVED,,A,22106,,1,ARTHUR ST,2,,,A,W,0.01,73RD AV,M,,D,8/8/2024 3:31:55 PM,2/10/2025 2:11:08 PM,,,2,,,,,,,