collision-id,report-number,report-version,is-preliminary,ncic-code,crash-date-time,crash-time-description,beat,city-id,city-code,city-name,county-code,city-is-active,city-is-incorporated,collision-type-code,collision-type-description,collision-type-other-desc,day-of-week,dispatch-notified,has-photographs,hit-run,is-attachments-mailed,is-deleted,is-highway-related,is-tow-away,judicial-district,motor-vehicle-involved-with-code,motor-vehicle-involved-with-desc,motor-vehicle-involved-with-other-desc,number-injured,number-killed,lighting-code,lighting-description,latitude,longitude,milepost-direction,milepost-distance,milepost-marker,milepost-unit-of-measure,pedestrian-action-code,pedestrian-action-desc,prepared-date,primary-collision-factor-code,primary-collision-factor-description,primary-collision-factor-is-cited,primary-collision-party-number,primary-road,reporting-district,reporting-district-code,reviewed-date,roadway-surface-code,secondary-direction,secondary-distance,secondary-road,secondary-unit-of-measure,sketch-desc,traffic-control-device-code,created-date,modified-date,is-county-road,is-freeway,chp-555-version,is-additonal-object-struck,notification-date,notification-time-description,has-digital-media-files,evidence-number,is-location-refer-to-narrative,is-aoi-one-same-as-location
3926062,16-043302,2,False,0109,8/16/2016 1:04:00 AM,104,04X,14,109,Oakland,1,True,True,D,BROADSIDE,,Tuesday,,,,,False,False,False,,C,OTHER MOTOR VEHICLE,,0,0,C,DARK-STREET LIGHTS,,,,,,,A,NO PEDESTRIANS INVOLVED,,A,21453A,,1,17TH ST,1,,,A,,,CASTRO ST,,,A,8/8/2024 3:31:50 PM,2/10/2025 2:11:06 PM,,,2,,,,,,,
3926058,16-035045,2,False,0109,6/30/2016 6:15:00 PM,1815,23X,14,109,Oakland,1,True,True,C,REAR END,,Thursday,,,,,False,False,False,,E,PARKED MOTOR VEHICLE,,0,0,A,DAYLIGHT,,,,,,,A,NO PEDESTRIANS INVOLVED,,A,22106,,1,39TH AV,2,,,D,N,50.0,SAN LEANDRO ST,F,,D,8/8/2024 3:31:49 PM,2/10/2025 2:11:06 PM,,,2,,,,,,,
3926054,16-034842,2,False,0109,6/29/2016 6:09:00 PM,1809,35,14,109,Oakland,1,True,True,D,BROADSIDE,,Wednesday,,,,,False,False,True,,C,OTHER MOTOR VEHICLE,,1,0,A,DAYLIGHT,,,,,,,A,NO PEDESTRIANS INVOLVED,,A,22450A,,1,GRASS VALLEY RD,2,,,A,,,SUN VALLEY DR,,,A,8/8/2024 3:31:49 PM,2/10/2025 2:11:06 PM,,,2,,,,,,,
3926050,16-032245,2,False,0109,6/16/2016 12:57:00 PM,1257,30Y,14,109,Oakland,1,True,True,H,OTHER,,Thursday,,,,,False,False,False,,C,OTHER MOTOR VEHICLE,,0,0,A,DAYLIGHT,,,,,,,A,NO PEDESTRIANS INVOLVED,,A,21800A,,1,73RD AV,2,,,A,S,5.0,NEY AV,F,,A,8/8/2024 3:31:48 PM,2/10/2025 2:11:06 PM,,,2,,,,,,,
3925333,16-027872,2,False,0109,5/25/2016 12:47:00 AM,47,04,14,109,Oakland,1,True,True,D,BROADSIDE,,Wednesday,,,,,False,False,True,,C,OTHER MOTOR VEHICLE,,1,0,C,DARK-STREET LIGHTS,,,,,,,A,NO PEDESTRIANS INVOLVED,,A,21453A,,,17TH ST,1,,,A,,,JEFFERSON ST,,,A,8/8/2024 3:30:32 PM,2/10/2025 2:10:38 PM,,,2,,,,,,,
3925194,16-032839,2,False,0109,6/19/2016 4:30:00 PM,1630,34X,14,109,Oakland,1,True,True,D,BROADSIDE,,Sunday,,,,,False,False,False,,C,OTHER MOTOR VEHICLE,,0,0,A,DAYLIGHT,,,,,,,A,NO PEDESTRIANS INVOLVED,,A,21802A,,1,WALNUT ST,2,,,A,,,94TH AV,,,D,8/8/2024 3:30:16 PM,2/10/2025 2:10:33 PM,,,2,,,,,,,
3925101,16-029761,2,False,0109,6/3/2016 3:17:00 PM,1517,03X,14,109,Oakland,1,True,True,D,BROADSIDE,,Friday,,,,,False,False,False,,C,OTHER MOTOR VEHICLE,,1,0,A,DAYLIGHT,,,,,,,A,NO PEDESTRIANS INVOLVED,,A,21453A,,1,11TH ST,1,,,A,,,MARTIN LUTHER KING JR WY,,,A,8/8/2024 3:30:04 PM,2/10/2025 2:10:30 PM,,,2,,,,,,,
3925072,16-039871,2,False,0109,7/27/2016 7:00:00 PM,1900,07X,14,109,Oakland,1,True,True,D,BROADSIDE,,Wednesday,,,,,False,False,True,,C,OTHER MOTOR VEHICLE,,2,0,A,DAYLIGHT,,,,,,,A,NO PEDESTRIANS INVOLVED,,A,22450A,,1,26TH ST,1,,,A,,,PERALTA ST,,,A,8/8/2024 3:30:01 PM,2/10/2025 2:10:29 PM,,,2,,,,,,,
3925030,16-047114,2,False,0109,9/5/2016 8:36:00 AM,836,3X,14,109,Oakland,1,True,True,E,HIT OBJECT,,Monday,,,M,,False,False,False,,I,FIXED OBJECT,,0,0,A,DAYLIGHT,,,,,,,A,NO PEDESTRIANS INVOLVED,,A,22107,,1,HARRISON ST,1,,,A,,,7TH ST,,,A,8/8/2024 3:29:56 PM,2/10/2025 2:10:27 PM,,,2,,,,,,,
3925003,16-047447,2,False,0109,9/7/2016 1:30:00 AM,130,5X,14,109,Oakland,1,True,True,C,REAR END,,Wednesday,,,,,False,True,False,,C,OTHER MOTOR VEHICLE,,0,0,C,DARK-STREET LIGHTS,,,,,,,A,NO PEDESTRIANS INVOLVED,,A,23152A,,1,WEST GRAND AV,1,,,A,E,20.0,FRONTAGE RD,F,,A,8/8/2024 3:29:53 PM,2/10/2025 2:10:26 PM,,,2,,,,,,,
3924991,16-047440,2,False,0109,9/6/2016 11:50:00 PM,2350,10Y,14,109,Oakland,1,True,True,A,HEAD-ON,,Tuesday,,,M,,False,False,True,,E,PARKED MOTOR VEHICLE,,0,0,C,DARK-STREET LIGHTS,,,,,,,A,NO PEDESTRIANS INVOLVED,,A,22107,,1,MARKET ST,1,,,A,N,86.0,43RD ST,F,,D,8/8/2024 3:29:52 PM,2/10/2025 2:10:26 PM,,,2,,,,,,,
3924987,16-048253,2,False,0109,9/10/2016 8:48:00 PM,2048,09X,14,109,Oakland,1,True,True,G,VEHICLE/PEDESTRAIN,,Saturday,,,M,,False,False,False,,B,PEDESTRIAN,,1,0,C,DARK-STREET LIGHTS,,,,,,,B,CROSSING IN CROSS WALK AT INTERSECTION,,A,21950A,,1,RICHMOND BL,1,,,A,S,5.0,W MACARTHUR BL,F,,A,8/8/2024 3:29:52 PM,2/10/2025 2:10:26 PM,,,2,,,,,,,
3924983,16-046680,2,False,0109,9/2/2016 5:24:00 PM,1724,03Y,14,109,Oakland,1,True,True,D,BROADSIDE,,Friday,,,M,,False,False,True,,C,OTHER MOTOR VEHICLE,,1,0,A,DAYLIGHT,,,,,,,A,NO PEDESTRIANS INVOLVED,,A,21453A,,1,CLAY ST,1,,,A,,,11TH ST,,,A,8/8/2024 3:29:51 PM,2/10/2025 2:10:26 PM,,,2,,,,,,,
3924856,16-044545,2,False,0109,8/22/2016 3:48:00 PM,1548,22X,14,109,Oakland,1,True,True,B,SIDE SWIPE,,Monday,,,M,,False,False,False,,G,BICYCLE,,1,0,A,DAYLIGHT,,,,,,,A,NO PEDESTRIANS INVOLVED,,A,22107,,1,MOUNTAIN BL,1,,,A,E,50.0,ASCOT DR,F,,A,8/8/2024 3:29:38 PM,2/10/2025 2:10:21 PM,,,2,,,,,,,
3924851,16-042829,2,False,0109,8/13/2016 1:51:00 AM,151,31X,14,109,Oakland,1,True,True,A,HEAD-ON,,Saturday,,,F,,False,True,False,,C,OTHER MOTOR VEHICLE,,2,0,C,DARK-STREET LIGHTS,,,,,,,A,NO PEDESTRIANS INVOLVED,,A,21650,,1,HEGENBERGER RD,2,,,A,S,200.0,RT 880,F,,D,8/8/2024 3:29:37 PM,2/10/2025 2:10:21 PM,,,2,,,,,,,
3924816,16-042767,2,False,0109,8/12/2016 5:30:00 PM,1730,31X,14,109,Oakland,1,True,True,D,BROADSIDE,,Friday,,,,,False,False,False,,C,OTHER MOTOR VEHICLE,,1,0,A,DAYLIGHT,,,,,,,A,NO PEDESTRIANS INVOLVED,,A,22107,,1,COLISEUM WY,2,,,A,W,600.0,HEGENBERGER RD,F,,D,8/8/2024 3:29:34 PM,2/10/2025 2:10:20 PM,,,2,,,,,,,
3923549,16-031282,2,False,0109,6/11/2016 3:37:00 PM,1537,07X,14,109,Oakland,1,True,True,B,SIDE SWIPE,,Saturday,,,M,,False,False,False,,G,BICYCLE,,1,0,A,DAYLIGHT,,,,,,,A,NO PEDESTRIANS INVOLVED,,A,22107,,1,WOOD ST,1,,,A,S,20.0,24TH ST,F,,D,8/8/2024 3:27:21 PM,2/10/2025 2:09:28 PM,,,2,,,,,,,
3923518,16-031540,2,False,0109,6/13/2016 5:20:00 AM,520,32X,14,109,Oakland,1,True,True,B,SIDE SWIPE,,Monday,,,,,False,False,False,,E,PARKED MOTOR VEHICLE,,0,0,B,DUSK-DAWN,,,,,,,A,NO PEDESTRIANS INVOLVED,,A,22107,,1,105TH AV,2,,,A,N,200.0,ROYAL ANN,F,,D,8/8/2024 3:27:18 PM,2/10/2025 2:09:27 PM,,,2,,,,,,,
3923517,16-030232,2,False,0109,6/6/2016 9:00:00 AM,900,08X,14,109,Oakland,1,True,True,B,SIDE SWIPE,,Monday,,,,,False,False,True,,C,OTHER MOTOR VEHICLE,,0,0,A,DAYLIGHT,,,,,,,A,NO PEDESTRIANS INVOLVED,,A,21804A,,1,SUMMIT ST,1,,,A,N,245.0,28TH ST,F,,D,8/8/2024 3:27:18 PM,2/10/2025 2:09:27 PM,,,2,,,,,,,
3923514,16-032886,2,False,0109,6/19/2016 11:09:00 PM,2309,19X,14,109,Oakland,1,True,True,D,BROADSIDE,,Sunday,,,,,False,False,False,,C,OTHER MOTOR VEHICLE,,0,0,C,DARK-STREET LIGHTS,,,,,,,A,NO PEDESTRIANS INVOLVED,,A,22450A,,1,INTERNATIONAL BL,1,,,A,,,20TH AV,,,A,8/8/2024 3:27:17 PM,2/10/2025 2:09:27 PM,,,2,,,,,,,
3923513,16-029440,2,False,0109,6/2/2016 4:51:00 AM,451,03X,14,109,Oakland,1,True,True,E,HIT OBJECT,,Thursday,,,,,False,False,False,,I,FIXED OBJECT,,0,0,C,DARK-STREET LIGHTS,,,,,,,A,NO PEDESTRIANS INVOLVED,,A,22107,,1,WEBSTER ST,1,,,A,,,6TH ST,,,D,8/8/2024 3:27:17 PM,2/10/2025 2:09:26 PM,,,2,,,,,,,
3923510,16-034502,2,False,0109,6/28/2016 7:45:00 AM,745,17X,14,109,Oakland,1,True,True,B,SIDE SWIPE,,Tuesday,,,M,,False,False,True,,E,PARKED MOTOR VEHICLE,,0,0,A,DAYLIGHT,,,,,,,A,NO PEDESTRIANS INVOLVED,,A,22107,,1,13TH AV,1,,,A,S,200.0,E 28TH ST,F,,D,8/8/2024 3:27:17 PM,2/10/2025 2:09:26 PM,,,2,,,,,,,
3923507,16-032895,2,False,0109,6/20/2016 1:32:00 AM,132,19X,14,109,Oakland,1,True,True,A,HEAD-ON,,Monday,,,M,,False,False,False,,I,FIXED OBJECT,,0,0,C,DARK-STREET LIGHTS,,,,,,,A,NO PEDESTRIANS INVOLVED,,A,22107,,1,1ST AV,1,,,A,E,1.0,12TH ST,F,,A,8/8/2024 3:27:17 PM,2/10/2025 2:09:26 PM,,,2,,,,,,,
3923506,16-035013,2,False,0109,6/30/2016 4:02:00 PM,1602,10X,14,109,Oakland,1,True,True,B,SIDE SWIPE,,Thursday,,,M,,False,False,False,,C,OTHER MOTOR VEHICLE,,0,0,A,DAYLIGHT,,,,,,,A,NO PEDESTRIANS INVOLVED,,A,22107,,1,55TH ST,1,,,A,,,MARKET ST,,,B,8/8/2024 3:27:17 PM,2/10/2025 2:09:26 PM,,,2,,,,,,,
3923501,16-034458,2,False,0109,6/27/2016 9:00:00 AM,900,35X,14,109,Oakland,1,True,True,E,HIT OBJECT,,Monday,,,M,,False,False,False,,J,OTHER OBJECT,,0,0,A,DAYLIGHT,,,,,,,A,NO PEDESTRIANS INVOLVED,,A,22107,,1,MACARTHUR BL,2,,,A,W,100.0,90TH AV,F,,D,8/8/2024 3:27:16 PM,2/10/2025 2:09:26 PM,,,2,,,,,,,
3923500,16-031031,2,False,0109,6/10/2016 7:49:00 AM,749,01X,14,109,Oakland,1,True,True,D,BROADSIDE,,Friday,,,,,False,False,False,,C,OTHER MOTOR VEHICLE,,0,0,A,DAYLIGHT,,,,,,,A,NO PEDESTRIANS INVOLVED,,A,21453A,,1,18TH ST,1,,,A,,,BRUSH ST,,,A,8/8/2024 3:27:16 PM,2/10/2025 2:09:26 PM,,,2,,,,,,,
3923474,16-034217,2,False,0109,6/26/2016 1:00:00 PM,1300,14X,14,109,Oakland,1,True,True,G,VEHICLE/PEDESTRAIN,,Sunday,,,,,False,False,False,,B,PEDESTRIAN,,1,0,A,DAYLIGHT,,,,,,,B,CROSSING IN CROSS WALK AT INTERSECTION,,A,21950A,,1,GRAND AV,1,,,A,W,20.0,BELLEVUE AV,F,,D,8/8/2024 3:27:14 PM,2/10/2025 2:09:25 PM,,,2,,,,,,,
3922451,16-026733,2,False,0109,5/19/2016 7:02:00 AM,702,23X,14,109,Oakland,1,True,True,A,HEAD-ON,,Thursday,,,M,,False,False,False,,C,OTHER MOTOR VEHICLE,,0,0,A,DAYLIGHT,,,,,,,A,NO PEDESTRIANS INVOLVED,,A,22107,,1,35TH AV,2,,,A,N,5.0,INTERNATIONAL BL,F,,A,8/8/2024 3:25:28 PM,2/10/2025 2:08:46 PM,,,2,,,,,,,
3922447,16-028974,2,False,0109,5/30/2016 9:20:00 PM,2120,29X,14,109,Oakland,1,True,True,D,BROADSIDE,,Monday,,,,,False,False,False,,E,PARKED MOTOR VEHICLE,,0,0,C,DARK-STREET LIGHTS,,,,,,,A,NO PEDESTRIANS INVOLVED,,A,22107,,1,69TH AV,2,,,A,N,30.0,MACARTHUR BL,F,,D,8/8/2024 3:25:27 PM,2/10/2025 2:08:46 PM,,,2,,,,,,,
3922443,16-027878,2,False,0109,5/25/2016 1:34:00 AM,134,08X,14,109,Oakland,1,True,True,B,SIDE SWIPE,,Wednesday,,,M,,False,False,True,,E,PARKED MOTOR VEHICLE,,0,0,C,DARK-STREET LIGHTS,,,,,,,A,NO PEDESTRIANS INVOLVED,,A,22107,,1,TELEGRAPH AV,1,,,A,W,50.0,25TH ST,F,,A,8/8/2024 3:25:27 PM,2/10/2025 2:08:46 PM,,,2,,,,,,,
3921871,16-037230,2,False,0109,7/13/2016 11:00:00 AM,1100,27X,14,109,Oakland,1,True,True,B,SIDE SWIPE,,Wednesday,,,M,,False,False,False,,E,PARKED MOTOR VEHICLE,,0,0,C,DARK-STREET LIGHTS,,,,,,,A,NO PEDESTRIANS INVOLVED,,A,22107,,1,BOND ST,2,,,A,W,80.0,46TH ST,F,,D,8/8/2024 3:24:30 PM,2/10/2025 2:08:24 PM,,,2,,,,,,,
3921869,16-036981,2,False,0109,7/13/2016 5:47:00 PM,1747,21X,14,109,Oakland,1,True,True,B,SIDE SWIPE,,Wednesday,,,M,,False,False,False,,E,PARKED MOTOR VEHICLE,,0,0,A,DAYLIGHT,,,,,,,A,NO PEDESTRIANS INVOLVED,,A,22106,,1,E 23RD ST,1,,,A,W,100.0,MITCHELL ST,F,,D,8/8/2024 3:24:30 PM,2/10/2025 2:08:24 PM,,,2,,,,,,,
3921860,16-035747,2,False,0109,7/6/2016 9:05:00 PM,2105,17X,14,109,Oakland,1,True,True,C,REAR END,,Wednesday,,,M,,False,False,True,,C,OTHER MOTOR VEHICLE,,0,0,A,DAYLIGHT,,,,,,,A,NO PEDESTRIANS INVOLVED,,A,22107,,1,E 19TH ST,1,,,A,E,20.0,11TH AV,F,,D,8/8/2024 3:24:29 PM,2/10/2025 2:08:24 PM,,,2,,,,,,,
3921667,16-040887,2,False,0109,8/2/2016 9:32:00 PM,2132,04X,14,109,Oakland,1,True,True,G,VEHICLE/PEDESTRAIN,,Tuesday,,,F,,False,False,False,,B,PEDESTRIAN,,1,0,B,DUSK-DAWN,,,,,,,B,CROSSING IN CROSS WALK AT INTERSECTION,,A,21950A,,1,17TH ST,1,,,A,,,SAN PABLO AV,,,A,8/8/2024 3:24:10 PM,2/10/2025 2:08:17 PM,,,2,,,,,,,
3921641,16-042513,2,False,0109,8/11/2016 1:48:00 PM,1348,04X,14,109,Oakland,1,True,True,A,HEAD-ON,,Thursday,,,,,False,False,False,,C,OTHER MOTOR VEHICLE,,1,0,A,DAYLIGHT,,,,,,,A,NO PEDESTRIANS INVOLVED,,A,21657,,1,FRANKLIN ST,1,,,A,N,20.0,20TH ST,F,,D,8/8/2024 3:24:07 PM,2/10/2025 2:08:16 PM,,,2,,,,,,,
3921632,16-043703,2,False,0109,8/17/2016 9:03:00 PM,2103,35X,14,109,Oakland,1,True,True,A,HEAD-ON,,Wednesday,,,,,False,False,True,,C,OTHER MOTOR VEHICLE,,1,0,C,DARK-STREET LIGHTS,,,,,,,A,NO PEDESTRIANS INVOLVED,,A,23152A,,1,MACARTHUR BL,2,,,A,W,95.0,90TH AV,F,,A,8/8/2024 3:24:06 PM,2/10/2025 2:08:16 PM,,,2,,,,,,,
3921629,16-041293,2,False,0109,8/4/2016 9:35:00 PM,2135,17X,14,109,Oakland,1,True,True,C,REAR END,,Thursday,,,,,False,False,False,,C,OTHER MOTOR VEHICLE,,1,0,C,DARK-STREET LIGHTS,,,,,,,A,NO PEDESTRIANS INVOLVED,,A,22350,,1,5TH AV,1,,,A,S,40.0,E 19TH ST,F,,D,8/8/2024 3:24:06 PM,2/10/2025 2:08:15 PM,,,2,,,,,,,
3921625,16-041151,2,False,0109,8/4/2016 8:56:00 AM,856,32X,14,109,Oakland,1,True,True,A,HEAD-ON,,Thursday,,,,,False,False,False,,C,OTHER MOTOR VEHICLE,,1,0,A,DAYLIGHT,,,,,,,A,NO PEDESTRIANS INVOLVED,,A,21802A,,1,104TH AV,2,,,A,,,WALNUT ST,,,A,8/8/2024 3:24:05 PM,2/10/2025 2:08:15 PM,,,2,,,,,,,
3921623,16-046458,2,False,0109,9/1/2016 5:05:00 PM,1705,30X,14,109,Oakland,1,True,True,D,BROADSIDE,,Thursday,,,,,False,False,False,,G,BICYCLE,,1,0,A,DAYLIGHT,,,,,,,A,NO PEDESTRIANS INVOLVED,,D,,,,FRESNO ST,2,,,A,W,6.0,73RD AV,F,,A,8/8/2024 3:24:05 PM,2/10/2025 2:08:15 PM,,,2,,,,,,,
3921621,16-041028,2,False,0109,8/3/2016 2:17:00 PM,1417,34X,14,109,Oakland,1,True,True,D,BROADSIDE,,Wednesday,,,,,False,False,False,,C,OTHER MOTOR VEHICLE,,2,0,A,DAYLIGHT,,,,,,,A,NO PEDESTRIANS INVOLVED,,A,22107,,1,INTERNATIONAL BL,2,,,A,,,94TH AV,,,A,8/8/2024 3:24:05 PM,2/10/2025 2:08:15 PM,,,2,,,,,,,
3921618,16-041039,2,False,0109,8/3/2016 2:35:00 PM,1435,11X,14,109,Oakland,1,True,True,D,BROADSIDE,,Wednesday,,,,,False,False,False,,C,OTHER MOTOR VEHICLE,,1,0,A,DAYLIGHT,,,,,,,A,NO PEDESTRIANS INVOLVED,,A,21801A,,1,TELEGRAPH AV,1,,,A,,,60TH ST,,,D,8/8/2024 3:24:05 PM,2/10/2025 2:08:15 PM,,,2,,,,,,,
3921613,16-040568,2,False,0109,8/1/2016 12:27:00 AM,27,23X,14,109,Oakland,1,True,True,C,REAR END,,Monday,,,M,,False,False,True,,E,PARKED MOTOR VEHICLE,,1,0,C,DARK-STREET LIGHTS,,,,,,,A,NO PEDESTRIANS INVOLVED,,A,22350,,1,ALAMEDA AV,2,,,A,E,690.0,FRUITVALE AV,F,,D,8/8/2024 3:24:04 PM,2/10/2025 2:08:15 PM,,,2,,,,,,,
3921601,16-040207,2,False,0109,7/29/2016 12:52:00 PM,1252,03X,14,109,Oakland,1,True,True,B,SIDE SWIPE,,Friday,,,,,False,False,False,,C,OTHER MOTOR VEHICLE,,1,0,A,DAYLIGHT,,,,,,,A,NO PEDESTRIANS INVOLVED,,A,21802A,,1,8TH ST,1,,,A,,,ALICE ST,,,A,8/8/2024 3:24:03 PM,2/10/2025 2:08:14 PM,,,2,,,,,,,
3921598,16-036900,2,False,0109,7/11/2016 7:30:00 AM,730,17X,14,109,Oakland,1,True,True,G,VEHICLE/PEDESTRAIN,,Monday,,,M,,False,False,False,,B,PEDESTRIAN,,1,0,A,DAYLIGHT,,,,,,,B,CROSSING IN CROSS WALK AT INTERSECTION,,A,21950A,,1,PARK BL,1,,,A,N,10.0,CLEVELAND ST,F,,D,8/8/2024 3:24:01 PM,2/10/2025 2:08:14 PM,,,2,,,,,,,
3921594,16-040638,2,False,0109,8/1/2016 2:30:00 AM,230,24Y,14,109,Oakland,1,True,True,C,REAR END,,Monday,,,M,,False,False,False,,E,PARKED MOTOR VEHICLE,,0,0,C,DARK-STREET LIGHTS,,,,,,,A,NO PEDESTRIANS INVOLVED,,A,22107,,1,35TH AV,2,,,A,N,40.0,DAVIS ST,F,,D,8/8/2024 3:24:01 PM,2/10/2025 2:08:14 PM,,,2,,,,,,,
3921564,16-045957,2,False,0109,8/30/2016 7:40:00 AM,740,18X,14,109,Oakland,1,True,True,B,SIDE SWIPE,,Tuesday,,,,,False,False,True,,D,MOTOR VEHICLE ON OTHER ROADWAY,,0,0,A,DAYLIGHT,,,,,,,A,NO PEDESTRIANS INVOLVED,,A,22107,,1,E 31ST ST,1,,,A,E,300.0,14TH AV,F,,D,8/8/2024 3:23:59 PM,2/10/2025 2:08:13 PM,,,2,,,,,,,
3921561,16-042850,2,False,0109,8/13/2016 7:35:00 AM,735,23X,14,109,Oakland,1,True,True,A,HEAD-ON,,Saturday,,,,,False,False,False,,C,OTHER MOTOR VEHICLE,,0,0,A,DAYLIGHT,,,,,,,A,NO PEDESTRIANS INVOLVED,,A,23152A,,1,INTERNATIONAL BL,2,,,A,,,42ND AV,,,A,8/8/2024 3:23:58 PM,2/10/2025 2:08:13 PM,,,2,,,,,,,
3921557,16-040680,2,False,0109,8/1/2016 4:35:00 PM,1635,32X,14,109,Oakland,1,True,True,D,BROADSIDE,,Monday,,,,,False,False,False,,,,,0,0,A,DAYLIGHT,,,,,,,A,NO PEDESTRIANS INVOLVED,,A,21802A,,1,INTERNATIONAL BL,2,,,A,,,TUCKER ST,,,D,8/8/2024 3:23:58 PM,2/10/2025 2:08:13 PM,,,2,,,,,,,
3921553,16-041105,2,False,0109,8/3/2016 10:50:00 PM,2250,16Y,14,109,Oakland,1,True,True,D,BROADSIDE,,Wednesday,,,,,False,False,True,,C,OTHER MOTOR VEHICLE,,0,0,C,DARK-STREET LIGHTS,,,,,,,A,NO PEDESTRIANS INVOLVED,,A,21453A,,1,CHATHAM RD,1,,,A,,,13TH AV,,,A,8/8/2024 3:23:58 PM,2/10/2025 2:08:12 PM,,,2,,,,,,,
3921551,16-040763,2,False,0109,8/2/2016 10:03:00 AM,1003,20X,14,109,Oakland,1,True,True,B,SIDE SWIPE,,Tuesday,,,,,False,False,False,,E,PARKED MOTOR VEHICLE,,0,0,A,DAYLIGHT,,,,,,,A,NO PEDESTRIANS INVOLVED,,A,22107,,1,MILLER AV,1,,,A,N,10.0,E 15TH ST,F,,D,8/8/2024 3:23:57 PM,2/10/2025 2:08:12 PM,,,2,,,,,,,
3921546,16-041077,2,False,0109,8/3/2016 6:13:00 PM,1813,03Y,14,109,Oakland,1,True,True,D,BROADSIDE,,Wednesday,,,M,,False,False,True,,C,OTHER MOTOR VEHICLE,,0,0,A,DAYLIGHT,,,,,,,A,NO PEDESTRIANS INVOLVED,,A,22350,,1,WEST GRAND,1,,,A,,,MARKET ST,,,A,8/8/2024 3:23:57 PM,2/10/2025 2:08:12 PM,,,2,,,,,,,
3921543,16-040674,2,False,0109,8/1/2016 3:46:00 PM,1546,21X,14,109,Oakland,1,True,True,H,OTHER,,Monday,,,M,,False,False,False,,E,PARKED MOTOR VEHICLE,,0,0,A,DAYLIGHT,,,,,,,A,NO PEDESTRIANS INVOLVED,,A,22107,,1,FRUITVALE AV,1,,,A,,,E 27TH ST,,,D,8/8/2024 3:23:57 PM,2/10/2025 2:08:12 PM,,,2,,,,,,,
3921541,16-032563,2,False,0109,6/18/2016 4:16:00 AM,416,24X,14,109,Oakland,1,True,True,C,REAR END,,Saturday,,,,,False,False,True,,E,PARKED MOTOR VEHICLE,,1,0,C,DARK-STREET LIGHTS,,,,,,,A,NO PEDESTRIANS INVOLVED,,A,22107,,1,35TH AV,2,,,A,S,100.0,REDDING ST,F,,A,8/8/2024 3:23:57 PM,2/10/2025 2:08:12 PM,,,2,,,,,,,
3921540,5745,2,False,0109,6/30/2016 11:50:00 AM,1150,12Y,14,109,Oakland,1,True,True,E,HIT OBJECT,,Thursday,,,,,False,False,False,,J,OTHER OBJECT,,0,0,A,DAYLIGHT,,,,,,,A,NO PEDESTRIANS INVOLVED,,C,,,,HUDSON ST,1,,,A,W,100.0,MANILA AV,F,,D,8/8/2024 3:23:57 PM,2/10/2025 2:08:12 PM,,,2,,,,,,,
3921537,16-040670,2,False,0109,8/1/2016 3:21:00 PM,1521,06X,14,109,Oakland,1,True,True,C,REAR END,,Monday,,,M,,False,False,False,,C,OTHER MOTOR VEHICLE,,0,0,A,DAYLIGHT,,,,,,,A,NO PEDESTRIANS INVOLVED,,A,22350,,1,35TH ST,1,,,A,,,MARKET ST,,,A,8/8/2024 3:23:56 PM,2/10/2025 2:08:12 PM,,,2,,,,,,,
3921530,16-040877,2,False,0109,8/2/2016 6:15:00 PM,1815,34X,14,109,Oakland,1,True,True,D,BROADSIDE,,Tuesday,,,M,,False,False,False,,C,OTHER MOTOR VEHICLE,,1,0,A,DAYLIGHT,,,,,,,A,NO PEDESTRIANS INVOLVED,,A,22450A,,1,82ND AV,2,,,A,,,BIRCH ST,,,A,8/8/2024 3:23:56 PM,2/10/2025 2:08:11 PM,,,2,,,,,,,
3921526,16-040826,2,False,0109,8/2/2016 3:02:00 PM,1502,06X,14,109,Oakland,1,True,True,B,SIDE SWIPE,,Tuesday,,,,,False,False,False,,C,OTHER MOTOR VEHICLE,,0,0,A,DAYLIGHT,,,,,,,A,NO PEDESTRIANS INVOLVED,,A,21658A,,1,40TH ST,1,,,A,,,40TH ST 800,,,D,8/8/2024 3:23:55 PM,2/10/2025 2:08:11 PM,,,2,,,,,,,
3921521,16-040846,2,False,0109,8/2/2016 4:46:00 PM,1646,29X,14,109,Oakland,1,True,True,D,BROADSIDE,,Tuesday,,,,,False,False,False,,C,OTHER MOTOR VEHICLE,,0,0,A,DAYLIGHT,,,,,,,A,NO PEDESTRIANS INVOLVED,,A,21804A,,1,FLEMING AV,2,,,A,W,946.0,SEMINARY AV,F,,D,8/8/2024 3:23:55 PM,2/10/2025 2:08:11 PM,,,2,,,,,,,
3921517,16-41150,2,False,0109,8/4/2016 8:55:00 AM,855,03X,14,109,Oakland,1,True,True,D,BROADSIDE,,Thursday,,,,,False,False,True,,C,OTHER MOTOR VEHICLE,,0,0,A,DAYLIGHT,,,,,,,A,NO PEDESTRIANS INVOLVED,,A,21453A,,1,MARTIN LUTHER KING JR WY,1,,,A,,,11TH ST,,,A,8/8/2024 3:23:54 PM,2/10/2025 2:08:11 PM,,,2,,,,,,,
3921516,16-041189,2,False,0109,8/4/2016 11:50:00 AM,1150,02Y,14,109,Oakland,1,True,True,C,REAR END,,Thursday,,,,,False,False,True,,C,OTHER MOTOR VEHICLE,,1,0,A,DAYLIGHT,,,,,,,A,NO PEDESTRIANS INVOLVED,,A,22102,,1,FRONTAGE RD,1,,,A,N,75.0,10TH ST,F,,A,8/8/2024 3:23:54 PM,2/10/2025 2:08:11 PM,,,2,,,,,,,
3921511,16-041455,2,False,0109,8/5/2016 3:13:00 PM,1513,03X,14,109,Oakland,1,True,True,C,REAR END,,Friday,,,,,False,False,True,,C,OTHER MOTOR VEHICLE,,1,0,A,DAYLIGHT,,,,,,,A,NO PEDESTRIANS INVOLVED,,A,22350,,1,POSEY TUBE,1,,,A,,,SAN FRANCISCO BAY TRAIL,,,D,8/8/2024 3:23:54 PM,2/10/2025 2:08:11 PM,,,2,,,,,,,
3921487,16-041074,2,False,0109,8/3/2016 5:42:00 PM,1742,03X,14,109,Oakland,1,True,True,D,BROADSIDE,,Wednesday,,,M,,False,False,False,,C,OTHER MOTOR VEHICLE,,0,0,A,DAYLIGHT,,,,,,,A,NO PEDESTRIANS INVOLVED,,A,21453A,,1,OAK ST,1,,,A,,,7TH ST,,,A,8/8/2024 3:23:52 PM,2/10/2025 2:08:10 PM,,,2,,,,,,,