collision-id,report-number,report-version,is-preliminary,ncic-code,crash-date-time,crash-time-description,beat,city-id,city-code,city-name,county-code,city-is-active,city-is-incorporated,collision-type-code,collision-type-description,collision-type-other-desc,day-of-week,dispatch-notified,has-photographs,hit-run,is-attachments-mailed,is-deleted,is-highway-related,is-tow-away,judicial-district,motor-vehicle-involved-with-code,motor-vehicle-involved-with-desc,motor-vehicle-involved-with-other-desc,number-injured,number-killed,lighting-code,lighting-description,latitude,longitude,milepost-direction,milepost-distance,milepost-marker,milepost-unit-of-measure,pedestrian-action-code,pedestrian-action-desc,prepared-date,primary-collision-factor-code,primary-collision-factor-description,primary-collision-factor-is-cited,primary-collision-party-number,primary-road,reporting-district,reporting-district-code,reviewed-date,roadway-surface-code,secondary-direction,secondary-distance,secondary-road,secondary-unit-of-measure,sketch-desc,traffic-control-device-code,created-date,modified-date,is-county-road,is-freeway,chp-555-version,is-additonal-object-struck,notification-date,notification-time-description,has-digital-media-files,evidence-number,is-location-refer-to-narrative,is-aoi-one-same-as-location
3931398,16-046554,2,False,0109,9/2/2016 8:15:00 AM,815,13Z,14,109,Oakland,1,True,True,B,SIDE SWIPE,,Friday,,,,,False,False,False,,C,OTHER MOTOR VEHICLE,,0,0,A,DAYLIGHT,,,,,,,A,NO PEDESTRIANS INVOLVED,,A,22517,,1,MOUNTAIN BL,1,,,A,E,30.0,MERCED AV,F,,A,8/8/2024 3:41:49 PM,2/10/2025 2:14:41 PM,,,2,,,,,,,
3931371,16-048971,2,False,0109,9/14/2016 2:07:00 PM,1407,23X,14,109,Oakland,1,True,True,B,SIDE SWIPE,,Wednesday,,,,,False,False,False,,C,OTHER MOTOR VEHICLE,,0,0,A,DAYLIGHT,,,,,,,A,NO PEDESTRIANS INVOLVED,,A,22106,,1,INTERNATIONAL BL,2,,,A,E,120.0,FRUITVALE AV,F,,D,8/8/2024 3:41:46 PM,2/10/2025 2:14:40 PM,,,2,,,,,,,
3931367,16-037136,2,False,0109,7/12/2016 10:47:00 AM,1047,04X,14,109,Oakland,1,True,True,B,SIDE SWIPE,,Tuesday,,,,,False,False,False,,E,PARKED MOTOR VEHICLE,,0,0,A,DAYLIGHT,,,,,,,A,NO PEDESTRIANS INVOLVED,,A,22517,,1,WEBSTER ST,1,,,A,,,WEBSTER ST 1940,,,D,8/8/2024 3:41:45 PM,2/10/2025 2:14:40 PM,,,2,,,,,,,
3931362,19-046839,2,False,0109,9/3/2016 3:38:00 PM,1538,19X,14,109,Oakland,1,True,True,D,BROADSIDE,,Saturday,,,,,False,False,True,,C,OTHER MOTOR VEHICLE,,0,0,A,DAYLIGHT,,,,,,,A,NO PEDESTRIANS INVOLVED,,A,21802A,,1,E 12TH ST,1,,,A,,,20TH AV,,,A,8/8/2024 3:41:45 PM,2/10/2025 2:14:39 PM,,,2,,,,,,,
3931360,16-028619,2,False,0109,5/28/2016 7:10:00 PM,1910,23X,14,109,Oakland,1,True,True,B,SIDE SWIPE,,Saturday,,,M,,False,False,False,,E,PARKED MOTOR VEHICLE,,0,0,A,DAYLIGHT,,,,,,,A,NO PEDESTRIANS INVOLVED,,A,22107,,1,INTERNATIONAL BL,2,,,A,W,40.0,40TH AV,F,,D,8/8/2024 3:41:45 PM,2/10/2025 2:14:39 PM,,,2,,,,,,,
3931348,16-030069,2,False,0109,6/5/2016 11:51:00 AM,1151,03X,14,109,Oakland,1,True,True,D,BROADSIDE,,Sunday,,,,,False,False,True,,C,OTHER MOTOR VEHICLE,,1,0,A,DAYLIGHT,,,,,,,A,NO PEDESTRIANS INVOLVED,,A,21453A,,,11TH ST,1,,,A,,,MARTIN LUTHER KING JR WY,,,A,8/8/2024 3:41:43 PM,2/10/2025 2:14:39 PM,,,2,,,,,,,
3931343,16-030263,2,False,0109,6/6/2016 1:40:00 PM,1340,01X,14,109,Oakland,1,True,True,B,SIDE SWIPE,,Monday,,,M,,False,False,False,,C,OTHER MOTOR VEHICLE,,1,0,A,DAYLIGHT,,,,,,,A,NO PEDESTRIANS INVOLVED,,A,21801A,,1,18TH,1,,,A,,,ADELINE ST,,,A,8/8/2024 3:41:43 PM,2/10/2025 2:14:39 PM,,,2,,,,,,,
3931332,16-034126,2,False,0109,6/25/2016 9:15:00 PM,2115,26X,14,109,Oakland,1,True,True,G,VEHICLE/PEDESTRAIN,,Saturday,,,,,False,False,False,,B,PEDESTRIAN,,1,0,C,DARK-STREET LIGHTS,,,,,,,B,CROSSING IN CROSS WALK AT INTERSECTION,,A,21950A,,1,71ST AV,2,,,A,,,INTERNATIONAL BL,,,A,8/8/2024 3:41:42 PM,2/10/2025 2:14:38 PM,,,2,,,,,,,
3930097,16-024690,2,False,0109,5/9/2016 2:34:00 PM,1434,26X,14,109,Oakland,1,True,True,B,SIDE SWIPE,,Monday,,,,,False,False,False,,C,OTHER MOTOR VEHICLE,,0,0,A,DAYLIGHT,,,,,,,A,NO PEDESTRIANS INVOLVED,,A,22107,,1,HIGH ST,2,,,A,S,15.0,EAST 12TH ST,F,,A,8/8/2024 3:39:22 PM,2/10/2025 2:13:48 PM,,,2,,,,,,,
3929543,16-058501,2,False,0109,11/2/2016 8:43:00 PM,2043,02Y,14,109,Oakland,1,True,True,D,BROADSIDE,,Wednesday,,,,,False,False,False,,C,OTHER MOTOR VEHICLE,,0,0,C,DARK-STREET LIGHTS,,,,,,,A,NO PEDESTRIANS INVOLVED,,A,21650,,1,MARITIME ST,1,,,A,S,300.0,7TH ST,F,,D,8/8/2024 3:38:21 PM,2/10/2025 2:13:26 PM,,,2,,,,,,,
3929539,16-051845,2,False,0109,9/29/2016 3:42:00 PM,1542,23,14,109,Oakland,1,True,True,D,BROADSIDE,,Thursday,,,,,False,False,True,,C,OTHER MOTOR VEHICLE,,3,0,A,DAYLIGHT,,,,,,,A,NO PEDESTRIANS INVOLVED,,A,21802A,,1,SAN LEANDRO ST,2,,,A,,,39TH AV,,,A,8/8/2024 3:38:21 PM,2/10/2025 2:13:26 PM,,,2,,,,,,,
3929536,16-056624,2,False,0109,9/16/2016 1:15:00 PM,1315,31X,14,109,Oakland,1,True,True,D,BROADSIDE,,Friday,,,,,False,False,False,,C,OTHER MOTOR VEHICLE,,0,0,A,DAYLIGHT,,,,,,,A,NO PEDESTRIANS INVOLVED,,A,22107,,1,HEGENBERGER RD,2,,,A,N,252.0,BALDWIN ST,F,,D,8/8/2024 3:38:20 PM,2/10/2025 2:13:26 PM,,,2,,,,,,,
3929452,16-046913,2,False,0109,9/4/2016 11:55:00 PM,2355,07X,14,109,Oakland,1,True,True,G,VEHICLE/PEDESTRAIN,,Sunday,,,M,,False,False,False,,G,BICYCLE,,0,0,C,DARK-STREET LIGHTS,,,,,,,E,IN ROAD - INCLUDES SHOULDER,,A,22107,,1,W GRAND AV,1,,,A,,,SAN PABLO AV,,,A,8/8/2024 3:38:11 PM,2/10/2025 2:13:22 PM,,,2,,,,,,,
3929395,16-047006,2,False,0109,9/4/2016 3:35:00 PM,1535,21X,14,109,Oakland,1,True,True,G,VEHICLE/PEDESTRAIN,,Sunday,,,,,False,False,False,,B,PEDESTRIAN,,1,0,A,DAYLIGHT,,,,,,,B,CROSSING IN CROSS WALK AT INTERSECTION,,A,21950A,,1,FRUITVALE AV,1,,,A,,,BROOKDALE AV,,,A,8/8/2024 3:38:05 PM,2/10/2025 2:13:20 PM,,,2,,,,,,,
3929384,16-043645,2,False,0109,8/17/2016 3:00:00 PM,1500,7X,14,109,Oakland,1,True,True,B,SIDE SWIPE,,Wednesday,,,,,False,False,False,,C,OTHER MOTOR VEHICLE,,0,0,A,DAYLIGHT,,,,,,,A,NO PEDESTRIANS INVOLVED,,A,21453A,,1,W GRAND AV,1,,,A,,,WAKE AV,,,A,8/8/2024 3:38:03 PM,2/10/2025 2:13:19 PM,,,2,,,,,,,
3929331,16-042165,2,False,0109,8/9/2016 5:44:00 PM,1744,01X,14,109,Oakland,1,True,True,C,REAR END,,Tuesday,,,,,False,True,False,,C,OTHER MOTOR VEHICLE,,0,0,A,DAYLIGHT,,,,,,,A,NO PEDESTRIANS INVOLVED,,A,22350,,1,RT 880,1,,,A,E,150.0,OAK ST,F,,A,8/8/2024 3:37:58 PM,2/10/2025 2:13:17 PM,,,2,,,,,,,
3929327,16-044996,2,False,0109,8/24/2016 8:52:00 PM,2052,09X,14,109,Oakland,1,True,True,D,BROADSIDE,,Wednesday,,,,,False,False,False,,G,BICYCLE,,0,0,C,DARK-STREET LIGHTS,,,,,,,A,NO PEDESTRIANS INVOLVED,,A,21801A,,1,BROADWAY,1,,,A,,,41ST ST,,,A,8/8/2024 3:37:57 PM,2/10/2025 2:13:17 PM,,,2,,,,,,,
3929322,16-043863,2,False,0109,8/18/2016 4:44:00 PM,1644,3X,14,109,Oakland,1,True,True,D,BROADSIDE,,Thursday,,,,,False,False,False,,C,OTHER MOTOR VEHICLE,,0,0,A,DAYLIGHT,,,,,,,A,NO PEDESTRIANS INVOLVED,,A,21453A,,1,12TH ST,1,,,A,,,JACKSON ST,,,A,8/8/2024 3:37:57 PM,2/10/2025 2:13:17 PM,,,2,,,,,,,
3929319,16-043830,2,False,0109,8/18/2016 1:20:00 PM,1320,4X,14,109,Oakland,1,True,True,D,BROADSIDE,,Thursday,,,,,False,False,False,,C,OTHER MOTOR VEHICLE,,0,0,A,DAYLIGHT,,,,,,,A,NO PEDESTRIANS INVOLVED,,A,21453A,,1,JEFFERSON ST,1,,,A,,,17TH ST,,,A,8/8/2024 3:37:56 PM,2/10/2025 2:13:17 PM,,,2,,,,,,,
3929315,16-043733,2,False,0109,8/18/2016 12:40:00 AM,40,03X,14,109,Oakland,1,True,True,D,BROADSIDE,,Thursday,,,,,False,False,False,,C,OTHER MOTOR VEHICLE,,0,0,C,DARK-STREET LIGHTS,,,,,,,A,NO PEDESTRIANS INVOLVED,,D,,,,7TH ST,1,,,A,,,MADISON ST,,,A,8/8/2024 3:37:56 PM,2/10/2025 2:13:17 PM,,,2,,,,,,,
3929238,16-043365,2,False,0109,8/16/2016 10:25:00 AM,1025,04X,14,109,Oakland,1,True,True,E,HIT OBJECT,,Tuesday,,,,,False,False,False,,I,FIXED OBJECT,,0,0,A,DAYLIGHT,,,,,,,A,NO PEDESTRIANS INVOLVED,,A,22106,,1,15TH ST,1,,,A,,,JEFFERSON ST,,,D,8/8/2024 3:37:48 PM,2/10/2025 2:13:14 PM,,,2,,,,,,,
3929233,16-052140,2,False,0109,9/30/2016 11:00:00 PM,2300,23X,14,109,Oakland,1,True,True,B,SIDE SWIPE,,Friday,,,M,,False,False,False,,E,PARKED MOTOR VEHICLE,,0,0,C,DARK-STREET LIGHTS,,,,,,,A,NO PEDESTRIANS INVOLVED,,A,22107,,1,SAN LEANDRO ST,2,,,A,E,20.0,34TH AV,F,,D,8/8/2024 3:37:47 PM,2/10/2025 2:13:14 PM,,,2,,,,,,,
3929231,16-024149,2,False,0109,5/6/2016 12:45:00 PM,1245,26Y,14,109,Oakland,1,True,True,D,BROADSIDE,,Friday,,,M,,False,False,True,,C,OTHER MOTOR VEHICLE,,1,0,A,DAYLIGHT,,,,,,,A,NO PEDESTRIANS INVOLVED,,A,22350,,1,INTERNATIONAL BL,2,,,B,,,69TH AV,,,A,8/8/2024 3:37:47 PM,2/10/2025 2:13:14 PM,,,2,,,,,,,
3929226,16-043934,2,False,0109,8/19/2016 3:58:00 AM,358,27Y,14,109,Oakland,1,True,True,B,SIDE SWIPE,,Friday,,,M,,False,False,True,,E,PARKED MOTOR VEHICLE,,0,0,C,DARK-STREET LIGHTS,,,,,,,A,NO PEDESTRIANS INVOLVED,,A,22107,,1,FLORA ST,2,,,A,W,54.0,65TH AV,F,,D,8/8/2024 3:37:46 PM,2/10/2025 2:13:13 PM,,,2,,,,,,,
3929192,16-048744,2,False,0109,9/13/2016 1:15:00 PM,1315,31X,14,109,Oakland,1,True,True,B,SIDE SWIPE,,Tuesday,,,,,False,False,False,,C,OTHER MOTOR VEHICLE,,0,0,A,DAYLIGHT,,,,,,,A,NO PEDESTRIANS INVOLVED,,A,22350,,1,INTERNATIONAL BL,2,,,A,E,170.0,88TH AV,F,,A,8/8/2024 3:37:42 PM,2/10/2025 2:13:12 PM,,,2,,,,,,,
3929189,16-048680,2,False,0109,9/13/2016 9:22:00 AM,922,31X,14,109,Oakland,1,True,True,A,HEAD-ON,,Tuesday,,,,,False,False,False,,C,OTHER MOTOR VEHICLE,,1,0,A,DAYLIGHT,,,,,,,A,NO PEDESTRIANS INVOLVED,,A,21453A,,1,RON COWAN PKWY,2,,,A,,,AIR CARGO WY,,,A,8/8/2024 3:37:42 PM,2/10/2025 2:13:12 PM,,,2,,,,,,,
3929183,16-049331,2,False,0109,9/16/2016 10:06:00 AM,1006,31X,14,109,Oakland,1,True,True,D,BROADSIDE,,Friday,,,,,False,False,True,,C,OTHER MOTOR VEHICLE,,1,0,A,DAYLIGHT,,,,,,,A,NO PEDESTRIANS INVOLVED,,A,21453A,,1,66TH AV,2,,,A,,,COLISEUM WY,,,A,8/8/2024 3:37:41 PM,2/10/2025 2:13:12 PM,,,2,,,,,,,
3929179,16-053991,2,False,0109,9/21/2016 6:18:00 AM,618,08X,14,109,Oakland,1,True,True,D,BROADSIDE,,Wednesday,,,,,False,False,False,,C,OTHER MOTOR VEHICLE,,0,0,B,DUSK-DAWN,,,,,,,A,NO PEDESTRIANS INVOLVED,,A,21802A,,1,NORTHGATE AV,1,,,A,,,SYCAMORE ST,,,A,8/8/2024 3:37:41 PM,2/10/2025 2:13:12 PM,,,2,,,,,,,
3929175,160052521,2,False,0109,10/3/2016 11:03:00 AM,1103,26Y,14,109,Oakland,1,True,True,E,HIT OBJECT,,Monday,,,,,False,False,False,,I,FIXED OBJECT,,0,0,A,DAYLIGHT,,,,,,,A,NO PEDESTRIANS INVOLVED,,A,22350,,1,HEGENBERGER,2,,,B,S,20.0,SAN LEANDRO BL,F,,A,8/8/2024 3:37:40 PM,2/10/2025 2:13:11 PM,,,2,,,,,,,
3929171,16-043972,2,False,0109,8/19/2016 10:35:00 AM,1035,20X,14,109,Oakland,1,True,True,B,SIDE SWIPE,,Friday,,,,,False,False,False,,C,OTHER MOTOR VEHICLE,,1,0,A,DAYLIGHT,,,,,,,A,NO PEDESTRIANS INVOLVED,,A,21453A,,,23RD AV,1,,,A,,,KENNEDY ST,,,A,8/8/2024 3:37:40 PM,2/10/2025 2:13:11 PM,,,2,,,,,,,
3929167,16-043725,2,False,0109,8/18/2016 11:53:00 PM,2353,30X,14,109,Oakland,1,True,True,C,REAR END,,Thursday,,,,,False,False,True,,E,PARKED MOTOR VEHICLE,,1,0,C,DARK-STREET LIGHTS,,,,,,,A,NO PEDESTRIANS INVOLVED,,A,22107,,1,82ND AV,2,,,A,N,60.0,PLYMOUTH ST,F,,D,8/8/2024 3:37:40 PM,2/10/2025 2:13:11 PM,,,2,,,,,,,
3929164,16-043489,2,False,0109,8/16/2016 10:06:00 PM,2206,12Y,14,109,Oakland,1,True,True,D,BROADSIDE,,Tuesday,,,,,False,False,False,,B,PEDESTRIAN,,1,0,C,DARK-STREET LIGHTS,,,,,,,E,IN ROAD - INCLUDES SHOULDER,,A,21801A,,1,TELEGRAPH AV,1,,,A,S,20.0,42ND ST,F,,A,8/8/2024 3:37:39 PM,2/10/2025 2:13:11 PM,,,2,,,,,,,
3948899,16-052241,2,False,0109,10/1/2016 4:34:00 PM,1634,22X,14,109,Oakland,1,True,True,A,HEAD-ON,,Saturday,,,,,False,False,False,,C,OTHER MOTOR VEHICLE,,1,0,A,DAYLIGHT,,,,,,,A,NO PEDESTRIANS INVOLVED,,A,21801A,,1,COOLIDGE AV,1,,,A,,,MACARTHUR BL,,,A,8/8/2024 4:19:41 PM,2/10/2025 2:28:09 PM,,,2,,,,,,,
3948878,16-049568,2,False,0109,10/7/2016 5:25:00 PM,1725,34X,14,109,Oakland,1,True,True,A,HEAD-ON,,Friday,,,M,,False,False,False,,E,PARKED MOTOR VEHICLE,,0,0,C,DARK-STREET LIGHTS,,,,,,,A,NO PEDESTRIANS INVOLVED,,A,22107,,1,84TH AV,2,,,A,S,15.0,PLYMOUTH ST,F,,A,8/8/2024 4:19:38 PM,2/10/2025 2:28:08 PM,,,2,,,,,,,
3948874,16-054487,2,False,0109,10/13/2016 8:00:00 AM,800,15X,14,109,Oakland,1,True,True,H,OTHER,,Thursday,,,M,,False,False,False,,C,OTHER MOTOR VEHICLE,,0,0,A,DAYLIGHT,,,,,,,A,NO PEDESTRIANS INVOLVED,,A,22106,,1,WESLEY AV,1,,,A,S,40.0,MERRIT AV,F,,D,8/8/2024 4:19:38 PM,2/10/2025 2:28:07 PM,,,2,,,,,,,
3948871,16-052769,2,False,0109,10/4/2016 4:20:00 PM,1620,27X,14,109,Oakland,1,True,True,D,BROADSIDE,,Tuesday,,,M,,False,False,False,,E,PARKED MOTOR VEHICLE,,0,0,A,DAYLIGHT,,,,,,,A,NO PEDESTRIANS INVOLVED,,A,22107,,1,TRASK ST,2,,,A,N,100.0,FOOTHILL BL,F,,D,8/8/2024 4:19:38 PM,2/10/2025 2:28:07 PM,,,2,,,,,,,
3948858,16-052653,2,False,0109,10/4/2016 5:39:00 AM,539,03X,14,109,Oakland,1,True,True,D,BROADSIDE,,Tuesday,,,,,False,False,False,,C,OTHER MOTOR VEHICLE,,0,0,C,DARK-STREET LIGHTS,,,,,,,A,NO PEDESTRIANS INVOLVED,,A,21453A,,1,12TH ST,1,,,A,,,HARRISON ST,,,A,8/8/2024 4:19:36 PM,2/10/2025 2:28:07 PM,,,2,,,,,,,
3948855,16-053169,2,False,0109,10/6/2016 11:19:00 AM,1119,29X,14,109,Oakland,1,True,True,D,BROADSIDE,,Thursday,,,,,False,False,False,,C,OTHER MOTOR VEHICLE,,0,0,A,DAYLIGHT,,,,,,,A,NO PEDESTRIANS INVOLVED,,A,22107,,1,SEMINARY AV,2,,,A,,,MAURITANIA AV,,,D,8/8/2024 4:19:36 PM,2/10/2025 2:28:06 PM,,,2,,,,,,,
3948851,16-053313,2,False,0109,10/7/2016 7:47:00 AM,747,22X,14,109,Oakland,1,True,True,C,REAR END,,Friday,,,,,False,False,False,,C,OTHER MOTOR VEHICLE,,0,0,A,DAYLIGHT,,,,,,,A,NO PEDESTRIANS INVOLVED,,A,22350,,1,MACARTHUR BL,1,,,A,W,10.0,MAPLE AV,F,,A,8/8/2024 4:19:35 PM,2/10/2025 2:28:06 PM,,,2,,,,,,,
3948838,16-054624,2,False,0109,10/14/2016 9:55:00 AM,955,20Y,14,109,Oakland,1,True,True,D,BROADSIDE,,Friday,,,,,False,False,False,,C,OTHER MOTOR VEHICLE,,0,0,A,DAYLIGHT,,,,,,,A,NO PEDESTRIANS INVOLVED,,D,,,,22ND AV,3,,,B,,,22ND AV 1700,,,,8/8/2024 4:19:34 PM,2/10/2025 2:28:06 PM,,,2,,,,,,,
3948834,16-053054,2,False,0109,10/5/2016 7:25:00 PM,1925,30X,14,109,Oakland,1,True,True,F,OVERTURNED,,Wednesday,,,,,False,False,True,,E,PARKED MOTOR VEHICLE,,0,0,C,DARK-STREET LIGHTS,,,,,,,A,NO PEDESTRIANS INVOLVED,,A,22107,,1,76TH AV,2,,,A,S,300.0,MACARTHUR BL,F,,A,8/8/2024 4:19:33 PM,2/10/2025 2:28:05 PM,,,2,,,,,,,
3948794,16-048987,2,False,0109,9/14/2016 3:20:00 PM,1520,14X,14,109,Oakland,1,True,True,C,REAR END,,Wednesday,,,,,False,False,False,,C,OTHER MOTOR VEHICLE,,0,0,A,DAYLIGHT,,,,,,,A,NO PEDESTRIANS INVOLVED,,A,22350,,1,LAKESIDE DR,1,,,A,E,12.0,JACKSON ST,F,,A,8/8/2024 4:19:28 PM,2/10/2025 2:28:04 PM,,,2,,,,,,,
3948789,16-050824,2,False,0109,9/24/2016 8:30:00 AM,830,17X,14,109,Oakland,1,True,True,D,BROADSIDE,,Saturday,,,,,False,False,False,,C,OTHER MOTOR VEHICLE,,0,0,A,DAYLIGHT,,,,,,,A,NO PEDESTRIANS INVOLVED,,A,22107,,1,10TH AV,1,,,A,,,E 15TH ST,,,D,8/8/2024 4:19:27 PM,2/10/2025 2:28:04 PM,,,2,,,,,,,
3948785,16-049368,2,False,0109,9/16/2016 1:15:00 PM,1315,31X,14,109,Oakland,1,True,True,H,OTHER,,Friday,,,,,False,False,False,,A,NON-COLLISION,,0,0,A,DAYLIGHT,,,,,,,A,NO PEDESTRIANS INVOLVED,,A,21801A,,1,HEGENBERGER RD,2,,,A,,,COLLINS DR,,,D,8/8/2024 4:19:27 PM,2/10/2025 2:28:03 PM,,,2,,,,,,,
3948782,16-050407,2,False,0109,9/22/2016 8:30:00 AM,830,15X,14,109,Oakland,1,True,True,D,BROADSIDE,,Thursday,,,,,False,False,False,,C,OTHER MOTOR VEHICLE,,0,0,A,DAYLIGHT,,,,,,,A,NO PEDESTRIANS INVOLVED,,A,22106,,1,PARK BL,1,,,A,S,50.0,MONTCLAIR,F,,D,8/8/2024 4:19:26 PM,2/10/2025 2:28:04 PM,,,2,,,,,,,
3948778,16-047223,2,False,0109,9/5/2016 9:16:00 PM,2116,17X,14,109,Oakland,1,True,True,D,BROADSIDE,,Monday,,,M,,False,False,False,,C,OTHER MOTOR VEHICLE,,0,0,C,DARK-STREET LIGHTS,,,,,,,A,NO PEDESTRIANS INVOLVED,,A,22450A,,1,8TH AV,1,,,A,,,E 21ST ST,,,A,8/8/2024 4:19:26 PM,2/10/2025 2:28:03 PM,,,2,,,,,,,
3948758,16-048934,2,False,0109,9/14/2016 11:30:00 AM,1130,21X,14,109,Oakland,1,True,True,E,HIT OBJECT,,Wednesday,,,,,False,False,False,,I,FIXED OBJECT,,0,0,A,DAYLIGHT,,,,,,,A,NO PEDESTRIANS INVOLVED,,A,22106,,1,PLEASANT ST,1,,,A,E,180.0,FRUITVALE AV,F,,D,8/8/2024 4:19:23 PM,2/10/2025 2:28:02 PM,,,2,,,,,,,
3948547,16-052358,2,False,0109,10/2/2016 10:51:00 AM,1051,31Y,14,109,Oakland,1,True,True,A,HEAD-ON,,Sunday,,,M,,False,False,False,,C,OTHER MOTOR VEHICLE,,0,0,A,DAYLIGHT,,,,,,,A,NO PEDESTRIANS INVOLVED,,A,21453A,,1,98TH AV,2,,,A,,,EDES AV,,,A,8/8/2024 4:18:45 PM,2/10/2025 2:27:53 PM,,,2,,,,,,,
3948542,16-053652,2,False,0109,10/9/2016 11:45:00 PM,2345,26X,14,109,Oakland,1,True,True,E,HIT OBJECT,,Sunday,,,,,False,False,False,,I,FIXED OBJECT,,0,0,C,DARK-STREET LIGHTS,,,,,,,A,NO PEDESTRIANS INVOLVED,,A,22107,,1,COLISEUM WY,2,,,A,W,45.0,45TH AV,F,,D,8/8/2024 4:18:44 PM,2/10/2025 2:27:52 PM,,,2,,,,,,,
3948490,16-041229,2,False,0109,8/4/2016 3:30:00 PM,1530,34X,14,109,Oakland,1,True,True,D,BROADSIDE,,Thursday,,,,,False,False,False,,C,OTHER MOTOR VEHICLE,,0,0,A,DAYLIGHT,,,,,,,A,NO PEDESTRIANS INVOLVED,,A,21453A,,1,98TH AV,2,,,A,,,BIRCH,,,A,8/8/2024 4:18:38 PM,2/10/2025 2:27:50 PM,,,2,,,,,,,
3948487,16-045515,2,False,0109,8/27/2016 10:41:00 AM,1041,30X,14,109,Oakland,1,True,True,E,HIT OBJECT,,Saturday,,,M,,False,False,True,,I,FIXED OBJECT,,0,0,A,DAYLIGHT,,,,,,,A,NO PEDESTRIANS INVOLVED,,A,22107,,1,BANCROFT AV,2,,,A,E,5.0,89TH AV,F,,D,8/8/2024 4:18:38 PM,2/10/2025 2:27:50 PM,,,2,,,,,,,
3948473,16-045446,2,False,0109,8/26/2016 10:27:00 PM,2227,17X,14,109,Oakland,1,True,True,B,SIDE SWIPE,,Friday,,,M,,False,False,False,,C,OTHER MOTOR VEHICLE,,0,0,C,DARK-STREET LIGHTS,,,,,,,A,NO PEDESTRIANS INVOLVED,,A,22107,,1,E 22ND ST,1,,,A,E,50.0,8TH AV,F,,D,8/8/2024 4:18:36 PM,2/10/2025 2:27:49 PM,,,2,,,,,,,
3948470,16-046000,2,False,0109,8/30/2016 11:26:00 AM,1126,26X,14,109,Oakland,1,True,True,E,HIT OBJECT,,Tuesday,,,M,,False,False,False,,C,OTHER MOTOR VEHICLE,,0,0,A,DAYLIGHT,,,,,,,A,NO PEDESTRIANS INVOLVED,,A,22350,,1,HAWLEY ST,2,,,A,E,35.0,70TH AV,F,,B,8/8/2024 4:18:36 PM,2/10/2025 2:27:49 PM,,,2,,,,,,,
3948462,16-043885,2,False,0109,8/18/2016 6:30:00 PM,1830,12X,14,109,Oakland,1,True,True,B,SIDE SWIPE,,Thursday,,,,,False,False,False,,C,OTHER MOTOR VEHICLE,,0,0,A,DAYLIGHT,,,,,,,A,NO PEDESTRIANS INVOLVED,,A,21802A,,1,COLLEGE AV,1,,,A,,,OAK GROVE,,,D,8/8/2024 4:18:35 PM,2/10/2025 2:27:49 PM,,,2,,,,,,,
3948304,16-039247,2,False,0109,7/24/2016 10:13:00 AM,1013,30,14,109,Oakland,1,True,True,A,HEAD-ON,,Sunday,,,M,,False,False,False,,C,OTHER MOTOR VEHICLE,,1,0,A,DAYLIGHT,,,,,,,A,NO PEDESTRIANS INVOLVED,,A,22107,,1,ARTHUR ST,2,,,A,W,200.0,DASHWOOD ST,F,,D,8/8/2024 4:18:12 PM,2/10/2025 2:27:41 PM,,,2,,,,,,,
3946992,16-050789,2,False,0109,9/24/2016 2:07:00 AM,207,01X,14,109,Oakland,1,True,True,C,REAR END,,Saturday,,,,,False,False,True,,C,OTHER MOTOR VEHICLE,,2,0,C,DARK-STREET LIGHTS,,,,,,,A,NO PEDESTRIANS INVOLVED,,A,23152A,,1,BROADWAY,1,,,A,S,15.0,4TH ST,F,,A,8/8/2024 4:14:58 PM,2/10/2025 2:26:40 PM,,,2,,,,,,,
3946987,16-050806,2,False,0109,9/24/2016 3:37:00 AM,337,25X,14,109,Oakland,1,True,True,E,HIT OBJECT,,Saturday,,,,,False,False,False,,I,FIXED OBJECT,,0,0,C,DARK-STREET LIGHTS,,,,,,,A,NO PEDESTRIANS INVOLVED,,A,23152A,,1,STEELE ST,2,,,A,S,12.0,ENOS AV,F,,D,8/8/2024 4:14:57 PM,2/10/2025 2:26:39 PM,,,2,,,,,,,
3946983,16-051090,2,False,0109,9/25/2016 9:30:00 PM,2130,13X,14,109,Oakland,1,True,True,A,HEAD-ON,,Sunday,,,M,,False,False,True,,I,FIXED OBJECT,,0,0,C,DARK-STREET LIGHTS,,,,,,,A,NO PEDESTRIANS INVOLVED,,A,23152A,,1,BROADWAY,1,,,A,N,16.0,OCEAN VIEW,F,,D,8/8/2024 4:14:57 PM,2/10/2025 2:26:39 PM,,,2,,,,,,,
3946967,16-052753,2,False,0109,10/4/2016 3:33:00 PM,1533,30Y,14,109,Oakland,1,True,True,C,REAR END,,Tuesday,,,,,False,False,True,,C,OTHER MOTOR VEHICLE,,1,0,A,DAYLIGHT,,,,,,,A,NO PEDESTRIANS INVOLVED,,A,22350,,1,73RD AV,2,,,A,S,279.0,MACARTHUR BL,F,,D,8/8/2024 4:14:55 PM,2/10/2025 2:26:39 PM,,,2,,,,,,,
3946963,16-053013,2,False,0109,10/5/2016 3:20:00 PM,1520,20X,14,109,Oakland,1,True,True,B,SIDE SWIPE,,Wednesday,,,,,False,False,False,,G,BICYCLE,,1,0,A,DAYLIGHT,,,,,,,A,NO PEDESTRIANS INVOLVED,,A,22107,,1,FOOTHILL BL,1,,,A,W,20.0,26TH AV,F,,D,8/8/2024 4:14:54 PM,2/10/2025 2:26:38 PM,,,2,,,,,,,
3946917,16-041832,2,False,0109,8/7/2016 10:53:00 PM,2253,26X,14,109,Oakland,1,True,True,C,REAR END,,Sunday,,,M,,False,False,False,,C,OTHER MOTOR VEHICLE,,1,0,C,DARK-STREET LIGHTS,,,,,,,A,NO PEDESTRIANS INVOLVED,,A,22350,,1,SAN LEANDRO ST,2,,,A,W,50.0,66TH AV,F,,A,8/8/2024 4:14:47 PM,2/10/2025 2:26:36 PM,,,2,,,,,,,
3946901,16-041466,2,False,0109,8/5/2016 4:30:00 PM,1630,26X,14,109,Oakland,1,True,True,G,VEHICLE/PEDESTRAIN,,Friday,,,F,,False,False,False,,B,PEDESTRIAN,,1,0,A,DAYLIGHT,,,,,,,D,CROSSING - NOT IN CROSSWALK,,A,21954B,,1,50TH AV,2,,,A,S,123.0,INTERNATIONAL BL,F,,D,8/8/2024 4:14:45 PM,2/10/2025 2:26:35 PM,,,2,,,,,,,