collision-id,report-number,report-version,is-preliminary,ncic-code,crash-date-time,crash-time-description,beat,city-id,city-code,city-name,county-code,city-is-active,city-is-incorporated,collision-type-code,collision-type-description,collision-type-other-desc,day-of-week,dispatch-notified,has-photographs,hit-run,is-attachments-mailed,is-deleted,is-highway-related,is-tow-away,judicial-district,motor-vehicle-involved-with-code,motor-vehicle-involved-with-desc,motor-vehicle-involved-with-other-desc,number-injured,number-killed,lighting-code,lighting-description,latitude,longitude,milepost-direction,milepost-distance,milepost-marker,milepost-unit-of-measure,pedestrian-action-code,pedestrian-action-desc,prepared-date,primary-collision-factor-code,primary-collision-factor-description,primary-collision-factor-is-cited,primary-collision-party-number,primary-road,reporting-district,reporting-district-code,reviewed-date,roadway-surface-code,secondary-direction,secondary-distance,secondary-road,secondary-unit-of-measure,sketch-desc,traffic-control-device-code,created-date,modified-date,is-county-road,is-freeway,chp-555-version,is-additonal-object-struck,notification-date,notification-time-description,has-digital-media-files,evidence-number,is-location-refer-to-narrative,is-aoi-one-same-as-location
3963200,16-044204,2,False,0109,8/20/2016 3:05:00 PM,1505,17X,14,109,Oakland,1,True,True,C,REAR END,,Saturday,,,,,False,False,False,,C,OTHER MOTOR VEHICLE,,0,0,A,DAYLIGHT,,,,,,,A,NO PEDESTRIANS INVOLVED,,A,21703,,1,34TH ST,1,,,A,E,50.0,13TH AV,F,,D,8/8/2024 4:57:00 PM,2/10/2025 2:40:21 PM,,,2,,,,,,,
3963196,16-044164,2,False,0109,8/20/2016 9:01:00 AM,901,04X,14,109,Oakland,1,True,True,D,BROADSIDE,,Saturday,,,,,False,False,False,,C,OTHER MOTOR VEHICLE,,0,0,A,DAYLIGHT,,,,,,,A,NO PEDESTRIANS INVOLVED,,A,21453A,,1,18TH ST,1,,,A,,,CASTRO ST,,,A,8/8/2024 4:57:00 PM,2/10/2025 2:40:21 PM,,,2,,,,,,,
3962680,16-058460,2,False,0109,11/1/2016 4:10:00 PM,1610,23X,14,109,Oakland,1,True,True,B,SIDE SWIPE,,Tuesday,,,,,False,False,False,,C,OTHER MOTOR VEHICLE,,1,0,A,DAYLIGHT,,,,,,,A,NO PEDESTRIANS INVOLVED,,A,22107,,1,E 8TH ST,2,,,A,W,20.0,FRUITVALE AV,F,,A,8/8/2024 4:55:34 PM,2/10/2025 2:39:53 PM,,,2,,,,,,,
3962673,16-058184,2,False,0109,11/1/2016 10:26:00 AM,1026,31X,14,109,Oakland,1,True,True,D,BROADSIDE,,Tuesday,,,,,False,True,False,,C,OTHER MOTOR VEHICLE,,1,0,A,DAYLIGHT,,,,,,,A,NO PEDESTRIANS INVOLVED,,A,21804A,,1,EDES AV,2,,,A,E,100.0,RT 880,F,,D,8/8/2024 4:55:33 PM,2/10/2025 2:39:53 PM,,,2,,,,,,,
3962669,16-058214,2,False,0109,11/1/2016 1:51:00 PM,1351,31X,14,109,Oakland,1,True,True,C,REAR END,,Tuesday,,,,,False,True,True,,C,OTHER MOTOR VEHICLE,,1,0,A,DAYLIGHT,,,,,,,A,NO PEDESTRIANS INVOLVED,,A,22350,,1,HEGENBERGER RD,2,,,A,,,RT 880,,,A,8/8/2024 4:55:32 PM,2/10/2025 2:39:53 PM,,,2,,,,,,,
3962566,16-048569,2,False,0109,9/12/2016 4:27:00 PM,1627,19X,14,109,Oakland,1,True,True,B,SIDE SWIPE,,Monday,,,,,False,False,False,,C,OTHER MOTOR VEHICLE,,0,0,A,DAYLIGHT,,,,,,,A,NO PEDESTRIANS INVOLVED,,A,22107,,1,E 12TH ST,1,,,A,,,15TH AV,,,A,8/8/2024 4:55:15 PM,2/10/2025 2:39:47 PM,,,2,,,,,,,
3962562,16-048961,2,False,0109,9/14/2016 1:17:00 PM,1317,03X,14,109,Oakland,1,True,True,D,BROADSIDE,,Wednesday,,,,,False,False,True,,C,OTHER MOTOR VEHICLE,,0,0,A,DAYLIGHT,,,,,,,A,NO PEDESTRIANS INVOLVED,,D,,,,MADISON ST,1,,,A,,,6TH ST,,,A,8/8/2024 4:55:15 PM,2/10/2025 2:39:47 PM,,,2,,,,,,,
3962558,16-048817,2,False,0109,9/13/2016 7:44:00 PM,1944,10X,14,109,Oakland,1,True,True,G,VEHICLE/PEDESTRAIN,,Tuesday,,,,,False,False,False,,B,PEDESTRIAN,,0,0,C,DARK-STREET LIGHTS,,,,,,,B,CROSSING IN CROSS WALK AT INTERSECTION,,A,21950A,,1,SAN PABLO AV,1,,,A,,,61ST ST,,,A,8/8/2024 4:55:14 PM,2/10/2025 2:39:47 PM,,,2,,,,,,,
3962555,16-048898,2,False,0109,9/14/2016 9:29:00 AM,929,03X,14,109,Oakland,1,True,True,B,SIDE SWIPE,,Wednesday,,,M,,False,False,False,,C,OTHER MOTOR VEHICLE,,0,0,A,DAYLIGHT,,,,,,,A,NO PEDESTRIANS INVOLVED,,A,22107,,1,INTERNATIONAL BL,1,,,A,,,1ST AV,,,D,8/8/2024 4:55:13 PM,2/10/2025 2:39:47 PM,,,2,,,,,,,
3962550,16-047670,2,False,0109,9/8/2016 12:33:00 AM,33,24X,14,109,Oakland,1,True,True,B,SIDE SWIPE,,Thursday,,,M,,False,False,False,,C,OTHER MOTOR VEHICLE,,0,0,C,DARK-STREET LIGHTS,,,,,,,A,NO PEDESTRIANS INVOLVED,,A,21651A,,1,35TH AV,2,,,A,,,ALLENDALE AV,,,B,8/8/2024 4:55:13 PM,2/10/2025 2:39:47 PM,,,2,,,,,,,
3962547,16-048923,2,False,0109,9/14/2016 11:08:00 AM,1108,27X,14,109,Oakland,1,True,True,E,HIT OBJECT,,Wednesday,,,M,,False,False,True,,E,PARKED MOTOR VEHICLE,,0,0,A,DAYLIGHT,,,,,,,A,NO PEDESTRIANS INVOLVED,,A,22107,,1,BANCROFT AV,2,,,A,W,55.0,51ST AV,F,,D,8/8/2024 4:55:12 PM,2/10/2025 2:39:47 PM,,,2,,,,,,,
3962545,16-044628,2,False,0109,8/23/2016 3:13:00 AM,313,03,14,109,Oakland,1,True,True,D,BROADSIDE,,Tuesday,,,,,False,False,False,,C,OTHER MOTOR VEHICLE,,1,0,C,DARK-STREET LIGHTS,,,,,,,A,NO PEDESTRIANS INVOLVED,,A,21453A,,,14TH ST,1,,,A,,,BRUSH ST,,,A,8/8/2024 4:55:12 PM,2/10/2025 2:39:46 PM,,,2,,,,,,,
3962404,16-046902,2,False,0109,9/3/2016 10:18:00 PM,2218,32X,14,109,Oakland,1,True,True,D,BROADSIDE,,Saturday,,,F,,False,False,False,,B,PEDESTRIAN,,1,0,C,DARK-STREET LIGHTS,,,,,,,B,CROSSING IN CROSS WALK AT INTERSECTION,,A,21950A,,1,105TH AV,2,,,A,S,5.0,E ST,F,,A,8/8/2024 4:54:48 PM,2/10/2025 2:39:39 PM,,,2,,,,,,,
3962399,16-049500,2,False,0109,9/17/2016 11:48:00 AM,1148,02X,14,109,Oakland,1,True,True,A,HEAD-ON,,Saturday,,,,,False,False,True,,C,OTHER MOTOR VEHICLE,,1,0,A,DAYLIGHT,,,,,,,A,NO PEDESTRIANS INVOLVED,,A,21801A,,1,7TH ST,1,,,A,,,ADELINE ST,,,A,8/8/2024 4:54:47 PM,2/10/2025 2:39:39 PM,,,2,,,,,,,
3962395,160048585,2,False,0109,9/12/2016 6:16:00 PM,1816,32Y,14,109,Oakland,1,True,True,C,REAR END,,Monday,,,M,,False,False,False,,D,MOTOR VEHICLE ON OTHER ROADWAY,,3,0,A,DAYLIGHT,,,,,,,A,NO PEDESTRIANS INVOLVED,,A,21703,,1,BANCROFT AV,2,,,A,,,99TH AV,,,D,8/8/2024 4:54:46 PM,2/10/2025 2:39:39 PM,,,2,,,,,,,
3962392,16-047901,2,False,0109,9/8/2016 11:13:00 PM,2313,30X,14,109,Oakland,1,True,True,C,REAR END,,Thursday,,,M,,False,False,True,,C,OTHER MOTOR VEHICLE,,1,0,C,DARK-STREET LIGHTS,,,,,,,A,NO PEDESTRIANS INVOLVED,,A,21703,,1,73RD AV,2,,,A,S,167.0,FRESNO ST,F,,D,8/8/2024 4:54:46 PM,2/10/2025 2:39:38 PM,,,2,,,,,,,
3962255,16-053235,2,False,0109,10/6/2016 4:25:00 PM,1625,10X,14,109,Oakland,1,True,True,B,SIDE SWIPE,,Thursday,,,M,,False,False,False,,C,OTHER MOTOR VEHICLE,,0,0,A,DAYLIGHT,,,,,,,A,NO PEDESTRIANS INVOLVED,,A,22107,,1,MARKET ST,1,,,A,N,15.0,45TH ST,F,,A,8/8/2024 4:54:23 PM,2/10/2025 2:39:31 PM,,,2,,,,,,,
3962250,16-056946,2,False,0109,10/25/2016 8:43:00 PM,2043,31X,14,109,Oakland,1,True,True,D,BROADSIDE,,Tuesday,,,,,False,False,False,,E,PARKED MOTOR VEHICLE,,0,0,C,DARK-STREET LIGHTS,,,,,,,A,NO PEDESTRIANS INVOLVED,,A,23152A,,1,98TH AV,2,,,A,S,60.0,LYNDHURST ST,F,,D,8/8/2024 4:54:22 PM,2/10/2025 2:39:31 PM,,,2,,,,,,,
3962247,16-053437,2,False,0109,10/7/2016 7:18:00 PM,1918,11X,14,109,Oakland,1,True,True,D,BROADSIDE,,Friday,,,,,False,False,False,,E,PARKED MOTOR VEHICLE,,0,0,C,DARK-STREET LIGHTS,,,,,,,A,NO PEDESTRIANS INVOLVED,,A,22107,,1,CARBERRY AV,1,,,A,S,20.0,58TH ST,F,,D,8/8/2024 4:54:22 PM,2/10/2025 2:39:31 PM,,,2,,,,,,,
3962222,16-057723,2,False,0109,10/29/2016 1:10:00 PM,1310,21X,14,109,Oakland,1,True,True,B,SIDE SWIPE,,Saturday,,,M,,False,False,True,,C,OTHER MOTOR VEHICLE,,0,0,A,DAYLIGHT,,,,,,,A,NO PEDESTRIANS INVOLVED,,A,23152,,1,FRUITVALE AV,1,,,A,,,FOOTHILL BL,,,A,8/8/2024 4:54:18 PM,2/10/2025 2:39:30 PM,,,2,,,,,,,
3962218,16-057189,2,False,0109,10/26/2016 8:47:00 PM,2047,31Y,14,109,Oakland,1,True,True,E,HIT OBJECT,,Wednesday,,,M,,False,False,True,,I,FIXED OBJECT,,0,0,C,DARK-STREET LIGHTS,,,,,,,A,NO PEDESTRIANS INVOLVED,,A,22107,,1,BIGGE ST,2,,,A,E,256.0,98TH AV,F,,D,8/8/2024 4:54:17 PM,2/10/2025 2:39:29 PM,,,2,,,,,,,
3962214,16-055025,2,False,0109,10/16/2016 12:38:00 AM,38,27X,14,109,Oakland,1,True,True,B,SIDE SWIPE,,Sunday,,,M,,False,False,False,,E,PARKED MOTOR VEHICLE,,0,0,C,DARK-STREET LIGHTS,,,,,,,A,NO PEDESTRIANS INVOLVED,,A,23152A,,1,45TH AV,2,,,B,S,30.0,INTERNATIONAL BL,F,,A,8/8/2024 4:54:16 PM,2/10/2025 2:39:29 PM,,,2,,,,,,,
3962155,16-057819,2,False,0109,10/30/2016 1:37:00 AM,137,02X,14,109,Oakland,1,True,True,E,HIT OBJECT,,Sunday,,,,,False,False,False,,I,FIXED OBJECT,,1,0,C,DARK-STREET LIGHTS,,,,,,,A,NO PEDESTRIANS INVOLVED,,A,23152A,,1,14TH ST,1,,,B,E,9.0,FILBERT ST,F,,D,8/8/2024 4:54:07 PM,2/10/2025 2:39:26 PM,,,2,,,,,,,
3962152,16-056607,2,False,0109,10/24/2016 2:03:00 AM,203,27Y,14,109,Oakland,1,True,True,C,REAR END,,Monday,,,M,,False,False,False,,E,PARKED MOTOR VEHICLE,,1,0,C,DARK-STREET LIGHTS,,,,,,,A,NO PEDESTRIANS INVOLVED,,A,22107,,1,HAYES ST,2,,,A,E,50.0,62ND AV,F,,D,8/8/2024 4:54:07 PM,2/10/2025 2:39:26 PM,,,2,,,,,,,
3962150,16-056603,2,False,0109,10/24/2016 2:04:00 AM,204,27X,14,109,Oakland,1,True,True,E,HIT OBJECT,,Monday,,,M,,False,False,True,,I,FIXED OBJECT,,1,0,C,DARK-STREET LIGHTS,,,,,,,A,NO PEDESTRIANS INVOLVED,,A,22450A,,1,HAYES ST,2,,,A,,,SEMINARY AV,,,A,8/8/2024 4:54:06 PM,2/10/2025 2:39:26 PM,,,2,,,,,,,
3961937,16-046798,2,False,0109,9/3/2016 6:00:00 AM,600,27X,14,109,Oakland,1,True,True,B,SIDE SWIPE,,Saturday,,,M,,False,False,True,,E,PARKED MOTOR VEHICLE,,0,0,B,DUSK-DAWN,,,,,,,A,NO PEDESTRIANS INVOLVED,,A,22107,,1,64TH AV,2,,,A,N,300.0,AVENAL AV,F,,D,8/8/2024 4:53:30 PM,2/10/2025 2:39:15 PM,,,2,,,,,,,
3961934,16-047376,2,False,0109,9/6/2016 4:54:00 PM,1654,12X,14,109,Oakland,1,True,True,C,REAR END,,Tuesday,,,,,False,False,False,,G,BICYCLE,,0,0,A,DAYLIGHT,,,,,,,A,NO PEDESTRIANS INVOLVED,,A,22107,,1,TELEGRAPH AV,1,,,A,N,50.0,51ST ST,F,,A,8/8/2024 4:53:29 PM,2/10/2025 2:39:15 PM,,,2,,,,,,,
3961930,16-047175,2,False,0109,9/5/2016 3:10:00 PM,1510,33X,14,109,Oakland,1,True,True,C,REAR END,,Monday,,,,,False,False,True,,E,PARKED MOTOR VEHICLE,,0,0,A,DAYLIGHT,,,,,,,A,NO PEDESTRIANS INVOLVED,,A,22107,,1,85TH AV,2,,,A,S,5.0,G ST,F,,A,8/8/2024 4:53:29 PM,2/10/2025 2:39:15 PM,,,2,,,,,,,
3961926,16-047836,2,False,0109,9/8/2016 4:21:00 PM,1621,11X,14,109,Oakland,1,True,True,B,SIDE SWIPE,,Thursday,,,,,False,False,False,,C,OTHER MOTOR VEHICLE,,0,0,A,DAYLIGHT,,,,,,,A,NO PEDESTRIANS INVOLVED,,A,21750,,1,52ND ST,1,,,A,E,100.0,DOVER ST,F,,D,8/8/2024 4:53:27 PM,2/10/2025 2:39:15 PM,,,2,,,,,,,
3961922,16-047700,2,False,0109,9/8/2016 6:22:00 AM,622,35X,14,109,Oakland,1,True,True,C,REAR END,,Thursday,,,M,,False,False,False,,E,PARKED MOTOR VEHICLE,,0,0,B,DUSK-DAWN,,,,,,,A,NO PEDESTRIANS INVOLVED,,A,22107,,1,RITCHIE ST,2,,,A,N,15.0,MACARTHUR BL,F,,D,8/8/2024 4:53:27 PM,2/10/2025 2:39:15 PM,,,2,,,,,,,
3961917,16-047446,2,False,0109,9/7/2016 1:42:00 AM,142,30Y,14,109,Oakland,1,True,True,B,SIDE SWIPE,,Wednesday,,,M,,False,False,False,,C,OTHER MOTOR VEHICLE,,0,0,C,DARK-STREET LIGHTS,,,,,,,A,NO PEDESTRIANS INVOLVED,,A,22107,,1,PARTRIDGE AV,2,,,A,W,180.0,82ND AV,F,,D,8/8/2024 4:53:26 PM,2/10/2025 2:39:14 PM,,,2,,,,,,,
3961906,16-047549,2,False,0109,9/7/2016 12:55:00 PM,1255,19X,14,109,Oakland,1,True,True,C,REAR END,,Wednesday,,,,,False,False,False,,D,MOTOR VEHICLE ON OTHER ROADWAY,,0,0,A,DAYLIGHT,,,,,,,A,NO PEDESTRIANS INVOLVED,,A,21703,,1,5TH AV,1,,,A,S,220.0,E 8TH ST,F,,D,8/8/2024 4:53:24 PM,2/10/2025 2:39:14 PM,,,2,,,,,,,
3961901,16-046950,2,False,0109,9/4/2016 8:14:00 AM,814,27X,14,109,Oakland,1,True,True,A,HEAD-ON,,Sunday,,,,,False,False,False,,C,OTHER MOTOR VEHICLE,,0,0,A,DAYLIGHT,,,,,,,A,NO PEDESTRIANS INVOLVED,,A,21651B,,1,65TH AV,2,,,A,N,300.0,INTERNATIONAL BL,F,,D,8/8/2024 4:53:23 PM,2/10/2025 2:39:13 PM,,,2,,,,,,,
3961899,16-046934,2,False,0109,9/4/2016 3:30:00 AM,330,29X,14,109,Oakland,1,True,True,B,SIDE SWIPE,,Sunday,,,,,False,False,True,,E,PARKED MOTOR VEHICLE,,0,0,C,DARK-STREET LIGHTS,,,,,,,A,NO PEDESTRIANS INVOLVED,,A,22107,,1,64TH AV,2,,,A,N,100.0,LAIRD ST,F,,D,8/8/2024 4:53:23 PM,2/10/2025 2:39:13 PM,,,2,,,,,,,
3961879,16-047896,2,False,0109,9/8/2016 10:32:00 PM,2232,31X,14,109,Oakland,1,True,True,D,BROADSIDE,,Thursday,,,M,,False,False,True,,C,OTHER MOTOR VEHICLE,,1,0,C,DARK-STREET LIGHTS,,,,,,,A,NO PEDESTRIANS INVOLVED,,A,21453A,,1,85TH AV,2,,,A,,,SAN LEANDRO ST,,,A,8/8/2024 4:53:20 PM,2/10/2025 2:39:12 PM,,,2,,,,,,,
3961875,16-050813,2,False,0109,9/24/2016 6:25:00 AM,625,07X,14,109,Oakland,1,True,True,C,REAR END,,Saturday,,,,,False,False,False,,C,OTHER MOTOR VEHICLE,,3,0,A,DAYLIGHT,,,,,,,A,NO PEDESTRIANS INVOLVED,,A,21703,,1,W GRAND AV,1,,,A,W,80.0,MARKET ST,F,,A,8/8/2024 4:53:19 PM,2/10/2025 2:39:12 PM,,,2,,,,,,,
3961868,16-037111,2,False,0109,7/12/2016 11:53:00 AM,1153,06X,14,109,Oakland,1,True,True,G,VEHICLE/PEDESTRAIN,,Tuesday,,,,,False,False,False,,B,PEDESTRIAN,,0,1,A,DAYLIGHT,,,,,,,D,CROSSING - NOT IN CROSSWALK,,A,21955,,1,SAN PABLO AV,1,,,A,S,47.0,38TH ST,F,,A,8/8/2024 4:53:18 PM,2/10/2025 2:39:12 PM,,,2,,,,,,,
3961668,16-058461,2,False,0109,11/2/2016 4:42:00 PM,1642,12X,14,109,Oakland,1,True,True,H,OTHER,,Wednesday,,,,,False,False,True,,G,BICYCLE,,2,1,A,DAYLIGHT,,,,,,,A,NO PEDESTRIANS INVOLVED,,A,21453A,,1,51ST ST,1,,,A,E,10.0,SHAFTER AV,F,,A,8/8/2024 4:52:42 PM,2/10/2025 2:39:01 PM,,,2,,,,,,,
3961602,16-060410,2,False,0109,11/13/2016 3:52:00 PM,1552,07X,14,109,Oakland,1,True,True,G,VEHICLE/PEDESTRAIN,,Sunday,,,,,False,False,False,,B,PEDESTRIAN,,0,1,A,DAYLIGHT,,,,,,,D,CROSSING - NOT IN CROSSWALK,,A,21954A,,1,FILBERT ST,1,,,A,S,15.0,SAN PABLO AV,F,,D,8/8/2024 4:52:29 PM,2/10/2025 2:38:57 PM,,,2,,,,,,,
3961592,16-056783,2,False,0109,10/25/2016 12:58:00 AM,58,24Y,14,109,Oakland,1,True,True,C,REAR END,,Tuesday,,,,,False,False,False,,E,PARKED MOTOR VEHICLE,,5,1,C,DARK-STREET LIGHTS,,,,,,,A,NO PEDESTRIANS INVOLVED,,A,23152,,1,35TH AV,2,,,A,S,69.0,BROOKDALE AV,F,,D,8/8/2024 4:52:28 PM,2/10/2025 2:38:57 PM,,,2,,,,,,,
3961427,16-052181,2,False,0109,10/1/2016 8:37:00 AM,837,06X,14,109,Oakland,1,True,True,B,SIDE SWIPE,,Saturday,,,,,False,False,True,,C,OTHER MOTOR VEHICLE,,1,0,A,DAYLIGHT,,,,,,,A,NO PEDESTRIANS INVOLVED,,A,21453A,,1,WEST ST,1,,,A,,,35TH ST,,,A,8/8/2024 4:51:57 PM,2/10/2025 2:38:48 PM,,,2,,,,,,,
3961423,16-057003,2,False,0109,10/26/2016 7:39:00 AM,739,32Y,14,109,Oakland,1,True,True,C,REAR END,,Wednesday,,,,,False,False,True,,E,PARKED MOTOR VEHICLE,,1,0,B,DUSK-DAWN,,,,,,,A,NO PEDESTRIANS INVOLVED,,A,22107,,1,MACARTHUR BL,2,,,A,W,16.0,99TH AV,F,,A,8/8/2024 4:51:56 PM,2/10/2025 2:38:48 PM,,,2,,,,,,,
3961419,16-055762,2,False,0109,10/19/2016 4:05:00 PM,1605,26X,14,109,Oakland,1,True,True,B,SIDE SWIPE,,Wednesday,,,,,False,False,False,,E,PARKED MOTOR VEHICLE,,0,0,A,DAYLIGHT,,,,,,,A,NO PEDESTRIANS INVOLVED,,A,21703,,1,50TH AV,2,,,A,N,300.0,SAN LEANDRO BL,F,,A,8/8/2024 4:51:55 PM,2/10/2025 2:38:48 PM,,,2,,,,,,,
3961415,16-029765,2,False,0109,6/3/2016 3:57:00 PM,1557,01X,14,109,Oakland,1,True,True,D,BROADSIDE,,Friday,,,,,False,False,True,,C,OTHER MOTOR VEHICLE,,0,0,A,DAYLIGHT,,,,,,,A,NO PEDESTRIANS INVOLVED,,A,22450A,,1,3RD ST,1,,,A,,,BRUSH ST,,,A,8/8/2024 4:51:55 PM,2/10/2025 2:38:47 PM,,,2,,,,,,,
3961406,16-047140,2,False,0109,9/5/2016 10:45:00 AM,1045,23X,14,109,Oakland,1,True,True,B,SIDE SWIPE,,Monday,,,M,,False,False,True,,E,PARKED MOTOR VEHICLE,,0,0,A,DAYLIGHT,,,,,,,A,NO PEDESTRIANS INVOLVED,,A,22350,,1,BOND ST,2,,,A,E,150.0,42ND AV,F,,D,8/8/2024 4:51:53 PM,2/10/2025 2:38:47 PM,,,2,,,,,,,
3961404,16-047594,2,False,0109,9/7/2016 4:54:00 PM,1654,30X,14,109,Oakland,1,True,True,C,REAR END,,Wednesday,,,M,,False,False,False,,C,OTHER MOTOR VEHICLE,,0,0,A,DAYLIGHT,,,,,,,A,NO PEDESTRIANS INVOLVED,,A,22350,,1,BANCROFT AV,2,,,A,E,50.0,77TH AV,F,,A,8/8/2024 4:51:53 PM,2/10/2025 2:38:47 PM,,,2,,,,,,,
3961399,16-045482,2,False,0109,8/27/2016 9:11:00 AM,911,02X,14,109,Oakland,1,True,True,B,SIDE SWIPE,,Saturday,,,M,,False,False,False,,C,OTHER MOTOR VEHICLE,,0,0,A,DAYLIGHT,,,,,,,A,NO PEDESTRIANS INVOLVED,,A,21804A,,1,8TH ST,1,,,A,W,100.0,FILBERT ST,F,,D,8/8/2024 4:51:52 PM,2/10/2025 2:38:47 PM,,,2,,,,,,,
3961395,16-046706,2,False,0109,9/2/2016 9:10:00 PM,2110,34X,14,109,Oakland,1,True,True,G,VEHICLE/PEDESTRAIN,,Friday,,,F,,False,False,False,,B,PEDESTRIAN,,1,0,C,DARK-STREET LIGHTS,,,,,,,D,CROSSING - NOT IN CROSSWALK,,A,21954A,,1,INTERNATIONAL BL,2,,,A,W,78.0,88TH AV,F,,B,8/8/2024 4:51:51 PM,2/10/2025 2:38:46 PM,,,2,,,,,,,
3961388,16-055362,2,False,0109,10/17/2016 7:50:00 PM,1950,27X,14,109,Oakland,1,True,True,D,BROADSIDE,,Monday,,,M,,False,False,False,,D,MOTOR VEHICLE ON OTHER ROADWAY,,0,0,C,DARK-STREET LIGHTS,,,,,,,A,NO PEDESTRIANS INVOLVED,,A,22450A,,1,57TH AV,2,,,A,N,3.0,E 17TH ST,F,,A,8/8/2024 4:51:50 PM,2/10/2025 2:38:46 PM,,,2,,,,,,,
3961385,16041818,2,False,0109,6/7/2016 8:52:00 PM,2052,03X,14,109,Oakland,1,True,True,D,BROADSIDE,,Tuesday,,,,,False,False,False,,C,OTHER MOTOR VEHICLE,,0,0,A,DAYLIGHT,,,,,,,,,,A,21453A,,1,7TH ST,1,,,A,,,MADISON ST,,,A,8/8/2024 4:51:50 PM,2/10/2025 2:38:46 PM,,,2,,,,,,,
3961110,16-055044,2,False,0109,10/16/2016 3:43:00 AM,343,23X,14,109,Oakland,1,True,True,E,HIT OBJECT,,Sunday,,,,,False,False,False,,I,FIXED OBJECT,,0,0,C,DARK-STREET LIGHTS,,,,,,,A,NO PEDESTRIANS INVOLVED,,A,23152A,,1,INTERNATIONAL BL,2,,,B,E,100.0,42ND AV,F,,A,8/8/2024 4:51:01 PM,2/10/2025 2:38:31 PM,,,2,,,,,,,
3961106,16-055582,2,False,0109,10/18/2016 9:15:00 PM,2115,30X,14,109,Oakland,1,True,True,B,SIDE SWIPE,,Tuesday,,,,,False,False,False,,E,PARKED MOTOR VEHICLE,,0,0,C,DARK-STREET LIGHTS,,,,,,,A,NO PEDESTRIANS INVOLVED,,A,23152A,,1,LOCUST ST,2,,,A,W,12.0,79TH AV,F,,D,8/8/2024 4:51:01 PM,2/10/2025 2:38:31 PM,,,2,,,,,,,
3961081,16-054822,2,False,0109,10/14/2016 7:47:00 PM,1947,22Y,14,109,Oakland,1,True,True,D,BROADSIDE,,Friday,,,F,,False,False,True,,C,OTHER MOTOR VEHICLE,,2,0,C,DARK-STREET LIGHTS,,,,,,,A,NO PEDESTRIANS INVOLVED,,A,21453A,,1,35TH AV,1,,,A,,,MACARTHUR BL,,,A,8/8/2024 4:50:57 PM,2/10/2025 2:38:30 PM,,,2,,,,,,,
3960884,16-054788,2,False,0109,10/14/2016 4:50:00 PM,1650,20X,14,109,Oakland,1,True,True,D,BROADSIDE,,Friday,,,,,False,False,False,,C,OTHER MOTOR VEHICLE,,2,0,A,DAYLIGHT,,,,,,,A,NO PEDESTRIANS INVOLVED,,A,21801A,,1,INTERNATIONAL BL,1,,,B,,,23RD AV,,,A,8/8/2024 4:50:23 PM,2/10/2025 2:38:19 PM,,,2,,,,,,,
3960880,16-057917,2,False,0109,10/30/2016 7:37:00 PM,1937,19X,14,109,Oakland,1,True,True,B,SIDE SWIPE,,Sunday,,,,,False,False,False,,C,OTHER MOTOR VEHICLE,,1,0,A,DAYLIGHT,,,,,,,A,NO PEDESTRIANS INVOLVED,,A,22102,,1,22ND AV,1,,,B,N,100.0,E 11TH ST,F,,D,8/8/2024 4:50:22 PM,2/10/2025 2:38:19 PM,,,2,,,,,,,
3960876,16-053566,2,False,0109,10/8/2016 2:08:00 PM,1408,24X,14,109,Oakland,1,True,True,C,REAR END,,Saturday,,,,,False,False,False,,E,PARKED MOTOR VEHICLE,,1,0,A,DAYLIGHT,,,,,,,A,NO PEDESTRIANS INVOLVED,,A,22107,,1,LYON AV,2,,,A,W,78.0,HARRINGTON AV,F,,A,8/8/2024 4:50:21 PM,2/10/2025 2:38:19 PM,,,2,,,,,,,
3960871,16-053340,2,False,0109,10/7/2016 10:39:00 AM,1039,33X,14,109,Oakland,1,True,True,C,REAR END,,Friday,,,,,False,False,False,,C,OTHER MOTOR VEHICLE,,1,0,A,DAYLIGHT,,,,,,,B,CROSSING IN CROSS WALK AT INTERSECTION,,A,22350,,1,INTERNATIONAL BL,2,,,A,,,84TH AV,,,D,8/8/2024 4:50:20 PM,2/10/2025 2:38:18 PM,,,2,,,,,,,
3960867,16-053009,2,False,0109,10/5/2016 2:35:00 PM,1435,,14,109,Oakland,1,True,True,C,REAR END,,Wednesday,,,,,False,False,False,,C,OTHER MOTOR VEHICLE,,1,0,A,DAYLIGHT,,,,,,,A,NO PEDESTRIANS INVOLVED,,A,22350,,1,SAN PABLO AV,1,,,A,S,10.0,STANFORD AV,F,,A,8/8/2024 4:50:20 PM,2/10/2025 2:38:18 PM,,,2,,,,,,,
3960847,16-057538,2,False,0109,10/28/2016 11:34:00 AM,1134,26X,14,109,Oakland,1,True,True,D,BROADSIDE,,Friday,,,,,False,False,True,,C,OTHER MOTOR VEHICLE,,3,0,A,DAYLIGHT,,,,,,,A,NO PEDESTRIANS INVOLVED,,A,22100A,,1,SAN LEANDRO ST,2,,,B,,,50TH AV,,,A,8/8/2024 4:50:17 PM,2/10/2025 2:38:17 PM,,,2,,,,,,,
3960843,16-057310,2,False,0109,10/27/2016 12:03:00 PM,1203,27X,14,109,Oakland,1,True,True,D,BROADSIDE,,Thursday,,,,,False,False,True,,C,OTHER MOTOR VEHICLE,,1,0,A,DAYLIGHT,,,,,,,A,NO PEDESTRIANS INVOLVED,,A,21453A,,,SEMINARY AV,2,,,B,,,E 17TH ST,,,A,8/8/2024 4:50:16 PM,2/10/2025 2:38:17 PM,,,2,,,,,,,
3960838,16-053576,2,False,0109,10/8/2016 3:03:00 PM,1503,07X,14,109,Oakland,1,True,True,E,HIT OBJECT,,Saturday,,,,,False,False,False,,I,FIXED OBJECT,,0,0,A,DAYLIGHT,,,,,,,A,NO PEDESTRIANS INVOLVED,,A,22107,,1,PERALTA ST,1,,,A,N,120.0,34TH ST,F,,D,8/8/2024 4:50:15 PM,2/10/2025 2:38:17 PM,,,2,,,,,,,
3960834,16-054174,2,False,0109,10/11/2016 2:30:00 PM,1430,22X,14,109,Oakland,1,True,True,B,SIDE SWIPE,,Tuesday,,,M,,False,False,True,,E,PARKED MOTOR VEHICLE,,0,0,A,DAYLIGHT,,,,,,,A,NO PEDESTRIANS INVOLVED,,A,22350,,1,LAUREL AV,1,,,A,E,100.0,KANSAS ST,F,,D,8/8/2024 4:50:14 PM,2/10/2025 2:38:16 PM,,,2,,,,,,,