collision-id,report-number,report-version,is-preliminary,ncic-code,crash-date-time,crash-time-description,beat,city-id,city-code,city-name,county-code,city-is-active,city-is-incorporated,collision-type-code,collision-type-description,collision-type-other-desc,day-of-week,dispatch-notified,has-photographs,hit-run,is-attachments-mailed,is-deleted,is-highway-related,is-tow-away,judicial-district,motor-vehicle-involved-with-code,motor-vehicle-involved-with-desc,motor-vehicle-involved-with-other-desc,number-injured,number-killed,lighting-code,lighting-description,latitude,longitude,milepost-direction,milepost-distance,milepost-marker,milepost-unit-of-measure,pedestrian-action-code,pedestrian-action-desc,prepared-date,primary-collision-factor-code,primary-collision-factor-description,primary-collision-factor-is-cited,primary-collision-party-number,primary-road,reporting-district,reporting-district-code,reviewed-date,roadway-surface-code,secondary-direction,secondary-distance,secondary-road,secondary-unit-of-measure,sketch-desc,traffic-control-device-code,created-date,modified-date,is-county-road,is-freeway,chp-555-version,is-additonal-object-struck,notification-date,notification-time-description,has-digital-media-files,evidence-number,is-location-refer-to-narrative,is-aoi-one-same-as-location
4015703,16-053470,2,False,0109,10/7/2016 9:00:00 PM,2100,21Y,14,109,Oakland,1,True,True,C,REAR END,,Friday,,,,,False,False,False,,C,OTHER MOTOR VEHICLE,,0,0,C,DARK-STREET LIGHTS,,,,,,,A,NO PEDESTRIANS INVOLVED,,A,22350,,1,FRUITVALE AV,1,,,A,N,10.0,E 29TH ST,F,,D,8/9/2024 8:51:08 AM,2/10/2025 4:54:23 PM,,,2,,,,,,,
4015661,16-059557,2,False,0109,11/8/2016 2:35:00 PM,1435,06X,14,109,Oakland,1,True,True,D,BROADSIDE,,Tuesday,,,,,False,False,False,,C,OTHER MOTOR VEHICLE,,2,0,A,DAYLIGHT,,,,,,,A,NO PEDESTRIANS INVOLVED,,A,22107,,1,32ND ST,1,,,A,E,20.0,SAN PABLO AV,F,,D,8/9/2024 8:51:05 AM,2/10/2025 4:54:22 PM,,,2,,,,,,,
4015624,16-044128,2,False,0109,8/20/2016 12:44:00 AM,44,32X,14,109,Oakland,1,True,True,B,SIDE SWIPE,,Saturday,,,,,False,False,False,,C,OTHER MOTOR VEHICLE,,0,0,C,DARK-STREET LIGHTS,,,,,,,A,NO PEDESTRIANS INVOLVED,,D,,,,MACARTHUR BL,2,,,A,,,98TH AV,,,A,8/9/2024 8:51:02 AM,2/10/2025 4:54:21 PM,,,2,,,,,,,
4015556,16-034970,2,False,0109,6/30/2016 11:30:00 AM,1130,27X,14,109,Oakland,1,True,True,D,BROADSIDE,,Thursday,,,,,False,False,True,,C,OTHER MOTOR VEHICLE,,2,0,A,DAYLIGHT,,,,,,,A,NO PEDESTRIANS INVOLVED,,A,22350,,1,FOOTHILL BL,2,,,A,,,51ST AV,,,A,8/9/2024 8:50:56 AM,2/10/2025 4:54:20 PM,,,2,,,,,,,
4015551,16-057989,2,False,0109,10/31/2016 8:28:00 AM,828,33X,14,109,Oakland,1,True,True,B,SIDE SWIPE,,Monday,,,M,,False,False,True,,C,OTHER MOTOR VEHICLE,,0,0,A,DAYLIGHT,,,,,,,A,NO PEDESTRIANS INVOLVED,,A,21801A,,1,98TH AV,2,,,A,,,A ST,,,D,8/9/2024 8:50:56 AM,2/10/2025 4:54:20 PM,,,2,,,,,,,
4015517,16-054982 2726,2,False,0109,10/15/2016 6:30:00 PM,1830,21Y,14,109,Oakland,1,True,True,D,BROADSIDE,,Saturday,,,,,False,False,False,,G,BICYCLE,,1,0,B,DUSK-DAWN,,,,,,,A,NO PEDESTRIANS INVOLVED,,A,21801A,,1,FRUITVALE AV,1,,,B,N,15.0,E 27TH ST,F,,A,8/9/2024 8:50:53 AM,2/10/2025 4:54:20 PM,,,2,,,,,,,
4015512,16-063266 2727,2,False,0109,11/29/2016 10:33:00 PM,2233,03X,14,109,Oakland,1,True,True,E,HIT OBJECT,,Tuesday,,,,,False,False,True,,I,FIXED OBJECT,,1,0,C,DARK-STREET LIGHTS,,,,,,,A,NO PEDESTRIANS INVOLVED,,A,22350,,1,7TH ST,1,,,A,,,HARRISON ST,,,A,8/9/2024 8:50:53 AM,2/10/2025 4:54:20 PM,,,2,,,,,,,
4015431,16-061449,2,False,0109,11/19/2016 7:29:00 PM,1929,17X,14,109,Oakland,1,True,True,G,VEHICLE/PEDESTRAIN,,Saturday,,,M,,False,False,False,,B,PEDESTRIAN,,1,0,C,DARK-STREET LIGHTS,,,,,,,B,CROSSING IN CROSS WALK AT INTERSECTION,,B,,,,E 17TH ST,1,,,A,,,5TH AV,,,A,8/9/2024 8:50:46 AM,2/10/2025 4:54:18 PM,,,2,,,,,,,
4015371,16-065066,2,False,0109,12/9/2016 7:20:00 PM,1920,10Y,14,109,Oakland,1,True,True,D,BROADSIDE,,Friday,,,,,False,False,False,,C,OTHER MOTOR VEHICLE,,3,0,C,DARK-STREET LIGHTS,,,,,,,A,NO PEDESTRIANS INVOLVED,,A,21802A,,1,54TH ST,1,,,A,,,MARTIN LUTHER KING JR WY,,,A,8/9/2024 8:50:42 AM,2/10/2025 4:54:17 PM,,,2,,,,,,,
4015366,16-067388,2,False,0109,12/23/2016 4:20:00 AM,420,08X,14,109,Oakland,1,True,True,G,VEHICLE/PEDESTRAIN,,Friday,,,F,,False,False,False,,B,PEDESTRIAN,,1,0,C,DARK-STREET LIGHTS,,,,,,,E,IN ROAD - INCLUDES SHOULDER,,A,22350,,1,TELEGRAPH AV,1,,,B,,,23RD ST,,,D,8/9/2024 8:50:41 AM,2/10/2025 4:54:17 PM,,,2,,,,,,,
4015294,16-036325,2,False,0109,7/7/2016 2:01:00 PM,1401,03Y,14,109,Oakland,1,True,True,D,BROADSIDE,,Thursday,,,,,False,False,False,,C,OTHER MOTOR VEHICLE,,0,0,A,DAYLIGHT,,,,,,,A,NO PEDESTRIANS INVOLVED,,A,21453A,,1,12TH ST,1,,,A,,,CASTRO ST,,,A,8/9/2024 8:50:37 AM,2/10/2025 4:54:16 PM,,,2,,,,,,,
4015286,16-020394 2472,2,False,0109,4/17/2016 9:49:00 PM,2149,23X,14,109,Oakland,1,True,True,D,BROADSIDE,,Sunday,,,,,False,False,True,,C,OTHER MOTOR VEHICLE,,5,0,A,DAYLIGHT,,,,,,,A,NO PEDESTRIANS INVOLVED,,A,23152A,,1,35TH AV,2,,,A,,,FOOTHILL BL,,,A,8/9/2024 8:50:36 AM,2/10/2025 4:54:15 PM,,,2,,,,,,,
4015283,16-065399,2,False,0109,12/11/2016 7:28:00 PM,1928,26Y,14,109,Oakland,1,True,True,B,SIDE SWIPE,,Sunday,,,M,,False,False,False,,E,PARKED MOTOR VEHICLE,,0,0,C,DARK-STREET LIGHTS,,,,,,,A,NO PEDESTRIANS INVOLVED,,A,22107,,1,INTERNATIONAL BL,2,,,A,E,100.0,72ND AV,F,,B,8/9/2024 8:50:36 AM,2/10/2025 4:54:16 PM,,,2,,,,,,,
4015280,16-067144,2,False,0109,12/21/2016 6:05:00 PM,1805,29X,14,109,Oakland,1,True,True,A,HEAD-ON,,Wednesday,,,M,,False,False,True,,E,PARKED MOTOR VEHICLE,,0,0,A,DAYLIGHT,,,,,,,A,NO PEDESTRIANS INVOLVED,,A,22107,,1,62ND AV,2,,,A,N,20.0,FOOTHILL BL,F,,A,8/9/2024 8:50:36 AM,2/10/2025 4:54:15 PM,,,2,,,,,,,
4015279,16-065326,2,False,0109,12/11/2016 8:22:00 AM,822,18X,14,109,Oakland,1,True,True,C,REAR END,,Sunday,,,M,,False,False,False,,E,PARKED MOTOR VEHICLE,,0,0,A,DAYLIGHT,,,,,,,A,NO PEDESTRIANS INVOLVED,,A,22106,,1,E 22ND ST,1,,,A,W,20.0,25TH AV,F,,D,8/9/2024 8:50:36 AM,2/10/2025 4:54:15 PM,,,2,,,,,,,
4015273,16-067150,2,False,0109,12/21/2016 6:50:00 PM,1850,23X,14,109,Oakland,1,True,True,D,BROADSIDE,,Wednesday,,,,,False,False,False,,G,BICYCLE,,0,0,C,DARK-STREET LIGHTS,,,,,,,A,NO PEDESTRIANS INVOLVED,,A,22350,,1,HIGH ST,2,,,A,,,INTERNATIONAL BL,,,A,8/9/2024 8:50:35 AM,2/10/2025 4:54:15 PM,,,2,,,,,,,
4015271,16-067336,2,False,0109,12/22/2016 7:10:00 PM,1910,34X,14,109,Oakland,1,True,True,C,REAR END,,Thursday,,,M,,False,False,True,,E,PARKED MOTOR VEHICLE,,0,0,C,DARK-STREET LIGHTS,,,,,,,A,NO PEDESTRIANS INVOLVED,,A,22107,,1,HOLLY ST,2,,,A,E,10.0,82ND AV,F,,A,8/9/2024 8:50:35 AM,2/10/2025 4:54:15 PM,,,2,,,,,,,
4015269,16-065020,2,False,0109,12/9/2016 11:40:00 AM,1140,03X,14,109,Oakland,1,True,True,B,SIDE SWIPE,,Friday,,,,,False,False,False,,C,OTHER MOTOR VEHICLE,,0,0,A,DAYLIGHT,,,,,,,A,NO PEDESTRIANS INVOLVED,,A,,,,9TH ST,1,,,A,,,WEBSTER ST,,,A,8/9/2024 8:50:35 AM,2/10/2025 4:54:15 PM,,,2,,,,,,,
4015268,16-064309,2,False,0109,12/5/2016 7:30:00 PM,1930,29X,14,109,Oakland,1,True,True,H,OTHER,,Monday,,,,,False,False,True,,I,FIXED OBJECT,,0,0,C,DARK-STREET LIGHTS,,,,,,,A,NO PEDESTRIANS INVOLVED,,C,,,,BRANN ST,2,,,A,E,2.0,HAVENSCOURT AV,F,,D,8/9/2024 8:50:35 AM,2/10/2025 4:54:15 PM,,,2,,,,,,,
4015267,16-065797,2,False,0109,12/13/2016 10:30:00 PM,2230,27Y,14,109,Oakland,1,True,True,B,SIDE SWIPE,,Tuesday,,,,,False,False,False,,E,PARKED MOTOR VEHICLE,,0,0,C,DARK-STREET LIGHTS,,,,,,,A,NO PEDESTRIANS INVOLVED,,A,23103A,,1,66TH AV,2,,,B,N,300.0,ARTHUR ST,F,,D,8/9/2024 8:50:35 AM,2/10/2025 4:54:15 PM,,,2,,,,,,,
4015266,16-067819,2,False,0109,12/24/2016 2:30:00 AM,230,04X,14,109,Oakland,1,True,True,A,HEAD-ON,,Saturday,,,F,,False,False,True,,E,PARKED MOTOR VEHICLE,,0,0,C,DARK-STREET LIGHTS,,,,,,,A,NO PEDESTRIANS INVOLVED,,A,21657,,1,LAKESIDE DR,1,,,A,E,100.0,MADISON ST,F,,D,8/9/2024 8:50:35 AM,2/10/2025 4:54:15 PM,,,2,,,,,,,
4015259,16-001167,2,False,0109,1/7/2016 12:30:00 PM,1230,06X,14,109,Oakland,1,True,True,B,SIDE SWIPE,,Thursday,,,,,False,False,False,,C,OTHER MOTOR VEHICLE,,0,0,A,DAYLIGHT,,,,,,,A,NO PEDESTRIANS INVOLVED,,A,21453A,,1,BROADWAY,1,,,A,,,21TH ST,,,A,8/9/2024 8:50:34 AM,2/10/2025 4:54:15 PM,,,2,,,,,,,
4015185,2016-00045005,2,False,0109,9/20/2016 6:00:00 AM,600,,14,109,Oakland,1,True,True,C,REAR END,,Tuesday,,,M,,False,False,True,,C,OTHER MOTOR VEHICLE,,0,0,C,DARK-STREET LIGHTS,,,,,,,A,NO PEDESTRIANS INVOLVED,,A,22350,,1,98TH AV,,,,A,E,25.0,SAN LEANDRO ST,F,,A,8/9/2024 8:50:29 AM,2/10/2025 4:54:14 PM,,,2,,,,,,,
4014973,16-064995,2,False,0109,12/9/2016 8:52:00 AM,852,18X,14,109,Oakland,1,True,True,D,BROADSIDE,,Friday,,,,,False,False,False,,C,OTHER MOTOR VEHICLE,,0,0,A,DAYLIGHT,,,,,,,A,NO PEDESTRIANS INVOLVED,,A,21801A,,1,COOLIDGE AV,1,,,B,,,E 23RD ST,,,A,8/9/2024 8:50:12 AM,2/10/2025 4:54:10 PM,,,2,,,,,,,
4014912,16-058541 2290,2,False,0109,11/3/2016 1:54:00 AM,154,03X,14,109,Oakland,1,True,True,D,BROADSIDE,,Thursday,,,F,,False,False,True,,C,OTHER MOTOR VEHICLE,,1,0,C,DARK-STREET LIGHTS,,,,,,,A,NO PEDESTRIANS INVOLVED,,A,21453A,,1,8TH ST,1,,,A,,,MADISON ST,,,A,8/9/2024 8:50:08 AM,2/10/2025 4:54:09 PM,,,2,,,,,,,
4014908,16-067121 2292,2,False,0109,12/21/2016 3:36:00 PM,1536,27X,14,109,Oakland,1,True,True,D,BROADSIDE,,Wednesday,,,F,,False,False,False,,C,OTHER MOTOR VEHICLE,,1,0,A,DAYLIGHT,,,,,,,A,NO PEDESTRIANS INVOLVED,,A,22450A,,1,BOND ST,2,,,A,,,46TH AV,,,A,8/9/2024 8:50:08 AM,2/10/2025 4:54:09 PM,,,2,,,,,,,
4014892,16-065098,2,False,0109,12/9/2016 10:26:00 PM,2226,31Y,14,109,Oakland,1,True,True,B,SIDE SWIPE,,Friday,,,M,,False,False,True,,E,PARKED MOTOR VEHICLE,,0,0,C,DARK-STREET LIGHTS,,,,,,,A,NO PEDESTRIANS INVOLVED,,A,22107,,1,98TH AV,2,,,B,N,25.0,AIRPORT ACCESS RD,F,,A,8/9/2024 8:50:06 AM,2/10/2025 4:54:09 PM,,,2,,,,,,,
4014891,16-065405,2,False,0109,12/11/2016 7:20:00 PM,1920,04X,14,109,Oakland,1,True,True,C,REAR END,,Sunday,,,M,,False,False,True,,C,OTHER MOTOR VEHICLE,,0,0,C,DARK-STREET LIGHTS,,,,,,,A,NO PEDESTRIANS INVOLVED,,A,22350,,1,14TH ST,1,,,A,W,150.0,FRANKLIN ST,F,,A,8/9/2024 8:50:06 AM,2/10/2025 4:54:09 PM,,,2,,,,,,,
4014886,16-060595,2,False,0109,11/14/2016 9:06:00 PM,2106,27X,14,109,Oakland,1,True,True,C,REAR END,,Monday,,,,,False,False,False,,E,PARKED MOTOR VEHICLE,,0,0,C,DARK-STREET LIGHTS,,,,,,,A,NO PEDESTRIANS INVOLVED,,A,22107,,1,62ND AV,2,,,A,N,50.0,INTERNATIONAL BL,F,,D,8/9/2024 8:50:06 AM,2/10/2025 4:54:09 PM,,,2,,,,,,,
4014880,16-049265 2289,2,False,0109,9/15/2016 10:00:00 PM,2200,27X,14,109,Oakland,1,True,True,G,VEHICLE/PEDESTRAIN,,Thursday,,,F,,False,False,False,,B,PEDESTRIAN,,1,0,A,DAYLIGHT,,,,,,,B,CROSSING IN CROSS WALK AT INTERSECTION,,A,21950A,,1,INTERNATIONAL BL,2,,,A,,,51ST AV,,,D,8/9/2024 8:50:05 AM,2/10/2025 4:54:09 PM,,,2,,,,,,,
4014879,16-062189,2,False,0109,11/23/2016 12:39:00 AM,39,29X,14,109,Oakland,1,True,True,A,HEAD-ON,,Wednesday,,,M,,False,False,True,,C,OTHER MOTOR VEHICLE,,0,0,C,DARK-STREET LIGHTS,,,,,,,A,NO PEDESTRIANS INVOLVED,,A,21460A,,1,73RD AV,2,,,B,N,150.0,HILLMONT DR,F,,D,8/9/2024 8:50:05 AM,2/10/2025 4:54:09 PM,,,2,,,,,,,
4014870,16-053003,2,False,0109,10/5/2016 5:03:00 PM,1703,23X,14,109,Oakland,1,True,True,C,REAR END,,Wednesday,,,,,False,False,False,,C,OTHER MOTOR VEHICLE,,0,0,A,DAYLIGHT,,,,,,,A,NO PEDESTRIANS INVOLVED,,A,22350,,1,HIGH ST,2,,,A,S,10.0,FOOTHILL BL,F,,A,8/9/2024 8:50:05 AM,2/10/2025 4:54:08 PM,,,2,,,,,,,
4014845,16-066790 2221,2,False,0109,12/19/2016 9:28:00 PM,2128,23X,14,109,Oakland,1,True,True,C,REAR END,,Monday,,,,,False,False,False,,C,OTHER MOTOR VEHICLE,,1,0,C,DARK-STREET LIGHTS,,,,,,,A,NO PEDESTRIANS INVOLVED,,A,23152A,,1,42ND AV,2,,,A,N,100.0,BANCROFT AV,F,,D,8/9/2024 8:50:03 AM,2/10/2025 4:54:08 PM,,,2,,,,,,,
4014839,16-068442 2308,2,False,0109,12/29/2016 5:34:00 PM,1734,17Y,14,109,Oakland,1,True,True,D,BROADSIDE,,Thursday,,,,,False,False,True,,C,OTHER MOTOR VEHICLE,,1,0,D,DARK-NO STREET LIGHTS,,,,,,,A,NO PEDESTRIANS INVOLVED,,A,21801A,,2,PARK BL,1,,,A,,,E 28TH ST,,,D,8/9/2024 8:50:02 AM,2/10/2025 4:54:08 PM,,,2,,,,,,,
4014837,16-066757 2273,2,False,0109,12/19/2016 6:07:00 PM,1807,19X,14,109,Oakland,1,True,True,H,OTHER,,Monday,,,M,,False,False,False,,G,BICYCLE,,1,0,C,DARK-STREET LIGHTS,,,,,,,A,NO PEDESTRIANS INVOLVED,,A,21800A,,1,1ST AV,1,,,A,,,LAKESHORE AV,,,A,8/9/2024 8:50:02 AM,2/10/2025 4:54:08 PM,,,2,,,,,,,
4014833,16-065090 2282,2,False,0109,12/9/2016 10:35:00 PM,2235,35X,14,109,Oakland,1,True,True,H,OTHER,,Friday,,,,,False,False,False,,A,NON-COLLISION,,1,0,C,DARK-STREET LIGHTS,,,,,,,A,NO PEDESTRIANS INVOLVED,,A,21651B,,1,BANCROFT AV,2,,,B,E,100.0,91ST AV,F,,A,8/9/2024 8:50:02 AM,2/10/2025 4:54:08 PM,,,2,,,,,,,
4014760,16-067794,2,False,0109,12/25/2016 10:30:00 PM,2230,20X,14,109,Oakland,1,True,True,B,SIDE SWIPE,,Sunday,,,M,,False,False,True,,E,PARKED MOTOR VEHICLE,,0,0,C,DARK-STREET LIGHTS,,,,,,,A,NO PEDESTRIANS INVOLVED,,A,22107,,1,E 16TH ST,1,,,B,W,15.0,28TH AV,F,,D,8/9/2024 8:49:56 AM,2/10/2025 4:54:07 PM,,,2,,,,,,,
4014744,16-064592,2,False,0109,12/7/2016 9:30:00 AM,930,08X,14,109,Oakland,1,True,True,G,VEHICLE/PEDESTRAIN,,Wednesday,,,,,False,False,False,,G,BICYCLE,,1,0,A,DAYLIGHT,,,,,,,A,NO PEDESTRIANS INVOLVED,,A,21453A,,1,27TH ST,1,,,A,E,2.0,HARRISON ST,F,,A,8/9/2024 8:49:55 AM,2/10/2025 4:54:06 PM,,,2,,,,,,,
4014736,16-067793,2,False,0109,12/25/2016 9:43:00 PM,2143,31Y,14,109,Oakland,1,True,True,A,HEAD-ON,,Sunday,,,,,False,False,True,,C,OTHER MOTOR VEHICLE,,0,0,C,DARK-STREET LIGHTS,,,,,,,A,NO PEDESTRIANS INVOLVED,,A,21801A,,1,98TH AV,2,,,A,,,MADDUX DR,,,A,8/9/2024 8:49:55 AM,2/10/2025 4:54:06 PM,,,2,,,,,,,
4014735,16-064252,2,False,0109,12/5/2016 12:30:00 PM,1230,23X,14,109,Oakland,1,True,True,D,BROADSIDE,,Monday,,,,,False,False,False,,C,OTHER MOTOR VEHICLE,,0,0,A,DAYLIGHT,,,,,,,A,NO PEDESTRIANS INVOLVED,,A,22107,,1,E 14TH ST,1,,,A,,,42ND AV,,,A,8/9/2024 8:49:54 AM,2/10/2025 4:54:06 PM,,,2,,,,,,,
4014734,16-063993,2,False,0109,12/3/2016 6:31:00 PM,1831,08X,14,109,Oakland,1,True,True,D,BROADSIDE,,Saturday,,,,,False,False,False,,C,OTHER MOTOR VEHICLE,,0,0,A,DAYLIGHT,,,,,,,A,NO PEDESTRIANS INVOLVED,,A,22107,,1,30TH ST,1,,,A,E,100.0,BROADWAY,F,,D,8/9/2024 8:49:54 AM,2/10/2025 4:54:06 PM,,,2,,,,,,,
4014731,16-046513,2,False,0109,9/1/2016 10:35:00 PM,2235,26X,14,109,Oakland,1,True,True,C,REAR END,,Thursday,,,,,False,False,False,,C,OTHER MOTOR VEHICLE,,0,0,C,DARK-STREET LIGHTS,,,,,,,A,NO PEDESTRIANS INVOLVED,,A,21703,,1,73RD AV,2,,,A,,,INTERNATIONAL BL,,,A,8/9/2024 8:49:54 AM,2/10/2025 4:54:06 PM,,,2,,,,,,,
4014730,16-064001,2,False,0109,12/3/2016 7:10:00 PM,1910,16Y,14,109,Oakland,1,True,True,D,BROADSIDE,,Saturday,,,M,,False,False,False,,C,OTHER MOTOR VEHICLE,,0,0,C,DARK-STREET LIGHTS,,,,,,,A,NO PEDESTRIANS INVOLVED,,A,21453A,,1,MACARTHUR BL,1,,,A,,,ARDLEY AV,,,A,8/9/2024 8:49:54 AM,2/10/2025 4:54:06 PM,,,2,,,,,,,
4014727,16-067358,2,False,0109,12/23/2016 9:30:00 PM,2130,31X,14,109,Oakland,1,True,True,B,SIDE SWIPE,,Friday,,,M,,False,False,False,,C,OTHER MOTOR VEHICLE,,0,0,C,DARK-STREET LIGHTS,,,,,,,A,NO PEDESTRIANS INVOLVED,,A,22107,,1,EMPIRE RD,2,,,A,S,6.0,CAIRO RD,F,,A,8/9/2024 8:49:54 AM,2/10/2025 4:54:06 PM,,,2,,,,,,,
4014723,16-064910,2,False,0109,12/8/2016 6:30:00 PM,1830,24X,14,109,Oakland,1,True,True,D,BROADSIDE,,Thursday,,,,,False,False,False,,C,OTHER MOTOR VEHICLE,,0,0,D,DARK-NO STREET LIGHTS,,,,,,,A,NO PEDESTRIANS INVOLVED,,A,21802A,,1,FOOTHILL BL,2,,,B,,,41ST AV,,,A,8/9/2024 8:49:53 AM,2/10/2025 4:54:06 PM,,,2,,,,,,,
4014718,16-064347,2,False,0109,12/6/2016 1:00:00 AM,100,30X,14,109,Oakland,1,True,True,B,SIDE SWIPE,,Tuesday,,,M,,False,False,False,,C,OTHER MOTOR VEHICLE,,0,0,C,DARK-STREET LIGHTS,,,,,,,A,NO PEDESTRIANS INVOLVED,,A,22107,,1,EDWARDS AV,2,,,A,N,25.0,HILLMONT,F,,D,8/9/2024 8:49:53 AM,2/10/2025 4:54:06 PM,,,2,,,,,,,
4014714,16-058905,2,False,0109,11/5/2016 1:00:00 AM,100,24Y,14,109,Oakland,1,True,True,D,BROADSIDE,,Saturday,,,M,,False,False,False,,C,OTHER MOTOR VEHICLE,,0,0,C,DARK-STREET LIGHTS,,,,,,,A,NO PEDESTRIANS INVOLVED,,A,21460A,,1,HIGH ST,2,,,A,,,ALLENDALE,,,D,8/9/2024 8:49:53 AM,2/10/2025 4:54:06 PM,,,2,,,,,,,
4014712,16-064295,2,False,0109,12/5/2016 5:54:00 PM,1754,32X,14,109,Oakland,1,True,True,C,REAR END,,Monday,,,,,False,False,True,,C,OTHER MOTOR VEHICLE,,1,0,C,DARK-STREET LIGHTS,,,,,,,A,NO PEDESTRIANS INVOLVED,,A,22350,,1,106TH AV,2,,,A,,,FOOTHILL BL,,,D,8/9/2024 8:49:53 AM,2/10/2025 4:54:06 PM,,,2,,,,,,,
4014710,16-067932,2,False,0109,12/26/2016 9:59:00 PM,2159,03,14,109,Oakland,1,True,True,D,BROADSIDE,,Monday,,,,,False,False,False,,G,BICYCLE,,1,0,C,DARK-STREET LIGHTS,,,,,,,A,NO PEDESTRIANS INVOLVED,,A,21453A,,1,12TH ST,1,,,A,,,LAKE MERRITT BL,,,A,8/9/2024 8:49:52 AM,2/10/2025 4:54:06 PM,,,2,,,,,,,
4014709,16-066759,2,False,0109,12/19/2016 5:10:00 PM,1710,07,14,109,Oakland,1,True,True,D,BROADSIDE,,Monday,,,,,False,False,False,,C,OTHER MOTOR VEHICLE,,2,0,A,DAYLIGHT,,,,,,,A,NO PEDESTRIANS INVOLVED,,A,22350,,1,MANDELA PKWY,1,,,A,,,34TH ST,,,D,8/9/2024 8:49:52 AM,2/10/2025 4:54:06 PM,,,2,,,,,,,
4014707,16-067079,2,False,0109,12/21/2016 10:59:00 AM,1059,13,14,109,Oakland,1,True,True,B,SIDE SWIPE,,Wednesday,,,,,False,False,False,,C,OTHER MOTOR VEHICLE,,2,0,A,DAYLIGHT,,,,,,,A,NO PEDESTRIANS INVOLVED,,A,22106,,1,MORAGA AV,1,,,A,,,THORNHILL DR,,,D,8/9/2024 8:49:52 AM,2/10/2025 4:54:06 PM,,,2,,,,,,,
4014688,16-064562,2,False,0109,12/7/2016 7:04:00 AM,704,29,14,109,Oakland,1,True,True,D,BROADSIDE,,Wednesday,,,,,False,False,False,,C,OTHER MOTOR VEHICLE,,2,0,A,DAYLIGHT,,,,,,,A,NO PEDESTRIANS INVOLVED,,A,22450A,,1,SEMINARY AV,2,,,A,,,BRANN ST,,,A,8/9/2024 8:49:51 AM,2/10/2025 4:54:05 PM,,,2,,,,,,,
4014680,16-064287,2,False,0109,12/5/2016 4:55:00 PM,1655,35X,14,109,Oakland,1,True,True,D,BROADSIDE,,Monday,,,,,False,False,False,,G,BICYCLE,,1,0,B,DUSK-DAWN,,,,,,,A,NO PEDESTRIANS INVOLVED,,A,22450A,,1,GOLF LINKS RD,2,,,A,,,SHETLAND AV,,,A,8/9/2024 8:49:50 AM,2/10/2025 4:54:05 PM,,,2,,,,,,,
4014462,16-058681,2,False,0109,11/3/2016 5:25:00 PM,1725,23X,14,109,Oakland,1,True,True,B,SIDE SWIPE,,Thursday,,,,,False,False,False,,C,OTHER MOTOR VEHICLE,,1,0,A,DAYLIGHT,,,,,,,A,NO PEDESTRIANS INVOLVED,,A,21804A,,1,FRUITVALE AV,2,,,A,S,50.0,INTERNATIONAL BL,F,,D,8/9/2024 8:49:35 AM,2/10/2025 4:54:02 PM,,,2,,,,,,,
4014456,16-063741,2,False,0109,12/2/2016 8:35:00 AM,835,07X,14,109,Oakland,1,True,True,D,BROADSIDE,,Friday,,,,,False,False,True,,C,OTHER MOTOR VEHICLE,,0,0,A,DAYLIGHT,,,,,,,A,NO PEDESTRIANS INVOLVED,,A,21453A,,,SAN PABLO AV,1,,,A,,,36TH ST,,,A,8/9/2024 8:49:34 AM,2/10/2025 4:54:02 PM,,,2,,,,,,,
4014453,16-066282,2,False,0109,12/16/2016 2:24:00 PM,1424,27Y,14,109,Oakland,1,True,True,B,SIDE SWIPE,,Friday,,,M,,False,False,True,,E,PARKED MOTOR VEHICLE,,0,0,A,DAYLIGHT,,,,,,,A,NO PEDESTRIANS INVOLVED,,A,22450,,1,COLE ST,2,,,A,N,50.0,BANCROFT AV,F,,D,8/9/2024 8:49:34 AM,2/10/2025 4:54:02 PM,,,2,,,,,,,
4014297,16-008901,2,False,0109,2/17/2016 3:56:00 PM,1556,03X,14,109,Oakland,1,True,True,B,SIDE SWIPE,,Wednesday,,,,,False,False,False,,C,OTHER MOTOR VEHICLE,,0,0,A,DAYLIGHT,,,,,,,A,NO PEDESTRIANS INVOLVED,,A,21453A,,,12TH,1,,,A,,,MADISON ST,,,A,8/9/2024 8:49:22 AM,2/10/2025 4:53:59 PM,,,2,,,,,,,
4014261,16-007422,2,False,0109,2/9/2016 1:13:00 PM,1313,27X,14,109,Oakland,1,True,True,B,SIDE SWIPE,,Tuesday,,,,,False,False,False,,C,OTHER MOTOR VEHICLE,,0,0,A,DAYLIGHT,,,,,,,A,NO PEDESTRIANS INVOLVED,,A,22106,,1,AVENAL AV,2,,,A,,,65TH AV,,,D,8/9/2024 8:49:19 AM,2/10/2025 4:53:58 PM,,,2,,,,,,,
4014223,16-065033,2,False,0109,12/9/2016 2:20:00 PM,1420,07X,14,109,Oakland,1,True,True,B,SIDE SWIPE,,Friday,,,M,,False,False,False,,C,OTHER MOTOR VEHICLE,,0,0,A,DAYLIGHT,,,,,,,A,NO PEDESTRIANS INVOLVED,,A,22100B,,1,ADELINE ST,1,,,B,,,24TH ST,,,D,8/9/2024 8:49:16 AM,2/10/2025 4:53:58 PM,,,2,,,,,,,
4014187,16-064129,2,False,0109,12/4/2016 3:31:00 PM,1531,23X,14,109,Oakland,1,True,True,B,SIDE SWIPE,,Sunday,,,,,False,False,False,,E,PARKED MOTOR VEHICLE,,0,0,A,DAYLIGHT,,,,,,,A,NO PEDESTRIANS INVOLVED,,A,23152A,,1,36TH AV,2,,,A,S,40.0,16TH ST,F,,D,8/9/2024 8:49:13 AM,2/10/2025 4:53:57 PM,,,2,,,,,,,
4014124,16-064354,2,False,0109,12/6/2016 2:27:00 AM,227,19X,14,109,Oakland,1,True,True,A,HEAD-ON,,Tuesday,,,,,False,False,True,,C,OTHER MOTOR VEHICLE,,4,0,C,DARK-STREET LIGHTS,,,,,,,A,NO PEDESTRIANS INVOLVED,,A,21460A,,1,INTERNATIONAL BL,1,,,A,E,70.0,MUNSON WY,F,,D,8/9/2024 8:49:08 AM,2/10/2025 4:53:56 PM,,,2,,,,,,,
4014117,16-061080,2,False,0109,11/17/2016 8:28:00 AM,828,23X,14,109,Oakland,1,True,True,D,BROADSIDE,,Thursday,,,,,False,False,False,,C,OTHER MOTOR VEHICLE,,0,0,A,DAYLIGHT,,,,,,,A,NO PEDESTRIANS INVOLVED,,A,21802A,,1,E 16TH ST,2,,,A,,,FRUITVALE AV,,,A,8/9/2024 8:49:08 AM,2/10/2025 4:53:56 PM,,,2,,,,,,,